hc,hu,rho
-1.0,-0.7,-0.009194417155912368
-0.962962962962963,-0.7,0.009706035705670784
-0.9259259259259259,-0.7,0.019989001899529325
-0.8888888888888888,-0.7,-0.011433522957086956
-0.8518518518518519,-0.7,-0.015016649105650268
-0.8148148148148149,-0.7,0.0037193366460596348
-0.7777777777777778,-0.7,-0.012091220866310771
-0.7407407407407407,-0.7,-0.0014888039035004155
-0.7037037037037037,-0.7,0.009656733621969543
-0.6666666666666667,-0.7,-0.006578299626645096
-0.6296296296296297,-0.7,0.0007966362369073252
-0.5925925925925926,-0.7,-0.050951141620621504
-0.5555555555555556,-0.7,-0.0006220024664226331
-0.5185185185185186,-0.7,-0.019022520209453112
-0.4814814814814815,-0.7,-0.03084246666470794
-0.4444444444444444,-0.7,-0.019050136930395853
-0.40740740740740744,-0.7,-0.03457424872199549
-0.37037037037037046,-0.7,-0.034188025150643765
-0.33333333333333337,-0.7,-0.04692266180295533
-0.2962962962962963,-0.7,-0.025481706723919865
-0.2592592592592593,-0.7,-0.03584934058088527
-0.22222222222222232,-0.7,-0.02674137670802986
-0.18518518518518523,-0.7,-0.0018760413243663742
-0.14814814814814814,-0.7,-0.012320566429531884
-0.11111111111111116,-0.7,-0.03161505026007112
-0.07407407407407418,-0.7,-0.004540513568175672
-0.03703703703703709,-0.7,0.004590946294044091
0.0,-0.7,-0.008952790527171304
0.03703703703703698,-0.7,-0.008093165897410754
0.07407407407407396,-0.7,-0.008967738714146235
0.11111111111111116,-0.7,-0.02150305063746718
0.14814814814814814,-0.7,0.010324228074160053
0.18518518518518512,-0.7,0.002582836104222379
0.2222222222222221,-0.7,-0.00490726724059172
0.2592592592592591,-0.7,-0.0035937821024166284
0.2962962962962963,-0.7,-0.004355124017964842
0.33333333333333326,-0.7,0.02099332012172358
0.37037037037037024,-0.7,-0.005319965710314313
0.40740740740740744,-0.7,-0.02608287009785059
0.4444444444444444,-0.7,0.002083445720516922
0.4814814814814814,-0.7,0.013800924778216133
0.5185185185185184,-0.7,0.010734700142702086
0.5555555555555554,-0.7,-0.005051067331333973
0.5925925925925926,-0.7,-0.023611836130352205
0.6296296296296295,-0.7,0.03233176466735597
0.6666666666666665,-0.7,-0.013891641703796035
0.7037037037037037,-0.7,0.0030262041837447245
0.7407407407407407,-0.7,-0.0015418285697498977
0.7777777777777777,-0.7,-0.00916334048484658
0.8148148148148147,-0.7,-0.005954829357922125
0.8518518518518516,-0.7,-0.016426289079832252
0.8888888888888888,-0.7,-0.013547559382903331
0.9259259259259258,-0.7,-0.007765734570457253
0.9629629629629628,-0.7,-0.002186577181449408
1.0,-0.7,0.036341181328927344
-1.0,-0.674074074074074,-0.027344641961397097
-0.962962962962963,-0.674074074074074,0.003586262375120209
-0.9259259259259259,-0.674074074074074,-0.013501800312614857
-0.8888888888888888,-0.674074074074074,-0.02171924740830767
-0.8518518518518519,-0.674074074074074,-0.038340866988742124
-0.8148148148148149,-0.674074074074074,-0.01896022034939634
-0.7777777777777778,-0.674074074074074,-0.03482775861624403
-0.7407407407407407,-0.674074074074074,-0.015883437801004464
-0.7037037037037037,-0.674074074074074,-0.015688961647900387
-0.6666666666666667,-0.674074074074074,-0.04007743166305114
-0.6296296296296297,-0.674074074074074,-0.005168559065255332
-0.5925925925925926,-0.674074074074074,-0.025504019325676624
-0.5555555555555556,-0.674074074074074,-0.022816618327107484
-0.5185185185185186,-0.674074074074074,-0.019181518913642722
-0.4814814814814815,-0.674074074074074,-0.029262706305919043
-0.4444444444444444,-0.674074074074074,-0.007762188649253557
-0.40740740740740744,-0.674074074074074,0.0013231103061886011
-0.37037037037037046,-0.674074074074074,-0.01991540521095278
-0.33333333333333337,-0.674074074074074,-0.007987333225786989
-0.2962962962962963,-0.674074074074074,0.007490677023051107
-0.2592592592592593,-0.674074074074074,-0.009764804793830961
-0.22222222222222232,-0.674074074074074,-0.022495041167513226
-0.18518518518518523,-0.674074074074074,0.0001376498752577067
-0.14814814814814814,-0.674074074074074,-0.01469128279541247
-0.11111111111111116,-0.674074074074074,-0.01834129640366358
-0.07407407407407418,-0.674074074074074,-0.03599718661402916
-0.03703703703703709,-0.674074074074074,-0.01072162272277441
0.0,-0.674074074074074,-0.024428015946096275
0.03703703703703698,-0.674074074074074,-0.006404876692583219
0.07407407407407396,-0.674074074074074,-0.0408353693254758
0.11111111111111116,-0.674074074074074,-0.025600407722808825
0.14814814814814814,-0.674074074074074,0.01574984497274764
0.18518518518518512,-0.674074074074074,0.02125628790523501
0.2222222222222221,-0.674074074074074,0.001463213967478361
0.2592592592592591,-0.674074074074074,0.0011299769011156747
0.2962962962962963,-0.674074074074074,-0.037537277001351135
0.33333333333333326,-0.674074074074074,0.005545926483417558
0.37037037037037024,-0.674074074074074,-0.011228306211989647
0.40740740740740744,-0.674074074074074,-0.03347334777255305
0.4444444444444444,-0.674074074074074,-0.015506363455767605
0.4814814814814814,-0.674074074074074,-0.01602217431907014
0.5185185185185184,-0.674074074074074,0.010701309679803534
0.5555555555555554,-0.674074074074074,0.003687891053899651
0.5925925925925926,-0.674074074074074,0.03743456164436378
0.6296296296296295,-0.674074074074074,0.02384751587242687
0.6666666666666665,-0.674074074074074,0.002623842826466421
0.7037037037037037,-0.674074074074074,0.009878596145544791
0.7407407407407407,-0.674074074074074,-0.01707952516492535
0.7777777777777777,-0.674074074074074,0.014610257157171104
0.8148148148148147,-0.674074074074074,-0.0035079160520779342
0.8518518518518516,-0.674074074074074,0.004152021893581265
0.8888888888888888,-0.674074074074074,0.006763183321368609
0.9259259259259258,-0.674074074074074,0.00226901654807768
0.9629629629629628,-0.674074074074074,-0.004868332050601202
1.0,-0.674074074074074,0.012575008856580933
-1.0,-0.6481481481481481,-0.0026565469275644966
-0.962962962962963,-0.6481481481481481,-0.05424235486709993
-0.9259259259259259,-0.6481481481481481,-0.026583396875585828
-0.8888888888888888,-0.6481481481481481,-0.021551846898812857
-0.8518518518518519,-0.6481481481481481,-0.029060978910535846
-0.8148148148148149,-0.6481481481481481,-0.019120637942505805
-0.7777777777777778,-0.6481481481481481,-0.009874087861368354
-0.7407407407407407,-0.6481481481481481,-0.021989692403462328
-0.7037037037037037,-0.6481481481481481,-0.0276998407426647
-0.6666666666666667,-0.6481481481481481,-0.01045695596497083
-0.6296296296296297,-0.6481481481481481,-0.02136970915870212
-0.5925925925925926,-0.6481481481481481,-0.023164061374184943
-0.5555555555555556,-0.6481481481481481,0.0035761367910569775
-0.5185185185185186,-0.6481481481481481,-0.011700880278047648
-0.4814814814814815,-0.6481481481481481,-0.04368846943325372
-0.4444444444444444,-0.6481481481481481,-0.007927027090208774
-0.40740740740740744,-0.6481481481481481,-0.03933899803346075
-0.37037037037037046,-0.6481481481481481,-0.0245500704213526
-0.33333333333333337,-0.6481481481481481,-0.05564300054116432
-0.2962962962962963,-0.6481481481481481,-0.01133607236752672
-0.2592592592592593,-0.6481481481481481,-0.05234457319189701
-0.22222222222222232,-0.6481481481481481,-0.01800005259598273
-0.18518518518518523,-0.6481481481481481,0.008616552954439874
-0.14814814814814814,-0.6481481481481481,-0.012781930957537296
-0.11111111111111116,-0.6481481481481481,-0.020042028882241502
-0.07407407407407418,-0.6481481481481481,-0.03436497455905935
-0.03703703703703709,-0.6481481481481481,-0.021993953240808835
0.0,-0.6481481481481481,-0.0021026992346935523
0.03703703703703698,-0.6481481481481481,-0.049569133525117666
0.07407407407407396,-0.6481481481481481,-0.028975327481168045
0.11111111111111116,-0.6481481481481481,0.008264802881740155
0.14814814814814814,-0.6481481481481481,-0.016134785233752013
0.18518518518518512,-0.6481481481481481,0.009772986992376869
0.2222222222222221,-0.6481481481481481,0.0037768421721363172
0.2592592592592591,-0.6481481481481481,-0.018298400039047587
0.2962962962962963,-0.6481481481481481,-0.0055726609607750065
0.33333333333333326,-0.6481481481481481,0.019449665740261794
0.37037037037037024,-0.6481481481481481,-0.0060447101797251835
0.40740740740740744,-0.6481481481481481,-0.0006568920929195337
0.4444444444444444,-0.6481481481481481,0.008962907963465182
0.4814814814814814,-0.6481481481481481,-0.007225338294227517
0.5185185185185184,-0.6481481481481481,-0.002631193734241669
0.5555555555555554,-0.6481481481481481,0.009828788760323632
0.5925925925925926,-0.6481481481481481,-0.0006650675016298228
0.6296296296296295,-0.6481481481481481,0.002363885974346929
0.6666666666666665,-0.6481481481481481,0.012537644766939303
0.7037037037037037,-0.6481481481481481,0.030625334791258
0.7407407407407407,-0.6481481481481481,0.001954331485266946
0.7777777777777777,-0.6481481481481481,-0.006181043806328973
0.8148148148148147,-0.6481481481481481,0.04818326424060603
0.8518518518518516,-0.6481481481481481,0.017829938136131953
0.8888888888888888,-0.6481481481481481,-0.026486786215890738
0.9259259259259258,-0.6481481481481481,-0.0048298742413890264
0.9629629629629628,-0.6481481481481481,-0.02284744454776831
1.0,-0.6481481481481481,0.013859189495480316
-1.0,-0.6222222222222222,-0.03598429521702463
-0.962962962962963,-0.6222222222222222,-0.02735622075797266
-0.9259259259259259,-0.6222222222222222,0.003725436599052133
-0.8888888888888888,-0.6222222222222222,-0.033783715481236515
-0.8518518518518519,-0.6222222222222222,-0.025563170927518093
-0.8148148148148149,-0.6222222222222222,-0.02186763957001528
-0.7777777777777778,-0.6222222222222222,-0.013534149531385254
-0.7407407407407407,-0.6222222222222222,-0.014546796070586527
-0.7037037037037037,-0.6222222222222222,-0.009194088792656242
-0.6666666666666667,-0.6222222222222222,-0.04381821027115961
-0.6296296296296297,-0.6222222222222222,-0.028122779732020316
-0.5925925925925926,-0.6222222222222222,-0.0627543993116808
-0.5555555555555556,-0.6222222222222222,-0.03711148229344757
-0.5185185185185186,-0.6222222222222222,-0.040700649233379155
-0.4814814814814815,-0.6222222222222222,-0.010941335440029
-0.4444444444444444,-0.6222222222222222,-0.03327148154762863
-0.40740740740740744,-0.6222222222222222,-0.04361092202731157
-0.37037037037037046,-0.6222222222222222,-0.04314794022162919
-0.33333333333333337,-0.6222222222222222,-0.050659034965485863
-0.2962962962962963,-0.6222222222222222,-0.04332380761099937
-0.2592592592592593,-0.6222222222222222,-0.04502158817533609
-0.22222222222222232,-0.6222222222222222,-0.033019050114456654
-0.18518518518518523,-0.6222222222222222,-0.039995472507359506
-0.14814814814814814,-0.6222222222222222,-0.02859241723415788
-0.11111111111111116,-0.6222222222222222,-0.01072710551303178
-0.07407407407407418,-0.6222222222222222,-0.04186093282498368
-0.03703703703703709,-0.6222222222222222,-0.033745110358839786
0.0,-0.6222222222222222,-0.039162060170560266
0.03703703703703698,-0.6222222222222222,0.014628889128293573
0.07407407407407396,-0.6222222222222222,0.011586316723095465
0.11111111111111116,-0.6222222222222222,-0.003941956712024692
0.14814814814814814,-0.6222222222222222,-0.008477098866549307
0.18518518518518512,-0.6222222222222222,-0.02162247136424688
0.2222222222222221,-0.6222222222222222,0.010628023443983644
0.2592592592592591,-0.6222222222222222,-0.0014716019270738063
0.2962962962962963,-0.6222222222222222,0.005288028947795885
0.33333333333333326,-0.6222222222222222,0.0018401886899846662
0.37037037037037024,-0.6222222222222222,-0.04244626061753089
0.40740740740740744,-0.6222222222222222,-0.02276433622993446
0.4444444444444444,-0.6222222222222222,-0.004254627669829366
0.4814814814814814,-0.6222222222222222,0.01263854693815718
0.5185185185185184,-0.6222222222222222,-0.010508455976174226
0.5555555555555554,-0.6222222222222222,0.008062949296530925
0.5925925925925926,-0.6222222222222222,7.686439233221213e-05
0.6296296296296295,-0.6222222222222222,-0.01149985419687729
0.6666666666666665,-0.6222222222222222,0.015284291264381019
0.7037037037037037,-0.6222222222222222,-0.012152219691524278
0.7407407407407407,-0.6222222222222222,-0.01452625236461999
0.7777777777777777,-0.6222222222222222,0.030640238299409088
0.8148148148148147,-0.6222222222222222,0.027006832732615057
0.8518518518518516,-0.6222222222222222,0.008123210050528355
0.8888888888888888,-0.6222222222222222,0.021831635721211846
0.9259259259259258,-0.6222222222222222,-0.006647848416659854
0.9629629629629628,-0.6222222222222222,-0.0005506527272088851
1.0,-0.6222222222222222,0.009039133652321608
-1.0,-0.5962962962962962,-0.01647083687415993
-0.962962962962963,-0.5962962962962962,-0.016183651072116174
-0.9259259259259259,-0.5962962962962962,-0.04786561197044735
-0.8888888888888888,-0.5962962962962962,-0.015313004304563848
-0.8518518518518519,-0.5962962962962962,-0.049684827475248064
-0.8148148148148149,-0.5962962962962962,-0.03601269997023841
-0.7777777777777778,-0.5962962962962962,0.002989441148133841
-0.7407407407407407,-0.5962962962962962,-0.02392685968954708
-0.7037037037037037,-0.5962962962962962,-0.04907312871076419
-0.6666666666666667,-0.5962962962962962,-0.03778526592909872
-0.6296296296296297,-0.5962962962962962,-0.055930511928436524
-0.5925925925925926,-0.5962962962962962,-0.05627376852210855
-0.5555555555555556,-0.5962962962962962,-0.05950529591445134
-0.5185185185185186,-0.5962962962962962,-0.05277609105138448
-0.4814814814814815,-0.5962962962962962,-0.04766963871794268
-0.4444444444444444,-0.5962962962962962,-0.03765804475583724
-0.40740740740740744,-0.5962962962962962,-0.013389351752543681
-0.37037037037037046,-0.5962962962962962,-0.03879980761123575
-0.33333333333333337,-0.5962962962962962,-0.04064552530679385
-0.2962962962962963,-0.5962962962962962,-0.06089843372040176
-0.2592592592592593,-0.5962962962962962,-0.0216043713492163
-0.22222222222222232,-0.5962962962962962,-0.03699885569603466
-0.18518518518518523,-0.5962962962962962,-0.012168888826644388
-0.14814814814814814,-0.5962962962962962,-0.03220134065340727
-0.11111111111111116,-0.5962962962962962,-0.004597733553850607
-0.07407407407407418,-0.5962962962962962,-0.03609389735292932
-0.03703703703703709,-0.5962962962962962,-0.029747687075060383
0.0,-0.5962962962962962,-0.023892705221283915
0.03703703703703698,-0.5962962962962962,-0.021634931291974337
0.07407407407407396,-0.5962962962962962,-0.009425607049495079
0.11111111111111116,-0.5962962962962962,-0.00827124554039116
0.14814814814814814,-0.5962962962962962,-0.038861233236877214
0.18518518518518512,-0.5962962962962962,-0.023474631570537828
0.2222222222222221,-0.5962962962962962,-0.01594880401959697
0.2592592592592591,-0.5962962962962962,0.007480047470014054
0.2962962962962963,-0.5962962962962962,-0.004435972957822151
0.33333333333333326,-0.5962962962962962,0.013171093346896284
0.37037037037037024,-0.5962962962962962,0.014224714606000256
0.40740740740740744,-0.5962962962962962,0.008958552482561256
0.4444444444444444,-0.5962962962962962,-0.02383744614288446
0.4814814814814814,-0.5962962962962962,0.037935423870840555
0.5185185185185184,-0.5962962962962962,0.01664267899080151
0.5555555555555554,-0.5962962962962962,0.0020926805682590383
0.5925925925925926,-0.5962962962962962,0.015997033915233785
0.6296296296296295,-0.5962962962962962,0.0038029268280635924
0.6666666666666665,-0.5962962962962962,0.012267348007329919
0.7037037037037037,-0.5962962962962962,-0.001546554545461213
0.7407407407407407,-0.5962962962962962,0.043106219864907404
0.7777777777777777,-0.5962962962962962,0.006277610650209723
0.8148148148148147,-0.5962962962962962,0.016773745633574245
0.8518518518518516,-0.5962962962962962,-0.0005484891237083405
0.8888888888888888,-0.5962962962962962,0.022003862395400163
0.9259259259259258,-0.5962962962962962,0.031141392126235512
0.9629629629629628,-0.5962962962962962,0.012260479631537211
1.0,-0.5962962962962962,-0.003690919208846643
-1.0,-0.5703703703703703,-0.018932232147311514
-0.962962962962963,-0.5703703703703703,-0.029001426544289385
-0.9259259259259259,-0.5703703703703703,-0.017085531848393745
-0.8888888888888888,-0.5703703703703703,-0.029253470274925617
-0.8518518518518519,-0.5703703703703703,-0.0316850525347288
-0.8148148148148149,-0.5703703703703703,-0.043005786437731175
-0.7777777777777778,-0.5703703703703703,-0.04719361566554819
-0.7407407407407407,-0.5703703703703703,-0.045982179695022184
-0.7037037037037037,-0.5703703703703703,-0.029603447831469655
-0.6666666666666667,-0.5703703703703703,-0.05197235399628007
-0.6296296296296297,-0.5703703703703703,-0.044861336616905854
-0.5925925925925926,-0.5703703703703703,-0.06279084079433961
-0.5555555555555556,-0.5703703703703703,-0.06224826810752391
-0.5185185185185186,-0.5703703703703703,-0.07667485665642444
-0.4814814814814815,-0.5703703703703703,-0.062063977937333765
-0.4444444444444444,-0.5703703703703703,-0.06953619305534815
-0.40740740740740744,-0.5703703703703703,-0.09311145978150973
-0.37037037037037046,-0.5703703703703703,-0.07262880892564973
-0.33333333333333337,-0.5703703703703703,-0.08044026485752173
-0.2962962962962963,-0.5703703703703703,-0.060285649949992526
-0.2592592592592593,-0.5703703703703703,-0.05978720462620204
-0.22222222222222232,-0.5703703703703703,-0.03150932610226115
-0.18518518518518523,-0.5703703703703703,-0.045506154047353864
-0.14814814814814814,-0.5703703703703703,-0.05270999771472243
-0.11111111111111116,-0.5703703703703703,-0.046627296567281755
-0.07407407407407418,-0.5703703703703703,-0.04229306119375656
-0.03703703703703709,-0.5703703703703703,-0.03885862916511819
0.0,-0.5703703703703703,-0.0199641406840111
0.03703703703703698,-0.5703703703703703,-0.03132771703829846
0.07407407407407396,-0.5703703703703703,-0.014346843640423882
0.11111111111111116,-0.5703703703703703,0.0010605533273830917
0.14814814814814814,-0.5703703703703703,-0.017738647891290253
0.18518518518518512,-0.5703703703703703,-0.006260349657876766
0.2222222222222221,-0.5703703703703703,0.02274379169268462
0.2592592592592591,-0.5703703703703703,0.008599642350443318
0.2962962962962963,-0.5703703703703703,-0.0014354933271364377
0.33333333333333326,-0.5703703703703703,0.015313785473442726
0.37037037037037024,-0.5703703703703703,0.004537180822475664
0.40740740740740744,-0.5703703703703703,-0.002492756911297732
0.4444444444444444,-0.5703703703703703,0.024150077482855567
0.4814814814814814,-0.5703703703703703,-0.001844257463399725
0.5185185185185184,-0.5703703703703703,0.0023733421535246206
0.5555555555555554,-0.5703703703703703,0.0104276823592544
0.5925925925925926,-0.5703703703703703,0.025235987190480473
0.6296296296296295,-0.5703703703703703,0.022221109063515487
0.6666666666666665,-0.5703703703703703,0.0027222925166975956
0.7037037037037037,-0.5703703703703703,0.011181481116485648
0.7407407407407407,-0.5703703703703703,0.005425337585079724
0.7777777777777777,-0.5703703703703703,0.022349964598665523
0.8148148148148147,-0.5703703703703703,0.01381075604583836
0.8518518518518516,-0.5703703703703703,-0.002016667372599824
0.8888888888888888,-0.5703703703703703,0.019799755387183475
0.9259259259259258,-0.5703703703703703,-0.013194063967232649
0.9629629629629628,-0.5703703703703703,0.00019605362906134106
1.0,-0.5703703703703703,-0.023691705274410495
-1.0,-0.5444444444444444,-0.018486104770127153
-0.962962962962963,-0.5444444444444444,-0.04003382372061256
-0.9259259259259259,-0.5444444444444444,-0.033674133920862034
-0.8888888888888888,-0.5444444444444444,-0.006941381498500432
-0.8518518518518519,-0.5444444444444444,-0.0474659805779175
-0.8148148148148149,-0.5444444444444444,-0.052408380519158845
-0.7777777777777778,-0.5444444444444444,-0.06800491482599848
-0.7407407407407407,-0.5444444444444444,-0.05977100091139524
-0.7037037037037037,-0.5444444444444444,-0.07367269422442187
-0.6666666666666667,-0.5444444444444444,-0.06159669464958644
-0.6296296296296297,-0.5444444444444444,-0.0649920371941008
-0.5925925925925926,-0.5444444444444444,-0.07050174460375022
-0.5555555555555556,-0.5444444444444444,-0.07947091886196168
-0.5185185185185186,-0.5444444444444444,-0.07959651404863156
-0.4814814814814815,-0.5444444444444444,-0.07849317595274972
-0.4444444444444444,-0.5444444444444444,-0.07990217229698325
-0.40740740740740744,-0.5444444444444444,-0.06909926525908222
-0.37037037037037046,-0.5444444444444444,-0.085937900764959
-0.33333333333333337,-0.5444444444444444,-0.07733817456344196
-0.2962962962962963,-0.5444444444444444,-0.0649928060513642
-0.2592592592592593,-0.5444444444444444,-0.04224460198241972
-0.22222222222222232,-0.5444444444444444,-0.058943095184839166
-0.18518518518518523,-0.5444444444444444,-0.062139999337727
-0.14814814814814814,-0.5444444444444444,-0.058304144163217865
-0.11111111111111116,-0.5444444444444444,-0.02746759142285403
-0.07407407407407418,-0.5444444444444444,-0.0536740286432869
-0.03703703703703709,-0.5444444444444444,-0.047597672826539254
0.0,-0.5444444444444444,-0.03574448533468247
0.03703703703703698,-0.5444444444444444,-0.039519249571760555
0.07407407407407396,-0.5444444444444444,-0.027301906377432766
0.11111111111111116,-0.5444444444444444,-0.010978746428816816
0.14814814814814814,-0.5444444444444444,-0.014974966073838646
0.18518518518518512,-0.5444444444444444,-0.03451302582853264
0.2222222222222221,-0.5444444444444444,0.004115474641233207
0.2592592592592591,-0.5444444444444444,0.014632000439460528
0.2962962962962963,-0.5444444444444444,-0.0016523623918260196
0.33333333333333326,-0.5444444444444444,0.036796001228232
0.37037037037037024,-0.5444444444444444,0.01536247953502472
0.40740740740740744,-0.5444444444444444,0.018828782379333626
0.4444444444444444,-0.5444444444444444,-0.0036168897687472897
0.4814814814814814,-0.5444444444444444,0.05285435708174647
0.5185185185185184,-0.5444444444444444,0.04848720165834396
0.5555555555555554,-0.5444444444444444,0.03749508268711901
0.5925925925925926,-0.5444444444444444,0.04398401065026187
0.6296296296296295,-0.5444444444444444,0.007743199179870439
0.6666666666666665,-0.5444444444444444,0.009226996019361122
0.7037037037037037,-0.5444444444444444,0.02274706067426569
0.7407407407407407,-0.5444444444444444,0.01610894016658891
0.7777777777777777,-0.5444444444444444,-0.0021298555609962667
0.8148148148148147,-0.5444444444444444,0.01624552380407404
0.8518518518518516,-0.5444444444444444,0.024823448814770478
0.8888888888888888,-0.5444444444444444,0.007439622775445248
0.9259259259259258,-0.5444444444444444,0.031693544113227154
0.9629629629629628,-0.5444444444444444,0.013796506067151541
1.0,-0.5444444444444444,0.001024826357555921
-1.0,-0.5185185185185185,-0.047594223621379945
-0.962962962962963,-0.5185185185185185,-0.058776564005739086
-0.9259259259259259,-0.5185185185185185,-0.03553680093489141
-0.8888888888888888,-0.5185185185185185,-0.07557619265069389
-0.8518518518518519,-0.5185185185185185,-0.05151568167816695
-0.8148148148148149,-0.5185185185185185,-0.05716422113387712
-0.7777777777777778,-0.5185185185185185,-0.09046453784851473
-0.7407407407407407,-0.5185185185185185,-0.06675054288195749
-0.7037037037037037,-0.5185185185185185,-0.07862995975900318
-0.6666666666666667,-0.5185185185185185,-0.05636542904926872
-0.6296296296296297,-0.5185185185185185,-0.079634085747582
-0.5925925925925926,-0.5185185185185185,-0.09083070024822026
-0.5555555555555556,-0.5185185185185185,-0.08231302997950486
-0.5185185185185186,-0.5185185185185185,-0.07195036457915839
-0.4814814814814815,-0.5185185185185185,-0.10425516117117634
-0.4444444444444444,-0.5185185185185185,-0.10263789885169994
-0.40740740740740744,-0.5185185185185185,-0.07733291406623982
-0.37037037037037046,-0.5185185185185185,-0.05742421638061988
-0.33333333333333337,-0.5185185185185185,-0.10456865459400147
-0.2962962962962963,-0.5185185185185185,-0.057994323544858395
-0.2592592592592593,-0.5185185185185185,-0.06933134527887005
-0.22222222222222232,-0.5185185185185185,-0.0594002011052851
-0.18518518518518523,-0.5185185185185185,-0.0567732734841917
-0.14814814814814814,-0.5185185185185185,-0.06579007931127817
-0.11111111111111116,-0.5185185185185185,-0.06196377248904096
-0.07407407407407418,-0.5185185185185185,-0.013141228762467816
-0.03703703703703709,-0.5185185185185185,-0.058662024406402155
0.0,-0.5185185185185185,-0.030697185663138386
0.03703703703703698,-0.5185185185185185,-0.002756709673166418
0.07407407407407396,-0.5185185185185185,-0.019781523596811658
0.11111111111111116,-0.5185185185185185,-0.00018657476465254973
0.14814814814814814,-0.5185185185185185,-0.004029349315109423
0.18518518518518512,-0.5185185185185185,-0.01046146881895683
0.2222222222222221,-0.5185185185185185,0.014768695194927708
0.2592592592592591,-0.5185185185185185,0.01151491408066931
0.2962962962962963,-0.5185185185185185,0.006491389870075293
0.33333333333333326,-0.5185185185185185,0.029713318606851898
0.37037037037037024,-0.5185185185185185,0.01736840827693588
0.40740740740740744,-0.5185185185185185,0.028305255324818656
0.4444444444444444,-0.5185185185185185,0.019035846998342952
0.4814814814814814,-0.5185185185185185,0.049666937816201184
0.5185185185185184,-0.5185185185185185,0.042120225997628234
0.5555555555555554,-0.5185185185185185,0.03280815879625131
0.5925925925925926,-0.5185185185185185,0.025788135786844062
0.6296296296296295,-0.5185185185185185,0.024166910211568058
0.6666666666666665,-0.5185185185185185,0.023695774257864524
0.7037037037037037,-0.5185185185185185,0.011736495424025674
0.7407407407407407,-0.5185185185185185,0.04576365048782543
0.7777777777777777,-0.5185185185185185,0.009181032169234668
0.8148148148148147,-0.5185185185185185,0.03350265098726356
0.8518518518518516,-0.5185185185185185,0.03164610157816307
0.8888888888888888,-0.5185185185185185,0.012916049198601256
0.9259259259259258,-0.5185185185185185,0.013143000560030637
0.9629629629629628,-0.5185185185185185,-0.006359067296219954
1.0,-0.5185185185185185,0.008480804069707665
-1.0,-0.4925925925925926,-0.04392866537278352
-0.962962962962963,-0.4925925925925926,-0.03130069513076041
-0.9259259259259259,-0.4925925925925926,-0.06321139553448857
-0.8888888888888888,-0.4925925925925926,-0.07087143625498668
-0.8518518518518519,-0.4925925925925926,-0.06005162190101059
-0.8148148148148149,-0.4925925925925926,-0.10335488953429826
-0.7777777777777778,-0.4925925925925926,-0.09434442342371292
-0.7407407407407407,-0.4925925925925926,-0.07303765382539854
-0.7037037037037037,-0.4925925925925926,-0.09838642529033226
-0.6666666666666667,-0.4925925925925926,-0.08836975145363876
-0.6296296296296297,-0.4925925925925926,-0.14894886180912148
-0.5925925925925926,-0.4925925925925926,-0.11849961280015771
-0.5555555555555556,-0.4925925925925926,-0.11334915165090213
-0.5185185185185186,-0.4925925925925926,-0.13320533060758108
-0.4814814814814815,-0.4925925925925926,-0.09958605567648807
-0.4444444444444444,-0.4925925925925926,-0.13373759811123886
-0.40740740740740744,-0.4925925925925926,-0.1193154063617638
-0.37037037037037046,-0.4925925925925926,-0.10334265762127513
-0.33333333333333337,-0.4925925925925926,-0.10294464767217522
-0.2962962962962963,-0.4925925925925926,-0.10387319778507699
-0.2592592592592593,-0.4925925925925926,-0.10849030822164323
-0.22222222222222232,-0.4925925925925926,-0.08612323936305187
-0.18518518518518523,-0.4925925925925926,-0.09311775976641912
-0.14814814814814814,-0.4925925925925926,-0.05274107502355202
-0.11111111111111116,-0.4925925925925926,-0.06971198760138589
-0.07407407407407418,-0.4925925925925926,-0.07142349804144688
-0.03703703703703709,-0.4925925925925926,-0.03186365956762992
0.0,-0.4925925925925926,-0.012761368590990241
0.03703703703703698,-0.4925925925925926,-0.023835182047762422
0.07407407407407396,-0.4925925925925926,-0.02900864897891841
0.11111111111111116,-0.4925925925925926,-0.03568056656171974
0.14814814814814814,-0.4925925925925926,-0.01431332150109155
0.18518518518518512,-0.4925925925925926,0.015394827264615552
0.2222222222222221,-0.4925925925925926,0.018082946329097033
0.2592592592592591,-0.4925925925925926,-0.011358618052837596
0.2962962962962963,-0.4925925925925926,0.024172976847274232
0.33333333333333326,-0.4925925925925926,-7.360376849873881e-05
0.37037037037037024,-0.4925925925925926,0.038076024031959685
0.40740740740740744,-0.4925925925925926,0.05657871026393019
0.4444444444444444,-0.4925925925925926,0.029812074810124687
0.4814814814814814,-0.4925925925925926,0.05037376346813771
0.5185185185185184,-0.4925925925925926,0.027683704789796214
0.5555555555555554,-0.4925925925925926,0.03236997478807303
0.5925925925925926,-0.4925925925925926,0.04680801238051364
0.6296296296296295,-0.4925925925925926,0.047723141496194756
0.6666666666666665,-0.4925925925925926,0.025725054786999914
0.7037037037037037,-0.4925925925925926,0.04950266892908445
0.7407407407407407,-0.4925925925925926,0.02812914284250591
0.7777777777777777,-0.4925925925925926,-0.020056310117628748
0.8148148148148147,-0.4925925925925926,0.03207131957930848
0.8518518518518516,-0.4925925925925926,0.030716680035539422
0.8888888888888888,-0.4925925925925926,-0.024361498749310154
0.9259259259259258,-0.4925925925925926,0.014532960245707455
0.9629629629629628,-0.4925925925925926,0.026593990690193324
1.0,-0.4925925925925926,0.016116153533565627
-1.0,-0.4666666666666666,-0.04573220417264075
-0.962962962962963,-0.4666666666666666,-0.060343102933129555
-0.9259259259259259,-0.4666666666666666,-0.057814035367774096
-0.8888888888888888,-0.4666666666666666,-0.07362288643122962
-0.8518518518518519,-0.4666666666666666,-0.06917896213126828
-0.8148148148148149,-0.4666666666666666,-0.0841875519863441
-0.7777777777777778,-0.4666666666666666,-0.07396017718040068
-0.7407407407407407,-0.4666666666666666,-0.11297072861099162
-0.7037037037037037,-0.4666666666666666,-0.10436408672181804
-0.6666666666666667,-0.4666666666666666,-0.1105224215569823
-0.6296296296296297,-0.4666666666666666,-0.12269681350350903
-0.5925925925925926,-0.4666666666666666,-0.11551060030083012
-0.5555555555555556,-0.4666666666666666,-0.1535483568380443
-0.5185185185185186,-0.4666666666666666,-0.13662600367233027
-0.4814814814814815,-0.4666666666666666,-0.10344530015519116
-0.4444444444444444,-0.4666666666666666,-0.12190547676593737
-0.40740740740740744,-0.4666666666666666,-0.1280071868834087
-0.37037037037037046,-0.4666666666666666,-0.10956170035872745
-0.33333333333333337,-0.4666666666666666,-0.12283687105340835
-0.2962962962962963,-0.4666666666666666,-0.13144152025332828
-0.2592592592592593,-0.4666666666666666,-0.10509753243164766
-0.22222222222222232,-0.4666666666666666,-0.08708194163741445
-0.18518518518518523,-0.4666666666666666,-0.09637905459040375
-0.14814814814814814,-0.4666666666666666,-0.0580846190772156
-0.11111111111111116,-0.4666666666666666,-0.06770020608022388
-0.07407407407407418,-0.4666666666666666,-0.0613731981038335
-0.03703703703703709,-0.4666666666666666,-0.058627564127603934
0.0,-0.4666666666666666,-0.007829202732045439
0.03703703703703698,-0.4666666666666666,0.007329045748437582
0.07407407407407396,-0.4666666666666666,-0.03451609146473114
0.11111111111111116,-0.4666666666666666,-0.007099071838935872
0.14814814814814814,-0.4666666666666666,-0.007885767723893263
0.18518518518518512,-0.4666666666666666,0.029836923058416585
0.2222222222222221,-0.4666666666666666,0.01947988294100612
0.2592592592592591,-0.4666666666666666,0.04212717308622193
0.2962962962962963,-0.4666666666666666,0.03253346851133837
0.33333333333333326,-0.4666666666666666,0.02543747277876944
0.37037037037037024,-0.4666666666666666,0.06722720605342133
0.40740740740740744,-0.4666666666666666,0.0496497086038773
0.4444444444444444,-0.4666666666666666,0.0467833949391073
0.4814814814814814,-0.4666666666666666,0.037899956854761135
0.5185185185185184,-0.4666666666666666,0.05594137539023435
0.5555555555555554,-0.4666666666666666,0.06862008673387254
0.5925925925925926,-0.4666666666666666,0.04556823048727289
0.6296296296296295,-0.4666666666666666,0.08227314682165186
0.6666666666666665,-0.4666666666666666,0.07116968116908862
0.7037037037037037,-0.4666666666666666,0.04635222245512891
0.7407407407407407,-0.4666666666666666,0.05020744045429798
0.7777777777777777,-0.4666666666666666,0.03274651556404237
0.8148148148148147,-0.4666666666666666,0.04346626050478458
0.8518518518518516,-0.4666666666666666,0.015229476804882914
0.8888888888888888,-0.4666666666666666,0.013204172765375445
0.9259259259259258,-0.4666666666666666,0.061385213418253814
0.9629629629629628,-0.4666666666666666,0.02637140155956281
1.0,-0.4666666666666666,0.03285868008205271
-1.0,-0.4407407407407407,-0.036965188508820294
-0.962962962962963,-0.4407407407407407,-0.03399527670255975
-0.9259259259259259,-0.4407407407407407,-0.05770630133474805
-0.8888888888888888,-0.4407407407407407,-0.1015695975931361
-0.8518518518518519,-0.4407407407407407,-0.08773599062753713
-0.8148148148148149,-0.4407407407407407,-0.09612041326735288
-0.7777777777777778,-0.4407407407407407,-0.10933112110751775
-0.7407407407407407,-0.4407407407407407,-0.10136546577964706
-0.7037037037037037,-0.4407407407407407,-0.11804052783046462
-0.6666666666666667,-0.4407407407407407,-0.15605793802887286
-0.6296296296296297,-0.4407407407407407,-0.15252975792423118
-0.5925925925925926,-0.4407407407407407,-0.14954087214702325
-0.5555555555555556,-0.4407407407407407,-0.14989138549226946
-0.5185185185185186,-0.4407407407407407,-0.15334793799928406
-0.4814814814814815,-0.4407407407407407,-0.17449842297036353
-0.4444444444444444,-0.4407407407407407,-0.14987299028908166
-0.40740740740740744,-0.4407407407407407,-0.15541099836838515
-0.37037037037037046,-0.4407407407407407,-0.17930297520610716
-0.33333333333333337,-0.4407407407407407,-0.17513671684939885
-0.2962962962962963,-0.4407407407407407,-0.15671971399210058
-0.2592592592592593,-0.4407407407407407,-0.13835204939167933
-0.22222222222222232,-0.4407407407407407,-0.1359229281328039
-0.18518518518518523,-0.4407407407407407,-0.11983089174099984
-0.14814814814814814,-0.4407407407407407,-0.11366820210735011
-0.11111111111111116,-0.4407407407407407,-0.08816204368722401
-0.07407407407407418,-0.4407407407407407,-0.05923787670791883
-0.03703703703703709,-0.4407407407407407,-0.04690023444965728
0.0,-0.4407407407407407,-0.06523363313558972
0.03703703703703698,-0.4407407407407407,-0.013583584605949925
0.07407407407407396,-0.4407407407407407,0.007947382267776127
0.11111111111111116,-0.4407407407407407,-0.011515883665135954
0.14814814814814814,-0.4407407407407407,0.0380959725250322
0.18518518518518512,-0.4407407407407407,0.023233539085932085
0.2222222222222221,-0.4407407407407407,0.015064570446493078
0.2592592592592591,-0.4407407407407407,0.06346984777857437
0.2962962962962963,-0.4407407407407407,0.046214163618484204
0.33333333333333326,-0.4407407407407407,0.047484572797291014
0.37037037037037024,-0.4407407407407407,0.08841655624826153
0.40740740740740744,-0.4407407407407407,0.0855004570061501
0.4444444444444444,-0.4407407407407407,0.061436647956764304
0.4814814814814814,-0.4407407407407407,0.05695493449139372
0.5185185185185184,-0.4407407407407407,0.06690404603057339
0.5555555555555554,-0.4407407407407407,0.06936941888567472
0.5925925925925926,-0.4407407407407407,0.07768847895614574
0.6296296296296295,-0.4407407407407407,0.024345640496598292
0.6666666666666665,-0.4407407407407407,0.06441404419300517
0.7037037037037037,-0.4407407407407407,0.0591422710695181
0.7407407407407407,-0.4407407407407407,0.04665467191968141
0.7777777777777777,-0.4407407407407407,0.050538027914106415
0.8148148148148147,-0.4407407407407407,0.053999419485782074
0.8518518518518516,-0.4407407407407407,0.016019591402689732
0.8888888888888888,-0.4407407407407407,0.01491527053986728
0.9259259259259258,-0.4407407407407407,0.028692868237346104
0.9629629629629628,-0.4407407407407407,0.023388493536103984
1.0,-0.4407407407407407,0.022224296217218633
-1.0,-0.4148148148148148,-0.010727550390704641
-0.962962962962963,-0.4148148148148148,-0.003830958059451734
-0.9259259259259259,-0.4148148148148148,-0.05961007405871947
-0.8888888888888888,-0.4148148148148148,-0.06705147447767805
-0.8518518518518519,-0.4148148148148148,-0.07429192203696496
-0.8148148148148149,-0.4148148148148148,-0.10819961707665321
-0.7777777777777778,-0.4148148148148148,-0.12371087052562203
-0.7407407407407407,-0.4148148148148148,-0.12585177362662428
-0.7037037037037037,-0.4148148148148148,-0.13572732182655212
-0.6666666666666667,-0.4148148148148148,-0.16418352103593797
-0.6296296296296297,-0.4148148148148148,-0.1528912511071452
-0.5925925925925926,-0.4148148148148148,-0.1614808435906387
-0.5555555555555556,-0.4148148148148148,-0.16789327769886275
-0.5185185185185186,-0.4148148148148148,-0.1607621214964201
-0.4814814814814815,-0.4148148148148148,-0.19719824917877987
-0.4444444444444444,-0.4148148148148148,-0.16310648835965258
-0.40740740740740744,-0.4148148148148148,-0.1797670976959766
-0.37037037037037046,-0.4148148148148148,-0.16860982298281169
-0.33333333333333337,-0.4148148148148148,-0.1646969260291287
-0.2962962962962963,-0.4148148148148148,-0.16684962812515036
-0.2592592592592593,-0.4148148148148148,-0.13480136297719691
-0.22222222222222232,-0.4148148148148148,-0.09945059926681214
-0.18518518518518523,-0.4148148148148148,-0.11262240734082687
-0.14814814814814814,-0.4148148148148148,-0.08247219438681044
-0.11111111111111116,-0.4148148148148148,-0.0975100294132596
-0.07407407407407418,-0.4148148148148148,-0.08037929869018853
-0.03703703703703709,-0.4148148148148148,-0.05408873844426828
0.0,-0.4148148148148148,-0.04584561343188716
0.03703703703703698,-0.4148148148148148,-0.032157213080641144
0.07407407407407396,-0.4148148148148148,0.00525510049939991
0.11111111111111116,-0.4148148148148148,0.0171448557671637
0.14814814814814814,-0.4148148148148148,0.03646594299999159
0.18518518518518512,-0.4148148148148148,0.03860970928893564
0.2222222222222221,-0.4148148148148148,0.04563727219604963
0.2592592592592591,-0.4148148148148148,0.05259646207080416
0.2962962962962963,-0.4148148148148148,0.08328086510495031
0.33333333333333326,-0.4148148148148148,0.07367227163602817
0.37037037037037024,-0.4148148148148148,0.09812984954866835
0.40740740740740744,-0.4148148148148148,0.09977242492190024
0.4444444444444444,-0.4148148148148148,0.11963694462628771
0.4814814814814814,-0.4148148148148148,0.08310945369126589
0.5185185185185184,-0.4148148148148148,0.109294283812817
0.5555555555555554,-0.4148148148148148,0.0706058196311451
0.5925925925925926,-0.4148148148148148,0.10495311012454095
0.6296296296296295,-0.4148148148148148,0.09236805536699122
0.6666666666666665,-0.4148148148148148,0.0970806536739956
0.7037037037037037,-0.4148148148148148,0.045616992034286694
0.7407407407407407,-0.4148148148148148,0.09153758547079319
0.7777777777777777,-0.4148148148148148,0.05966332427112829
0.8148148148148147,-0.4148148148148148,0.053198284132095104
0.8518518518518516,-0.4148148148148148,0.02822703212233839
0.8888888888888888,-0.4148148148148148,0.03434739582586397
0.9259259259259258,-0.4148148148148148,0.05915166999233308
0.9629629629629628,-0.4148148148148148,0.06121771841601713
1.0,-0.4148148148148148,0.03922159276226567
-1.0,-0.38888888888888884,-0.00868816587174567
-0.962962962962963,-0.38888888888888884,-0.011441609484501864
-0.9259259259259259,-0.38888888888888884,-0.06522294533714854
-0.8888888888888888,-0.38888888888888884,-0.06752507349478297
-0.8518518518518519,-0.38888888888888884,-0.09360177334375694
-0.8148148148148149,-0.38888888888888884,-0.08586645265978671
-0.7777777777777778,-0.38888888888888884,-0.14326071590518952
-0.7407407407407407,-0.38888888888888884,-0.14256388417363483
-0.7037037037037037,-0.38888888888888884,-0.14512582841322805
-0.6666666666666667,-0.38888888888888884,-0.15427424891102753
-0.6296296296296297,-0.38888888888888884,-0.19377677508903762
-0.5925925925925926,-0.38888888888888884,-0.19077191344468244
-0.5555555555555556,-0.38888888888888884,-0.22070787716758933
-0.5185185185185186,-0.38888888888888884,-0.18008613595001954
-0.4814814814814815,-0.38888888888888884,-0.20135964995358432
-0.4444444444444444,-0.38888888888888884,-0.19948130837985736
-0.40740740740740744,-0.38888888888888884,-0.19922834479011692
-0.37037037037037046,-0.38888888888888884,-0.1613758097361482
-0.33333333333333337,-0.38888888888888884,-0.17739527485120074
-0.2962962962962963,-0.38888888888888884,-0.1794890418949025
-0.2592592592592593,-0.38888888888888884,-0.1382650805771314
-0.22222222222222232,-0.38888888888888884,-0.1302712291319935
-0.18518518518518523,-0.38888888888888884,-0.12425551154135406
-0.14814814814814814,-0.38888888888888884,-0.11998166831215323
-0.11111111111111116,-0.38888888888888884,-0.087569689574759
-0.07407407407407418,-0.38888888888888884,-0.06127092704161262
-0.03703703703703709,-0.38888888888888884,-0.051879345444212736
0.0,-0.38888888888888884,-0.031650740457322434
0.03703703703703698,-0.38888888888888884,0.0031302340493509113
0.07407407407407396,-0.38888888888888884,-0.004395099960347504
0.11111111111111116,-0.38888888888888884,0.036583355042210074
0.14814814814814814,-0.38888888888888884,0.036804499665322246
0.18518518518518512,-0.38888888888888884,0.03938186085216053
0.2222222222222221,-0.38888888888888884,0.0839108402482835
0.2592592592592591,-0.38888888888888884,0.09465736163404005
0.2962962962962963,-0.38888888888888884,0.0819121740766918
0.33333333333333326,-0.38888888888888884,0.09012737497886551
0.37037037037037024,-0.38888888888888884,0.1250262449893245
0.40740740740740744,-0.38888888888888884,0.11448578674354694
0.4444444444444444,-0.38888888888888884,0.08785503477627621
0.4814814814814814,-0.38888888888888884,0.10251383929690214
0.5185185185185184,-0.38888888888888884,0.11963397250816789
0.5555555555555554,-0.38888888888888884,0.10368912222202949
0.5925925925925926,-0.38888888888888884,0.1222152238798105
0.6296296296296295,-0.38888888888888884,0.09755854103264312
0.6666666666666665,-0.38888888888888884,0.10643996569825101
0.7037037037037037,-0.38888888888888884,0.0929088703389764
0.7407407407407407,-0.38888888888888884,0.09098200173754223
0.7777777777777777,-0.38888888888888884,0.08087717213042511
0.8148148148148147,-0.38888888888888884,0.07224929337752115
0.8518518518518516,-0.38888888888888884,0.04687494466801245
0.8888888888888888,-0.38888888888888884,0.07591639425948542
0.9259259259259258,-0.38888888888888884,0.04448887749854576
0.9629629629629628,-0.38888888888888884,0.029262701289021385
1.0,-0.38888888888888884,0.06280863976306433
-1.0,-0.36296296296296293,0.011235594078844563
-0.962962962962963,-0.36296296296296293,0.017542450239819103
-0.9259259259259259,-0.36296296296296293,-0.05958416538027487
-0.8888888888888888,-0.36296296296296293,-0.04669589609959537
-0.8518518518518519,-0.36296296296296293,-0.07449404208076925
-0.8148148148148149,-0.36296296296296293,-0.1082626758101106
-0.7777777777777778,-0.36296296296296293,-0.10093363658439508
-0.7407407407407407,-0.36296296296296293,-0.15203904219502343
-0.7037037037037037,-0.36296296296296293,-0.1528337306334555
-0.6666666666666667,-0.36296296296296293,-0.17706274227074167
-0.6296296296296297,-0.36296296296296293,-0.1700011953404675
-0.5925925925925926,-0.36296296296296293,-0.20921732795643702
-0.5555555555555556,-0.36296296296296293,-0.19829541348566326
-0.5185185185185186,-0.36296296296296293,-0.20461161432594988
-0.4814814814814815,-0.36296296296296293,-0.23916533184757818
-0.4444444444444444,-0.36296296296296293,-0.1620667570464283
-0.40740740740740744,-0.36296296296296293,-0.20105932704354804
-0.37037037037037046,-0.36296296296296293,-0.19146531592548158
-0.33333333333333337,-0.36296296296296293,-0.17704658966753842
-0.2962962962962963,-0.36296296296296293,-0.18241744380253955
-0.2592592592592593,-0.36296296296296293,-0.17016823124202496
-0.22222222222222232,-0.36296296296296293,-0.17929586105671716
-0.18518518518518523,-0.36296296296296293,-0.13588568416305713
-0.14814814814814814,-0.36296296296296293,-0.10886494071279564
-0.11111111111111116,-0.36296296296296293,-0.07822506127064643
-0.07407407407407418,-0.36296296296296293,-0.06278697217705648
-0.03703703703703709,-0.36296296296296293,-0.03779041674523338
0.0,-0.36296296296296293,-0.01614436245987241
0.03703703703703698,-0.36296296296296293,0.009349134739632625
0.07407407407407396,-0.36296296296296293,0.031118958157714288
0.11111111111111116,-0.36296296296296293,0.04894205971235156
0.14814814814814814,-0.36296296296296293,0.07882329801628046
0.18518518518518512,-0.36296296296296293,0.06034369205531699
0.2222222222222221,-0.36296296296296293,0.09313552386451143
0.2592592592592591,-0.36296296296296293,0.12332441091365824
0.2962962962962963,-0.36296296296296293,0.12272858373799077
0.33333333333333326,-0.36296296296296293,0.11913105040004218
0.37037037037037024,-0.36296296296296293,0.13552231842826898
0.40740740740740744,-0.36296296296296293,0.14133073096110504
0.4444444444444444,-0.36296296296296293,0.14746187978497138
0.4814814814814814,-0.36296296296296293,0.175743889474384
0.5185185185185184,-0.36296296296296293,0.1653699667324293
0.5555555555555554,-0.36296296296296293,0.13401676832170797
0.5925925925925926,-0.36296296296296293,0.13891560871505182
0.6296296296296295,-0.36296296296296293,0.15921848310647224
0.6666666666666665,-0.36296296296296293,0.11586503767340715
0.7037037037037037,-0.36296296296296293,0.12611007828211168
0.7407407407407407,-0.36296296296296293,0.10189719805807952
0.7777777777777777,-0.36296296296296293,0.0832947985161323
0.8148148148148147,-0.36296296296296293,0.08573750046834981
0.8518518518518516,-0.36296296296296293,0.0809783700190917
0.8888888888888888,-0.36296296296296293,0.0904310978316781
0.9259259259259258,-0.36296296296296293,0.05214608928334821
0.9629629629629628,-0.36296296296296293,0.07630615387863214
1.0,-0.36296296296296293,0.046064033781237135
-1.0,-0.337037037037037,0.03591552820398219
-0.962962962962963,-0.337037037037037,-0.0017130864607294398
-0.9259259259259259,-0.337037037037037,-0.04355378906815984
-0.8888888888888888,-0.337037037037037,-0.03742876380583038
-0.8518518518518519,-0.337037037037037,-0.07508718714357862
-0.8148148148148149,-0.337037037037037,-0.0874363357474338
-0.7777777777777778,-0.337037037037037,-0.11594953520525038
-0.7407407407407407,-0.337037037037037,-0.16481745136155035
-0.7037037037037037,-0.337037037037037,-0.16312902379215685
-0.6666666666666667,-0.337037037037037,-0.17383778438935305
-0.6296296296296297,-0.337037037037037,-0.18887201714106558
-0.5925925925925926,-0.337037037037037,-0.19949758881123544
-0.5555555555555556,-0.337037037037037,-0.21125128870091664
-0.5185185185185186,-0.337037037037037,-0.23031016001295132
-0.4814814814814815,-0.337037037037037,-0.22195805653937706
-0.4444444444444444,-0.337037037037037,-0.22885284470842235
-0.40740740740740744,-0.337037037037037,-0.21758381417726422
-0.37037037037037046,-0.337037037037037,-0.20944122500775908
-0.33333333333333337,-0.337037037037037,-0.20046510302365647
-0.2962962962962963,-0.337037037037037,-0.1577168710277477
-0.2592592592592593,-0.337037037037037,-0.18615362976358987
-0.22222222222222232,-0.337037037037037,-0.1779267628008456
-0.18518518518518523,-0.337037037037037,-0.1226872893033788
-0.14814814814814814,-0.337037037037037,-0.11514885889759922
-0.11111111111111116,-0.337037037037037,-0.07861352569348673
-0.07407407407407418,-0.337037037037037,-0.05948048980021282
-0.03703703703703709,-0.337037037037037,-0.02556540872527005
0.0,-0.337037037037037,-0.010735642712505308
0.03703703703703698,-0.337037037037037,0.014193920496681535
0.07407407407407396,-0.337037037037037,0.07583702453537203
0.11111111111111116,-0.337037037037037,0.0890816112099064
0.14814814814814814,-0.337037037037037,0.07749533481820901
0.18518518518518512,-0.337037037037037,0.10779473796662996
0.2222222222222221,-0.337037037037037,0.1491404805820295
0.2592592592592591,-0.337037037037037,0.14806089627901967
0.2962962962962963,-0.337037037037037,0.14222220965233898
0.33333333333333326,-0.337037037037037,0.1746653528886253
0.37037037037037024,-0.337037037037037,0.18775484936341036
0.40740740740740744,-0.337037037037037,0.17587506087082613
0.4444444444444444,-0.337037037037037,0.1856154211509902
0.4814814814814814,-0.337037037037037,0.17317585884237485
0.5185185185185184,-0.337037037037037,0.1976027696851863
0.5555555555555554,-0.337037037037037,0.2036459720571594
0.5925925925925926,-0.337037037037037,0.1690142229380921
0.6296296296296295,-0.337037037037037,0.1508253624626239
0.6666666666666665,-0.337037037037037,0.1614395382019336
0.7037037037037037,-0.337037037037037,0.1429025396647142
0.7407407407407407,-0.337037037037037,0.13128290813243862
0.7777777777777777,-0.337037037037037,0.10508076678296373
0.8148148148148147,-0.337037037037037,0.09777563961234013
0.8518518518518516,-0.337037037037037,0.08274330462865065
0.8888888888888888,-0.337037037037037,0.07581079402564009
0.9259259259259258,-0.337037037037037,0.07419298807540277
0.9629629629629628,-0.337037037037037,0.059083991755919135
1.0,-0.337037037037037,0.08572582567865457
-1.0,-0.31111111111111106,0.05037825383161193
-0.962962962962963,-0.31111111111111106,0.021207671249161387
-0.9259259259259259,-0.31111111111111106,0.0030327220531435957
-0.8888888888888888,-0.31111111111111106,-0.009106983589960985
-0.8518518518518519,-0.31111111111111106,-0.03332242689106733
-0.8148148148148149,-0.31111111111111106,-0.09190704058488658
-0.7777777777777778,-0.31111111111111106,-0.11561484536104322
-0.7407407407407407,-0.31111111111111106,-0.13958277533228908
-0.7037037037037037,-0.31111111111111106,-0.1501506625443837
-0.6666666666666667,-0.31111111111111106,-0.16702143935495606
-0.6296296296296297,-0.31111111111111106,-0.16081656043134818
-0.5925925925925926,-0.31111111111111106,-0.17741529826354566
-0.5555555555555556,-0.31111111111111106,-0.2223859141675212
-0.5185185185185186,-0.31111111111111106,-0.25416941500832074
-0.4814814814814815,-0.31111111111111106,-0.2452892108455702
-0.4444444444444444,-0.31111111111111106,-0.23627133731228686
-0.40740740740740744,-0.31111111111111106,-0.2216969716234493
-0.37037037037037046,-0.31111111111111106,-0.20461408202592932
-0.33333333333333337,-0.31111111111111106,-0.22050388437992077
-0.2962962962962963,-0.31111111111111106,-0.17479238213882864
-0.2592592592592593,-0.31111111111111106,-0.15594983961300365
-0.22222222222222232,-0.31111111111111106,-0.18336870693492116
-0.18518518518518523,-0.31111111111111106,-0.14491177134780556
-0.14814814814814814,-0.31111111111111106,-0.07291118789661069
-0.11111111111111116,-0.31111111111111106,-0.07544416004785932
-0.07407407407407418,-0.31111111111111106,-0.04224031966716815
-0.03703703703703709,-0.31111111111111106,0.04282520207091969
0.0,-0.31111111111111106,0.021551076594723186
0.03703703703703698,-0.31111111111111106,0.04454317871542244
0.07407407407407396,-0.31111111111111106,0.04157055378142753
0.11111111111111116,-0.31111111111111106,0.10022565352092767
0.14814814814814814,-0.31111111111111106,0.13239551378480463
0.18518518518518512,-0.31111111111111106,0.13679114936416736
0.2222222222222221,-0.31111111111111106,0.19161136481812507
0.2592592592592591,-0.31111111111111106,0.17225657788875887
0.2962962962962963,-0.31111111111111106,0.21982414230250402
0.33333333333333326,-0.31111111111111106,0.2160353233134002
0.37037037037037024,-0.31111111111111106,0.20935330731280352
0.40740740740740744,-0.31111111111111106,0.2310909609307928
0.4444444444444444,-0.31111111111111106,0.24533861847528898
0.4814814814814814,-0.31111111111111106,0.23198862958424438
0.5185185185185184,-0.31111111111111106,0.1966374119097928
0.5555555555555554,-0.31111111111111106,0.2227757146078859
0.5925925925925926,-0.31111111111111106,0.19733216474884507
0.6296296296296295,-0.31111111111111106,0.20383137754274439
0.6666666666666665,-0.31111111111111106,0.19348583311587145
0.7037037037037037,-0.31111111111111106,0.1662553384566821
0.7407407407407407,-0.31111111111111106,0.1697417995727189
0.7777777777777777,-0.31111111111111106,0.13204299533071062
0.8148148148148147,-0.31111111111111106,0.14645449726359033
0.8518518518518516,-0.31111111111111106,0.10906297272862117
0.8888888888888888,-0.31111111111111106,0.11396978291631127
0.9259259259259258,-0.31111111111111106,0.09521028040432135
0.9629629629629628,-0.31111111111111106,0.0713268288014839
1.0,-0.31111111111111106,0.08986610060168727
-1.0,-0.28518518518518515,0.036839804120733614
-0.962962962962963,-0.28518518518518515,0.0499462737360948
-0.9259259259259259,-0.28518518518518515,0.006870116133128903
-0.8888888888888888,-0.28518518518518515,-0.01307895837315045
-0.8518518518518519,-0.28518518518518515,-0.03801532717455275
-0.8148148148148149,-0.28518518518518515,-0.07478085222935
-0.7777777777777778,-0.28518518518518515,-0.08297417741372876
-0.7407407407407407,-0.28518518518518515,-0.1307215561136406
-0.7037037037037037,-0.28518518518518515,-0.17859531697995237
-0.6666666666666667,-0.28518518518518515,-0.15844408170406446
-0.6296296296296297,-0.28518518518518515,-0.19830948102738777
-0.5925925925925926,-0.28518518518518515,-0.17595820621357697
-0.5555555555555556,-0.28518518518518515,-0.2062816841764524
-0.5185185185185186,-0.28518518518518515,-0.2133979311796309
-0.4814814814814815,-0.28518518518518515,-0.23603651773851972
-0.4444444444444444,-0.28518518518518515,-0.20567476988932581
-0.40740740740740744,-0.28518518518518515,-0.22708770914951235
-0.37037037037037046,-0.28518518518518515,-0.22539994309725847
-0.33333333333333337,-0.28518518518518515,-0.21719740742308716
-0.2962962962962963,-0.28518518518518515,-0.19161107331768787
-0.2592592592592593,-0.28518518518518515,-0.14352310678829472
-0.22222222222222232,-0.28518518518518515,-0.12785075678281974
-0.18518518518518523,-0.28518518518518515,-0.11097280776454072
-0.14814814814814814,-0.28518518518518515,-0.09031033413378121
-0.11111111111111116,-0.28518518518518515,-0.054287251561697544
-0.07407407407407418,-0.28518518518518515,0.001721476016114911
-0.03703703703703709,-0.28518518518518515,0.01958078470934024
0.0,-0.28518518518518515,0.05037191709205887
0.03703703703703698,-0.28518518518518515,0.10290620512261289
0.07407407407407396,-0.28518518518518515,0.1086731138473276
0.11111111111111116,-0.28518518518518515,0.1427671443899567
0.14814814814814814,-0.28518518518518515,0.14450209844934406
0.18518518518518512,-0.28518518518518515,0.18322353953065804
0.2222222222222221,-0.28518518518518515,0.20649702432141642
0.2592592592592591,-0.28518518518518515,0.23124754898005065
0.2962962962962963,-0.28518518518518515,0.25286762914163274
0.33333333333333326,-0.28518518518518515,0.24849916322284252
0.37037037037037024,-0.28518518518518515,0.27108168537853244
0.40740740740740744,-0.28518518518518515,0.2821197743133314
0.4444444444444444,-0.28518518518518515,0.26163728680219595
0.4814814814814814,-0.28518518518518515,0.2673474965911072
0.5185185185185184,-0.28518518518518515,0.26704484066095807
0.5555555555555554,-0.28518518518518515,0.23102074070709716
0.5925925925925926,-0.28518518518518515,0.2586084797202631
0.6296296296296295,-0.28518518518518515,0.22136657804857776
0.6666666666666665,-0.28518518518518515,0.21615381224411614
0.7037037037037037,-0.28518518518518515,0.17518568461807504
0.7407407407407407,-0.28518518518518515,0.19203033894634958
0.7777777777777777,-0.28518518518518515,0.1759933615069616
0.8148148148148147,-0.28518518518518515,0.15109993961624826
0.8518518518518516,-0.28518518518518515,0.12454138584106267
0.8888888888888888,-0.28518518518518515,0.12929702717191763
0.9259259259259258,-0.28518518518518515,0.0857521692914513
0.9629629629629628,-0.28518518518518515,0.10616981127999182
1.0,-0.28518518518518515,0.09347069907567492
-1.0,-0.25925925925925924,0.06660513370165878
-0.962962962962963,-0.25925925925925924,0.05447893476589381
-0.9259259259259259,-0.25925925925925924,0.012418257832593076
-0.8888888888888888,-0.25925925925925924,-0.002617916692090343
-0.8518518518518519,-0.25925925925925924,-0.019475003280954514
-0.8148148148148149,-0.25925925925925924,-0.0461789693652851
-0.7777777777777778,-0.25925925925925924,-0.09146646499051322
-0.7407407407407407,-0.25925925925925924,-0.1040077246139235
-0.7037037037037037,-0.25925925925925924,-0.13080342834207834
-0.6666666666666667,-0.25925925925925924,-0.14033100844303137
-0.6296296296296297,-0.25925925925925924,-0.15984781079957877
-0.5925925925925926,-0.25925925925925924,-0.16290154624688458
-0.5555555555555556,-0.25925925925925924,-0.1781109202648322
-0.5185185185185186,-0.25925925925925924,-0.1816040316770921
-0.4814814814814815,-0.25925925925925924,-0.2094619418152059
-0.4444444444444444,-0.25925925925925924,-0.1827184987534518
-0.40740740740740744,-0.25925925925925924,-0.18773305783718258
-0.37037037037037046,-0.25925925925925924,-0.14497016392275144
-0.33333333333333337,-0.25925925925925924,-0.17062148284336878
-0.2962962962962963,-0.25925925925925924,-0.19463505688921778
-0.2592592592592593,-0.25925925925925924,-0.11450816707948237
-0.22222222222222232,-0.25925925925925924,-0.13167554746232576
-0.18518518518518523,-0.25925925925925924,-0.0862513799608122
-0.14814814814814814,-0.25925925925925924,-0.05894669905120173
-0.11111111111111116,-0.25925925925925924,-0.024385671884426405
-0.07407407407407418,-0.25925925925925924,0.037661525212913716
-0.03703703703703709,-0.25925925925925924,0.06131500046649922
0.0,-0.25925925925925924,0.09258933578135482
0.03703703703703698,-0.25925925925925924,0.11532525589400691
0.07407407407407396,-0.25925925925925924,0.15174528537529355
0.11111111111111116,-0.25925925925925924,0.19068539397312143
0.14814814814814814,-0.25925925925925924,0.2233452672599483
0.18518518518518512,-0.25925925925925924,0.24258262523912305
0.2222222222222221,-0.25925925925925924,0.24063749717755345
0.2592592592592591,-0.25925925925925924,0.2921381713875964
0.2962962962962963,-0.25925925925925924,0.30248284140318477
0.33333333333333326,-0.25925925925925924,0.30115323023826923
0.37037037037037024,-0.25925925925925924,0.3286345751800942
0.40740740740740744,-0.25925925925925924,0.3352711088743264
0.4444444444444444,-0.25925925925925924,0.3190340139030496
0.4814814814814814,-0.25925925925925924,0.356384543746321
0.5185185185185184,-0.25925925925925924,0.2965241530078346
0.5555555555555554,-0.25925925925925924,0.2984420924323034
0.5925925925925926,-0.25925925925925924,0.2900472158257179
0.6296296296296295,-0.25925925925925924,0.27384103325020964
0.6666666666666665,-0.25925925925925924,0.2717384197570077
0.7037037037037037,-0.25925925925925924,0.22659678691668858
0.7407407407407407,-0.25925925925925924,0.2034797573924836
0.7777777777777777,-0.25925925925925924,0.22657594848324647
0.8148148148148147,-0.25925925925925924,0.1795043121804512
0.8518518518518516,-0.25925925925925924,0.16929127487923365
0.8888888888888888,-0.25925925925925924,0.15484708984985338
0.9259259259259258,-0.25925925925925924,0.1427569276975338
0.9629629629629628,-0.25925925925925924,0.12022825626505337
1.0,-0.25925925925925924,0.08268416251814316
-1.0,-0.23333333333333328,0.038038318831595266
-0.962962962962963,-0.23333333333333328,0.027550532148480987
-0.9259259259259259,-0.23333333333333328,0.018814109725002977
-0.8888888888888888,-0.23333333333333328,0.012907349778273729
-0.8518518518518519,-0.23333333333333328,-0.0438523234963294
-0.8148148148148149,-0.23333333333333328,-0.04461822969182148
-0.7777777777777778,-0.23333333333333328,-0.06842839883990967
-0.7407407407407407,-0.23333333333333328,-0.08723590931520095
-0.7037037037037037,-0.23333333333333328,-0.14151836830945572
-0.6666666666666667,-0.23333333333333328,-0.14826372653818123
-0.6296296296296297,-0.23333333333333328,-0.1506703998045593
-0.5925925925925926,-0.23333333333333328,-0.1734716917190993
-0.5555555555555556,-0.23333333333333328,-0.17889146480998652
-0.5185185185185186,-0.23333333333333328,-0.18435135818281873
-0.4814814814814815,-0.23333333333333328,-0.1753478190270654
-0.4444444444444444,-0.23333333333333328,-0.20311602658582473
-0.40740740740740744,-0.23333333333333328,-0.19803569673652868
-0.37037037037037046,-0.23333333333333328,-0.1832002744031315
-0.33333333333333337,-0.23333333333333328,-0.14289289938932617
-0.2962962962962963,-0.23333333333333328,-0.15049896913544658
-0.2592592592592593,-0.23333333333333328,-0.09615889127685844
-0.22222222222222232,-0.23333333333333328,-0.07505528316815613
-0.18518518518518523,-0.23333333333333328,-0.05202169420632327
-0.14814814814814814,-0.23333333333333328,-0.03852394134004504
-0.11111111111111116,-0.23333333333333328,0.014908337084713452
-0.07407407407407418,-0.23333333333333328,0.05170579402169568
-0.03703703703703709,-0.23333333333333328,0.08495932217325072
0.0,-0.23333333333333328,0.10948524832850523
0.03703703703703698,-0.23333333333333328,0.15742205401510143
0.07407407407407396,-0.23333333333333328,0.19086531913731863
0.11111111111111116,-0.23333333333333328,0.22906586785272995
0.14814814814814814,-0.23333333333333328,0.2730667334809258
0.18518518518518512,-0.23333333333333328,0.28826919052381156
0.2222222222222221,-0.23333333333333328,0.307699196338192
0.2592592592592591,-0.23333333333333328,0.36771489819127295
0.2962962962962963,-0.23333333333333328,0.3673621331783086
0.33333333333333326,-0.23333333333333328,0.4001464116868333
0.37037037037037024,-0.23333333333333328,0.390610984933887
0.40740740740740744,-0.23333333333333328,0.3711319204455667
0.4444444444444444,-0.23333333333333328,0.38361006527856384
0.4814814814814814,-0.23333333333333328,0.37295906139872137
0.5185185185185184,-0.23333333333333328,0.3648972208797458
0.5555555555555554,-0.23333333333333328,0.35434846270114795
0.5925925925925926,-0.23333333333333328,0.329860611464855
0.6296296296296295,-0.23333333333333328,0.32558586916898963
0.6666666666666665,-0.23333333333333328,0.30621154264037725
0.7037037037037037,-0.23333333333333328,0.24223339778831965
0.7407407407407407,-0.23333333333333328,0.25601833952937003
0.7777777777777777,-0.23333333333333328,0.23507859944282497
0.8148148148148147,-0.23333333333333328,0.19933646094884971
0.8518518518518516,-0.23333333333333328,0.20716563842068594
0.8888888888888888,-0.23333333333333328,0.17032484768987144
0.9259259259259258,-0.23333333333333328,0.16547871896333535
0.9629629629629628,-0.23333333333333328,0.1499830458564985
1.0,-0.23333333333333328,0.13017710426999915
-1.0,-0.20740740740740737,0.009891501385630688
-0.962962962962963,-0.20740740740740737,0.00424283070333945
-0.9259259259259259,-0.20740740740740737,-0.01051253366595763
-0.8888888888888888,-0.20740740740740737,-0.04079964497216611
-0.8518518518518519,-0.20740740740740737,-0.04376857143386377
-0.8148148148148149,-0.20740740740740737,-0.04655235639041992
-0.7777777777777778,-0.20740740740740737,-0.09598755689133899
-0.7407407407407407,-0.20740740740740737,-0.08177620753624551
-0.7037037037037037,-0.20740740740740737,-0.12344877654193737
-0.6666666666666667,-0.20740740740740737,-0.14015702072250147
-0.6296296296296297,-0.20740740740740737,-0.1291982126931852
-0.5925925925925926,-0.20740740740740737,-0.16070058509344057
-0.5555555555555556,-0.20740740740740737,-0.13826380164625873
-0.5185185185185186,-0.20740740740740737,-0.14457002256208684
-0.4814814814814815,-0.20740740740740737,-0.15169720101149542
-0.4444444444444444,-0.20740740740740737,-0.16333554012418824
-0.40740740740740744,-0.20740740740740737,-0.14694728210401692
-0.37037037037037046,-0.20740740740740737,-0.11704701914242772
-0.33333333333333337,-0.20740740740740737,-0.09461662858405856
-0.2962962962962963,-0.20740740740740737,-0.108455156564272
-0.2592592592592593,-0.20740740740740737,-0.10245190135272719
-0.22222222222222232,-0.20740740740740737,-0.04646901862469447
-0.18518518518518523,-0.20740740740740737,-0.008147191396642477
-0.14814814814814814,-0.20740740740740737,0.030616595037802837
-0.11111111111111116,-0.20740740740740737,0.07569064365298112
-0.07407407407407418,-0.20740740740740737,0.08995839692566633
-0.03703703703703709,-0.20740740740740737,0.13005289970872916
0.0,-0.20740740740740737,0.16917151008277032
0.03703703703703698,-0.20740740740740737,0.23451880719918075
0.07407407407407396,-0.20740740740740737,0.2610844644503943
0.11111111111111116,-0.20740740740740737,0.31072629815619673
0.14814814814814814,-0.20740740740740737,0.34087099292999085
0.18518518518518512,-0.20740740740740737,0.37171356228713404
0.2222222222222221,-0.20740740740740737,0.385735703310748
0.2592592592592591,-0.20740740740740737,0.41326890570338465
0.2962962962962963,-0.20740740740740737,0.41650408629298397
0.33333333333333326,-0.20740740740740737,0.4393549274211899
0.37037037037037024,-0.20740740740740737,0.44188890879278947
0.40740740740740744,-0.20740740740740737,0.44328877914445963
0.4444444444444444,-0.20740740740740737,0.44004752182263634
0.4814814814814814,-0.20740740740740737,0.43167995694983624
0.5185185185185184,-0.20740740740740737,0.41246836584618357
0.5555555555555554,-0.20740740740740737,0.395287549887623
0.5925925925925926,-0.20740740740740737,0.37329435308730086
0.6296296296296295,-0.20740740740740737,0.3332769473420198
0.6666666666666665,-0.20740740740740737,0.34607846237239204
0.7037037037037037,-0.20740740740740737,0.3306209156061106
0.7407407407407407,-0.20740740740740737,0.26180119648695904
0.7777777777777777,-0.20740740740740737,0.2875203218793318
0.8148148148148147,-0.20740740740740737,0.25334525648686607
0.8518518518518516,-0.20740740740740737,0.2180582030346778
0.8888888888888888,-0.20740740740740737,0.18803897882433904
0.9259259259259258,-0.20740740740740737,0.1666667312042481
0.9629629629629628,-0.20740740740740737,0.1353986472076111
1.0,-0.20740740740740737,0.11760226921665148
-1.0,-0.18148148148148147,-0.01951679303861492
-0.962962962962963,-0.18148148148148147,-0.01941500050543434
-0.9259259259259259,-0.18148148148148147,-0.061964260811041234
-0.8888888888888888,-0.18148148148148147,-0.0548004716613157
-0.8518518518518519,-0.18148148148148147,-0.07296212421995758
-0.8148148148148149,-0.18148148148148147,-0.08019226380201515
-0.7777777777777778,-0.18148148148148147,-0.10060936540799266
-0.7407407407407407,-0.18148148148148147,-0.10247293702784628
-0.7037037037037037,-0.18148148148148147,-0.10455359041498664
-0.6666666666666667,-0.18148148148148147,-0.12841653095823807
-0.6296296296296297,-0.18148148148148147,-0.11177206183542468
-0.5925925925925926,-0.18148148148148147,-0.12311370750179017
-0.5555555555555556,-0.18148148148148147,-0.13596030549333754
-0.5185185185185186,-0.18148148148148147,-0.11558603302779275
-0.4814814814814815,-0.18148148148148147,-0.1398180974473343
-0.4444444444444444,-0.18148148148148147,-0.12495318209922358
-0.40740740740740744,-0.18148148148148147,-0.1273370605733858
-0.37037037037037046,-0.18148148148148147,-0.11807751361398554
-0.33333333333333337,-0.18148148148148147,-0.04879168778229259
-0.2962962962962963,-0.18148148148148147,-0.05572866450541923
-0.2592592592592593,-0.18148148148148147,-0.03767155933469137
-0.22222222222222232,-0.18148148148148147,0.010683024009257802
-0.18518518518518523,-0.18148148148148147,0.05066413437038355
-0.14814814814814814,-0.18148148148148147,0.06849281608734001
-0.11111111111111116,-0.18148148148148147,0.12130365536263157
-0.07407407407407418,-0.18148148148148147,0.18861326727749617
-0.03703703703703709,-0.18148148148148147,0.22236614784461553
0.0,-0.18148148148148147,0.24958307164544422
0.03703703703703698,-0.18148148148148147,0.27396738412213983
0.07407407407407396,-0.18148148148148147,0.35520124048586366
0.11111111111111116,-0.18148148148148147,0.3897794485815379
0.14814814814814814,-0.18148148148148147,0.3992958100297839
0.18518518518518512,-0.18148148148148147,0.4300646753958675
0.2222222222222221,-0.18148148148148147,0.4704675709035855
0.2592592592592591,-0.18148148148148147,0.4951429060545679
0.2962962962962963,-0.18148148148148147,0.5104942582972894
0.33333333333333326,-0.18148148148148147,0.5067814834618577
0.37037037037037024,-0.18148148148148147,0.5027750890498861
0.40740740740740744,-0.18148148148148147,0.5041476985000553
0.4444444444444444,-0.18148148148148147,0.49154023494183635
0.4814814814814814,-0.18148148148148147,0.4916939862201979
0.5185185185185184,-0.18148148148148147,0.4909795203356287
0.5555555555555554,-0.18148148148148147,0.44411925936978053
0.5925925925925926,-0.18148148148148147,0.41457231299405
0.6296296296296295,-0.18148148148148147,0.40193287850472437
0.6666666666666665,-0.18148148148148147,0.3886552727465278
0.7037037037037037,-0.18148148148148147,0.3329794405597271
0.7407407407407407,-0.18148148148148147,0.32029286338575175
0.7777777777777777,-0.18148148148148147,0.2803797737108435
0.8148148148148147,-0.18148148148148147,0.24746366888392954
0.8518518518518516,-0.18148148148148147,0.255935690963409
0.8888888888888888,-0.18148148148148147,0.21158478045244994
0.9259259259259258,-0.18148148148148147,0.17720948104274142
0.9629629629629628,-0.18148148148148147,0.16260747318681373
1.0,-0.18148148148148147,0.13861144956580268
-1.0,-0.15555555555555556,-0.04875373168494948
-0.962962962962963,-0.15555555555555556,-0.045810029175987844
-0.9259259259259259,-0.15555555555555556,-0.07825691399488878
-0.8888888888888888,-0.15555555555555556,-0.06250296835574645
-0.8518518518518519,-0.15555555555555556,-0.09057421692677448
-0.8148148148148149,-0.15555555555555556,-0.08949690024490829
-0.7777777777777778,-0.15555555555555556,-0.11749574556418214
-0.7407407407407407,-0.15555555555555556,-0.12430473267612918
-0.7037037037037037,-0.15555555555555556,-0.10995866694347595
-0.6666666666666667,-0.15555555555555556,-0.11685590332934144
-0.6296296296296297,-0.15555555555555556,-0.1248003405128926
-0.5925925925925926,-0.15555555555555556,-0.11766615105942281
-0.5555555555555556,-0.15555555555555556,-0.1331251795794441
-0.5185185185185186,-0.15555555555555556,-0.09699363745880249
-0.4814814814814815,-0.15555555555555556,-0.07868972447628376
-0.4444444444444444,-0.15555555555555556,-0.09022181237849225
-0.40740740740740744,-0.15555555555555556,-0.06628684705219327
-0.37037037037037046,-0.15555555555555556,-0.05798809846358254
-0.33333333333333337,-0.15555555555555556,-0.017269815324815665
-0.2962962962962963,-0.15555555555555556,-0.001299197648368192
-0.2592592592592593,-0.15555555555555556,0.027119780001228333
-0.22222222222222232,-0.15555555555555556,0.06924667886734648
-0.18518518518518523,-0.15555555555555556,0.09844524564149454
-0.14814814814814814,-0.15555555555555556,0.147305970373338
-0.11111111111111116,-0.15555555555555556,0.19967814582337134
-0.07407407407407418,-0.15555555555555556,0.22423257992967327
-0.03703703703703709,-0.15555555555555556,0.29073062002250033
0.0,-0.15555555555555556,0.320625628645445
0.03703703703703698,-0.15555555555555556,0.37537656285109544
0.07407407407407396,-0.15555555555555556,0.3940206681742433
0.11111111111111116,-0.15555555555555556,0.42947038346706645
0.14814814814814814,-0.15555555555555556,0.48733727136630284
0.18518518518518512,-0.15555555555555556,0.5027329294596216
0.2222222222222221,-0.15555555555555556,0.5385127867245982
0.2592592592592591,-0.15555555555555556,0.5756354078383592
0.2962962962962963,-0.15555555555555556,0.5781687336294613
0.33333333333333326,-0.15555555555555556,0.5670384844210047
0.37037037037037024,-0.15555555555555556,0.600020225942759
0.40740740740740744,-0.15555555555555556,0.5573063583624775
0.4444444444444444,-0.15555555555555556,0.5317509297294629
0.4814814814814814,-0.15555555555555556,0.5807640965495441
0.5185185185185184,-0.15555555555555556,0.5194725078085686
0.5555555555555554,-0.15555555555555556,0.5170364682083209
0.5925925925925926,-0.15555555555555556,0.4685059951153837
0.6296296296296295,-0.15555555555555556,0.4624438233943438
0.6666666666666665,-0.15555555555555556,0.42237298803193357
0.7037037037037037,-0.15555555555555556,0.42722855796377657
0.7407407407407407,-0.15555555555555556,0.3511046285182544
0.7777777777777777,-0.15555555555555556,0.34500481768192515
0.8148148148148147,-0.15555555555555556,0.29721605112795646
0.8518518518518516,-0.15555555555555556,0.2759448838526094
0.8888888888888888,-0.15555555555555556,0.23698058214308124
0.9259259259259258,-0.15555555555555556,0.20703357085790686
0.9629629629629628,-0.15555555555555556,0.15865977385002564
1.0,-0.15555555555555556,0.1641260003132051
-1.0,-0.12962962962962965,-0.11518889144911798
-0.962962962962963,-0.12962962962962965,-0.09674835199110784
-0.9259259259259259,-0.12962962962962965,-0.091712757957607
-0.8888888888888888,-0.12962962962962965,-0.11075466703165646
-0.8518518518518519,-0.12962962962962965,-0.10607380956789204
-0.8148148148148149,-0.12962962962962965,-0.10226120839992982
-0.7777777777777778,-0.12962962962962965,-0.11010509328587068
-0.7407407407407407,-0.12962962962962965,-0.1265872956999536
-0.7037037037037037,-0.12962962962962965,-0.12879059533189152
-0.6666666666666667,-0.12962962962962965,-0.11442050118246101
-0.6296296296296297,-0.12962962962962965,-0.12216548546825162
-0.5925925925925926,-0.12962962962962965,-0.12193963970496231
-0.5555555555555556,-0.12962962962962965,-0.12169750217823558
-0.5185185185185186,-0.12962962962962965,-0.10024166070648419
-0.4814814814814815,-0.12962962962962965,-0.08410324300218706
-0.4444444444444444,-0.12962962962962965,-0.0748702349217093
-0.40740740740740744,-0.12962962962962965,-0.03564022997813421
-0.37037037037037046,-0.12962962962962965,-0.010175156571583428
-0.33333333333333337,-0.12962962962962965,-0.0035588191587567555
-0.2962962962962963,-0.12962962962962965,0.033196735195145405
-0.2592592592592593,-0.12962962962962965,0.09865575469624173
-0.22222222222222232,-0.12962962962962965,0.14240757692306907
-0.18518518518518523,-0.12962962962962965,0.1884938522369278
-0.14814814814814814,-0.12962962962962965,0.22249995311675883
-0.11111111111111116,-0.12962962962962965,0.26559030497146324
-0.07407407407407418,-0.12962962962962965,0.301147422238782
-0.03703703703703709,-0.12962962962962965,0.36520904811822863
0.0,-0.12962962962962965,0.38572519975581115
0.03703703703703698,-0.12962962962962965,0.4204888709301455
0.07407407407407396,-0.12962962962962965,0.4906616950618322
0.11111111111111116,-0.12962962962962965,0.5259600892055057
0.14814814814814814,-0.12962962962962965,0.5817746245149304
0.18518518518518512,-0.12962962962962965,0.5764723382926251
0.2222222222222221,-0.12962962962962965,0.6013916564303569
0.2592592592592591,-0.12962962962962965,0.6181547004986734
0.2962962962962963,-0.12962962962962965,0.6259028671610001
0.33333333333333326,-0.12962962962962965,0.6554843697228206
0.37037037037037024,-0.12962962962962965,0.6498764079870715
0.40740740740740744,-0.12962962962962965,0.650022701238865
0.4444444444444444,-0.12962962962962965,0.615285654306359
0.4814814814814814,-0.12962962962962965,0.6075618086855766
0.5185185185185184,-0.12962962962962965,0.5987452517216316
0.5555555555555554,-0.12962962962962965,0.5488887099994567
0.5925925925925926,-0.12962962962962965,0.5094979931512711
0.6296296296296295,-0.12962962962962965,0.4604930931922738
0.6666666666666665,-0.12962962962962965,0.46411484192251445
0.7037037037037037,-0.12962962962962965,0.4206648515293888
0.7407407407407407,-0.12962962962962965,0.3599661549783929
0.7777777777777777,-0.12962962962962965,0.3529966499371492
0.8148148148148147,-0.12962962962962965,0.33479268245520316
0.8518518518518516,-0.12962962962962965,0.30943750957527283
0.8888888888888888,-0.12962962962962965,0.2410302304006298
0.9259259259259258,-0.12962962962962965,0.2328804229595127
0.9629629629629628,-0.12962962962962965,0.19828202017450747
1.0,-0.12962962962962965,0.17907740698096986
-1.0,-0.10370370370370363,-0.12149001266227803
-0.962962962962963,-0.10370370370370363,-0.15847369974958112
-0.9259259259259259,-0.10370370370370363,-0.11659352146092274
-0.8888888888888888,-0.10370370370370363,-0.13428939176340707
-0.8518518518518519,-0.10370370370370363,-0.1514090343712217
-0.8148148148148149,-0.10370370370370363,-0.1528699262006763
-0.7777777777777778,-0.10370370370370363,-0.15391675156984772
-0.7407407407407407,-0.10370370370370363,-0.14598915225882592
-0.7037037037037037,-0.10370370370370363,-0.14277268127547355
-0.6666666666666667,-0.10370370370370363,-0.17421913552865245
-0.6296296296296297,-0.10370370370370363,-0.14401558471997775
-0.5925925925925926,-0.10370370370370363,-0.13596106096234206
-0.5555555555555556,-0.10370370370370363,-0.10803409914478429
-0.5185185185185186,-0.10370370370370363,-0.10352628876619574
-0.4814814814814815,-0.10370370370370363,-0.07607197571212777
-0.4444444444444444,-0.10370370370370363,-0.07504632407840404
-0.40740740740740744,-0.10370370370370363,-0.02728705699136133
-0.37037037037037046,-0.10370370370370363,0.004199763453769153
-0.33333333333333337,-0.10370370370370363,0.06557915138798646
-0.2962962962962963,-0.10370370370370363,0.10559176189307429
-0.2592592592592593,-0.10370370370370363,0.15689836776077365
-0.22222222222222232,-0.10370370370370363,0.17120903525237777
-0.18518518518518523,-0.10370370370370363,0.23343268248652435
-0.14814814814814814,-0.10370370370370363,0.28910600964180244
-0.11111111111111116,-0.10370370370370363,0.3563423578618009
-0.07407407407407418,-0.10370370370370363,0.3962138881590647
-0.03703703703703709,-0.10370370370370363,0.45226514526376316
0.0,-0.10370370370370363,0.49346480624149125
0.03703703703703698,-0.10370370370370363,0.5584295766440358
0.07407407407407396,-0.10370370370370363,0.5813117583296001
0.11111111111111116,-0.10370370370370363,0.6131615757181517
0.14814814814814814,-0.10370370370370363,0.6530765021617377
0.18518518518518512,-0.10370370370370363,0.6893041330411154
0.2222222222222221,-0.10370370370370363,0.7099692518756305
0.2592592592592591,-0.10370370370370363,0.6929217358399167
0.2962962962962963,-0.10370370370370363,0.714306501659968
0.33333333333333326,-0.10370370370370363,0.7067842730867384
0.37037037037037024,-0.10370370370370363,0.7082351330178819
0.40740740740740744,-0.10370370370370363,0.6843281461412309
0.4444444444444444,-0.10370370370370363,0.7165131043504749
0.4814814814814814,-0.10370370370370363,0.6650191054601028
0.5185185185185184,-0.10370370370370363,0.6272667233511805
0.5555555555555554,-0.10370370370370363,0.5978787296316557
0.5925925925925926,-0.10370370370370363,0.5788919355376811
0.6296296296296295,-0.10370370370370363,0.5238469393402994
0.6666666666666665,-0.10370370370370363,0.495174570515285
0.7037037037037037,-0.10370370370370363,0.4665343324545609
0.7407407407407407,-0.10370370370370363,0.42970196851023723
0.7777777777777777,-0.10370370370370363,0.3817140272725073
0.8148148148148147,-0.10370370370370363,0.3351914927116148
0.8518518518518516,-0.10370370370370363,0.3464665166179717
0.8888888888888888,-0.10370370370370363,0.26442299676264786
0.9259259259259258,-0.10370370370370363,0.23780790692056264
0.9629629629629628,-0.10370370370370363,0.2004113503540494
1.0,-0.10370370370370363,0.20818119031508228
-1.0,-0.07777777777777772,-0.1629752265838151
-0.962962962962963,-0.07777777777777772,-0.157465269352352
-0.9259259259259259,-0.07777777777777772,-0.19790867377001647
-0.8888888888888888,-0.07777777777777772,-0.18141874393320903
-0.8518518518518519,-0.07777777777777772,-0.16279425523894855
-0.8148148148148149,-0.07777777777777772,-0.18718852153727675
-0.7777777777777778,-0.07777777777777772,-0.19952590352217353
-0.7407407407407407,-0.07777777777777772,-0.19357384097017316
-0.7037037037037037,-0.07777777777777772,-0.16684107296551356
-0.6666666666666667,-0.07777777777777772,-0.15195244921871456
-0.6296296296296297,-0.07777777777777772,-0.15409703217758539
-0.5925925925925926,-0.07777777777777772,-0.15516616087647406
-0.5555555555555556,-0.07777777777777772,-0.11860291626696337
-0.5185185185185186,-0.07777777777777772,-0.09858329270903807
-0.4814814814814815,-0.07777777777777772,-0.06825294294073567
-0.4444444444444444,-0.07777777777777772,-0.02002827995426061
-0.40740740740740744,-0.07777777777777772,-0.004027604127781861
-0.37037037037037046,-0.07777777777777772,0.021973030826491186
-0.33333333333333337,-0.07777777777777772,0.11813471641342063
-0.2962962962962963,-0.07777777777777772,0.10981388572732587
-0.2592592592592593,-0.07777777777777772,0.18196407311692858
-0.22222222222222232,-0.07777777777777772,0.24061935520594574
-0.18518518518518523,-0.07777777777777772,0.27303706396991595
-0.14814814814814814,-0.07777777777777772,0.3808187511991278
-0.11111111111111116,-0.07777777777777772,0.42318780869552763
-0.07407407407407418,-0.07777777777777772,0.45342527096499036
-0.03703703703703709,-0.07777777777777772,0.4998755012855206
0.0,-0.07777777777777772,0.5743811992042607
0.03703703703703698,-0.07777777777777772,0.6447896998164415
0.07407407407407396,-0.07777777777777772,0.6774604218369765
0.11111111111111116,-0.07777777777777772,0.6923430775225763
0.14814814814814814,-0.07777777777777772,0.7414797557558457
0.18518518518518512,-0.07777777777777772,0.7599992403311876
0.2222222222222221,-0.07777777777777772,0.7778993432679401
0.2592592592592591,-0.07777777777777772,0.7993635366570913
0.2962962962962963,-0.07777777777777772,0.7935560226184368
0.33333333333333326,-0.07777777777777772,0.7895822644271788
0.37037037037037024,-0.07777777777777772,0.8007953943535883
0.40740740740740744,-0.07777777777777772,0.7699972016921415
0.4444444444444444,-0.07777777777777772,0.7538946875019906
0.4814814814814814,-0.07777777777777772,0.7278346283732645
0.5185185185185184,-0.07777777777777772,0.6865932058766746
0.5555555555555554,-0.07777777777777772,0.6762623856831337
0.5925925925925926,-0.07777777777777772,0.6225797677887123
0.6296296296296295,-0.07777777777777772,0.5639372794374519
0.6666666666666665,-0.07777777777777772,0.5388124879674963
0.7037037037037037,-0.07777777777777772,0.4697903999936128
0.7407407407407407,-0.07777777777777772,0.46555813351648623
0.7777777777777777,-0.07777777777777772,0.3835029425013791
0.8148148148148147,-0.07777777777777772,0.36938083321538295
0.8518518518518516,-0.07777777777777772,0.3193086199230604
0.8888888888888888,-0.07777777777777772,0.2977826095275121
0.9259259259259258,-0.07777777777777772,0.2588186968663782
0.9629629629629628,-0.07777777777777772,0.2267692757290821
1.0,-0.07777777777777772,0.21516770097491905
-1.0,-0.051851851851851816,-0.18201714066802388
-0.962962962962963,-0.051851851851851816,-0.17516215304695512
-0.9259259259259259,-0.051851851851851816,-0.20538222195152434
-0.8888888888888888,-0.051851851851851816,-0.17370495733197727
-0.8518518518518519,-0.051851851851851816,-0.1812906297976213
-0.8148148148148149,-0.051851851851851816,-0.17824177749960246
-0.7777777777777778,-0.051851851851851816,-0.18659144504259625
-0.7407407407407407,-0.051851851851851816,-0.19131151984640352
-0.7037037037037037,-0.051851851851851816,-0.20442115837192903
-0.6666666666666667,-0.051851851851851816,-0.20023204868294375
-0.6296296296296297,-0.051851851851851816,-0.1522912266180152
-0.5925925925925926,-0.051851851851851816,-0.14465341599829945
-0.5555555555555556,-0.051851851851851816,-0.14936071655331207
-0.5185185185185186,-0.051851851851851816,-0.08730044920391086
-0.4814814814814815,-0.051851851851851816,-0.07908206721667685
-0.4444444444444444,-0.051851851851851816,-0.03667071529698117
-0.40740740740740744,-0.051851851851851816,0.014789306808742752
-0.37037037037037046,-0.051851851851851816,0.04115345373487237
-0.33333333333333337,-0.051851851851851816,0.12109180775496559
-0.2962962962962963,-0.051851851851851816,0.17315665714667353
-0.2592592592592593,-0.051851851851851816,0.20839260927570724
-0.22222222222222232,-0.051851851851851816,0.25763068303644454
-0.18518518518518523,-0.051851851851851816,0.3412074463991892
-0.14814814814814814,-0.051851851851851816,0.407166120770983
-0.11111111111111116,-0.051851851851851816,0.49607897769448056
-0.07407407407407418,-0.051851851851851816,0.5081171426624076
-0.03703703703703709,-0.051851851851851816,0.5918457166414359
0.0,-0.051851851851851816,0.6326944881360606
0.03703703703703698,-0.051851851851851816,0.6878573263593927
0.07407407407407396,-0.051851851851851816,0.7133064093069793
0.11111111111111116,-0.051851851851851816,0.7714754840341348
0.14814814814814814,-0.051851851851851816,0.8282052768052759
0.18518518518518512,-0.051851851851851816,0.8316622892593698
0.2222222222222221,-0.051851851851851816,0.8263148724980337
0.2592592592592591,-0.051851851851851816,0.864258447077103
0.2962962962962963,-0.051851851851851816,0.851672853504567
0.33333333333333326,-0.051851851851851816,0.85807407092146
0.37037037037037024,-0.051851851851851816,0.8562609949010705
0.40740740740740744,-0.051851851851851816,0.8198248607152966
0.4444444444444444,-0.051851851851851816,0.8064224268911186
0.4814814814814814,-0.051851851851851816,0.8074955064079966
0.5185185185185184,-0.051851851851851816,0.7618210836557774
0.5555555555555554,-0.051851851851851816,0.6981931351653722
0.5925925925925926,-0.051851851851851816,0.6323704408382814
0.6296296296296295,-0.051851851851851816,0.6152543294336658
0.6666666666666665,-0.051851851851851816,0.5679597037524996
0.7037037037037037,-0.051851851851851816,0.5195828761698517
0.7407407407407407,-0.051851851851851816,0.47843417874635047
0.7777777777777777,-0.051851851851851816,0.42198484784041296
0.8148148148148147,-0.051851851851851816,0.40910575604730276
0.8518518518518516,-0.051851851851851816,0.3415549651443326
0.8888888888888888,-0.051851851851851816,0.3094513047894663
0.9259259259259258,-0.051851851851851816,0.29704040262934983
0.9629629629629628,-0.051851851851851816,0.23200977447187626
1.0,-0.051851851851851816,0.18876371035934444
-1.0,-0.025925925925925908,-0.194187089438778
-0.962962962962963,-0.025925925925925908,-0.17939353269544528
-0.9259259259259259,-0.025925925925925908,-0.19578092342426243
-0.8888888888888888,-0.025925925925925908,-0.18042941493766196
-0.8518518518518519,-0.025925925925925908,-0.2305798391161042
-0.8148148148148149,-0.025925925925925908,-0.22399814767093928
-0.7777777777777778,-0.025925925925925908,-0.22022352046151866
-0.7407407407407407,-0.025925925925925908,-0.20899001415656512
-0.7037037037037037,-0.025925925925925908,-0.22000238612342943
-0.6666666666666667,-0.025925925925925908,-0.22192513318018744
-0.6296296296296297,-0.025925925925925908,-0.1632136177641451
-0.5925925925925926,-0.025925925925925908,-0.19194991825219157
-0.5555555555555556,-0.025925925925925908,-0.1543575702002319
-0.5185185185185186,-0.025925925925925908,-0.14380309729862842
-0.4814814814814815,-0.025925925925925908,-0.06127735627882857
-0.4444444444444444,-0.025925925925925908,-0.06479338709161148
-0.40740740740740744,-0.025925925925925908,0.019014810061106086
-0.37037037037037046,-0.025925925925925908,0.0736121737221154
-0.33333333333333337,-0.025925925925925908,0.08848820855293715
-0.2962962962962963,-0.025925925925925908,0.1938797035711074
-0.2592592592592593,-0.025925925925925908,0.23715428153948118
-0.22222222222222232,-0.025925925925925908,0.2822537039241844
-0.18518518518518523,-0.025925925925925908,0.39471272911785493
-0.14814814814814814,-0.025925925925925908,0.43705597446965827
-0.11111111111111116,-0.025925925925925908,0.507952269753296
-0.07407407407407418,-0.025925925925925908,0.5711228719093635
-0.03703703703703709,-0.025925925925925908,0.6228194092891743
0.0,-0.025925925925925908,0.6875232383240014
0.03703703703703698,-0.025925925925925908,0.7414515714322587
0.07407407407407396,-0.025925925925925908,0.7791628789630651
0.11111111111111116,-0.025925925925925908,0.8141724507517609
0.14814814814814814,-0.025925925925925908,0.8766329077678422
0.18518518518518512,-0.025925925925925908,0.8908050441044064
0.2222222222222221,-0.025925925925925908,0.8994416586882705
0.2592592592592591,-0.025925925925925908,0.9214082285127967
0.2962962962962963,-0.025925925925925908,0.9215618110515077
0.33333333333333326,-0.025925925925925908,0.9464381898229215
0.37037037037037024,-0.025925925925925908,0.9187297130905386
0.40740740740740744,-0.025925925925925908,0.8697823720017724
0.4444444444444444,-0.025925925925925908,0.8662856826780724
0.4814814814814814,-0.025925925925925908,0.8276465435791175
0.5185185185185184,-0.025925925925925908,0.7860613676051992
0.5555555555555554,-0.025925925925925908,0.7633607911958173
0.5925925925925926,-0.025925925925925908,0.7026172454674356
0.6296296296296295,-0.025925925925925908,0.6399177652103363
0.6666666666666665,-0.025925925925925908,0.6114990538053823
0.7037037037037037,-0.025925925925925908,0.5467584639704992
0.7407407407407407,-0.025925925925925908,0.5128531929191655
0.7777777777777777,-0.025925925925925908,0.4479643617207209
0.8148148148148147,-0.025925925925925908,0.44103171196291047
0.8518518518518516,-0.025925925925925908,0.3915726721837769
0.8888888888888888,-0.025925925925925908,0.3226162736834875
0.9259259259259258,-0.025925925925925908,0.30917807562404537
0.9629629629629628,-0.025925925925925908,0.24160817218925118
1.0,-0.025925925925925908,0.21355838486714712
-1.0,0.0,-0.1491829910597557
-0.962962962962963,0.0,-0.193066383917855
-0.9259259259259259,0.0,-0.18577228801147716
-0.8888888888888888,0.0,-0.20554587521962417
-0.8518518518518519,0.0,-0.19182404713994514
-0.8148148148148149,0.0,-0.21816542834245264
-0.7777777777777778,0.0,-0.2384085642186591
-0.7407407407407407,0.0,-0.21118194147905858
-0.7037037037037037,0.0,-0.2140271793272072
-0.6666666666666667,0.0,-0.2034253262170499
-0.6296296296296297,0.0,-0.18462313533482178
-0.5925925925925926,0.0,-0.15820821699396806
-0.5555555555555556,0.0,-0.15968323451739203
-0.5185185185185186,0.0,-0.13740561246261573
-0.4814814814814815,0.0,-0.09475478530136648
-0.4444444444444444,0.0,-0.06183089352701289
-0.40740740740740744,0.0,-0.010194604686509623
-0.37037037037037046,0.0,0.08124058071829632
-0.33333333333333337,0.0,0.10555222704131956
-0.2962962962962963,0.0,0.1689633439241872
-0.2592592592592593,0.0,0.24279729772345063
-0.22222222222222232,0.0,0.3030473337471909
-0.18518518518518523,0.0,0.3599637928560035
-0.14814814814814814,0.0,0.45085799026141016
-0.11111111111111116,0.0,0.5135570435180574
-0.07407407407407418,0.0,0.6175463658439441
-0.03703703703703709,0.0,0.6735578613321986
0.0,0.0,0.7104227693563772
0.03703703703703698,0.0,0.78834488272285
0.07407407407407396,0.0,0.8194165104485127
0.11111111111111116,0.0,0.8855017513120746
0.14814814814814814,0.0,0.8784642137663615
0.18518518518518512,0.0,0.9318007895911568
0.2222222222222221,0.0,0.9723193926171336
0.2592592592592591,0.0,0.9834320117409748
0.2962962962962963,0.0,0.9868003067994467
0.33333333333333326,0.0,0.9831522132581757
0.37037037037037024,0.0,0.9825229563226189
0.40740740740740744,0.0,0.971938431728154
0.4444444444444444,0.0,0.9079776991128965
0.4814814814814814,0.0,0.8995152909752396
0.5185185185185184,0.0,0.8503586907897249
0.5555555555555554,0.0,0.7895737402356242
0.5925925925925926,0.0,0.7476606751581119
0.6296296296296295,0.0,0.7205231622524203
0.6666666666666665,0.0,0.6456911503447008
0.7037037037037037,0.0,0.585589805798948
0.7407407407407407,0.0,0.5339434601518116
0.7777777777777777,0.0,0.4787795272474139
0.8148148148148147,0.0,0.40683572251565253
0.8518518518518516,0.0,0.3637797673331409
0.8888888888888888,0.0,0.33825552835820644
0.9259259259259258,0.0,0.3012673259289362
0.9629629629629628,0.0,0.28863638718706136
1.0,0.0,0.22708818263779418
-1.0,0.025925925925925908,-0.15565662432604216
-0.962962962962963,0.025925925925925908,-0.18770997461179886
-0.9259259259259259,0.025925925925925908,-0.19475582435242944
-0.8888888888888888,0.025925925925925908,-0.17945040419882144
-0.8518518518518519,0.025925925925925908,-0.22396623902594884
-0.8148148148148149,0.025925925925925908,-0.21598776239908568
-0.7777777777777778,0.025925925925925908,-0.1896041339275232
-0.7407407407407407,0.025925925925925908,-0.2320172482764043
-0.7037037037037037,0.025925925925925908,-0.2392009265239152
-0.6666666666666667,0.025925925925925908,-0.21444148144801817
-0.6296296296296297,0.025925925925925908,-0.18718766406979773
-0.5925925925925926,0.025925925925925908,-0.17183776930032824
-0.5555555555555556,0.025925925925925908,-0.14788953747376027
-0.5185185185185186,0.025925925925925908,-0.09644929640044887
-0.4814814814814815,0.025925925925925908,-0.09174548696967055
-0.4444444444444444,0.025925925925925908,-0.03828495209403603
-0.40740740740740744,0.025925925925925908,-0.015532719609690855
-0.37037037037037046,0.025925925925925908,0.03905386049841983
-0.33333333333333337,0.025925925925925908,0.11182539360128216
-0.2962962962962963,0.025925925925925908,0.16747693921916273
-0.2592592592592593,0.025925925925925908,0.23539598786542137
-0.22222222222222232,0.025925925925925908,0.287572128914067
-0.18518518518518523,0.025925925925925908,0.3818948844298843
-0.14814814814814814,0.025925925925925908,0.46038970251078004
-0.11111111111111116,0.025925925925925908,0.5180152565137861
-0.07407407407407418,0.025925925925925908,0.609509019297788
-0.03703703703703709,0.025925925925925908,0.6836556985973886
0.0,0.025925925925925908,0.680922928922101
0.03703703703703698,0.025925925925925908,0.798894857370181
0.07407407407407396,0.025925925925925908,0.8649076269607574
0.11111111111111116,0.025925925925925908,0.9133802205148719
0.14814814814814814,0.025925925925925908,0.930133817436952
0.18518518518518512,0.025925925925925908,0.9525058807214863
0.2222222222222221,0.025925925925925908,0.9849604893323046
0.2592592592592591,0.025925925925925908,1.0147491262986994
0.2962962962962963,0.025925925925925908,1.0333712706204485
0.33333333333333326,0.025925925925925908,1.010594835619889
0.37037037037037024,0.025925925925925908,1.010394663300684
0.40740740740740744,0.025925925925925908,0.9901860659711922
0.4444444444444444,0.025925925925925908,0.9392752259398207
0.4814814814814814,0.025925925925925908,0.926295384304982
0.5185185185185184,0.025925925925925908,0.882955368150117
0.5555555555555554,0.025925925925925908,0.8330375623582801
0.5925925925925926,0.025925925925925908,0.7872551800385147
0.6296296296296295,0.025925925925925908,0.7207262850696197
0.6666666666666665,0.025925925925925908,0.687875857477131
0.7037037037037037,0.025925925925925908,0.608409463838011
0.7407407407407407,0.025925925925925908,0.5810861074252158
0.7777777777777777,0.025925925925925908,0.5185601908578692
0.8148148148148147,0.025925925925925908,0.45675195099804516
0.8518518518518516,0.025925925925925908,0.39867175357168205
0.8888888888888888,0.025925925925925908,0.36699682657425453
0.9259259259259258,0.025925925925925908,0.30437946700025664
0.9629629629629628,0.025925925925925908,0.26471697796210203
1.0,0.025925925925925908,0.2158792629429641
-1.0,0.05185185185185193,-0.16428281319750845
-0.962962962962963,0.05185185185185193,-0.1604974960852412
-0.9259259259259259,0.05185185185185193,-0.19031830419478676
-0.8888888888888888,0.05185185185185193,-0.19474123354208758
-0.8518518518518519,0.05185185185185193,-0.21672689112450025
-0.8148148148148149,0.05185185185185193,-0.21189618609383748
-0.7777777777777778,0.05185185185185193,-0.21559796683124285
-0.7407407407407407,0.05185185185185193,-0.19178706116407654
-0.7037037037037037,0.05185185185185193,-0.19848094528048826
-0.6666666666666667,0.05185185185185193,-0.20863132645702506
-0.6296296296296297,0.05185185185185193,-0.17705288463387484
-0.5925925925925926,0.05185185185185193,-0.15837467548724538
-0.5555555555555556,0.05185185185185193,-0.16791977588755116
-0.5185185185185186,0.05185185185185193,-0.11802881578463538
-0.4814814814814815,0.05185185185185193,-0.08373583286566473
-0.4444444444444444,0.05185185185185193,-0.050492523520166886
-0.40740740740740744,0.05185185185185193,-0.02278446063986568
-0.37037037037037046,0.05185185185185193,0.051485830988752854
-0.33333333333333337,0.05185185185185193,0.08885904783225282
-0.2962962962962963,0.05185185185185193,0.16051364458122108
-0.2592592592592593,0.05185185185185193,0.2280130502943849
-0.22222222222222232,0.05185185185185193,0.2921561027643098
-0.18518518518518523,0.05185185185185193,0.3701140034381925
-0.14814814814814814,0.05185185185185193,0.44138857812097465
-0.11111111111111116,0.05185185185185193,0.5258276190597778
-0.07407407407407418,0.05185185185185193,0.577522500575729
-0.03703703703703709,0.05185185185185193,0.6532026453659819
0.0,0.05185185185185193,0.7266219742752175
0.03703703703703698,0.05185185185185193,0.8203699316993104
0.07407407407407396,0.05185185185185193,0.8761504901655899
0.11111111111111116,0.05185185185185193,0.8750852399369327
0.14814814814814814,0.05185185185185193,0.9481931616063576
0.18518518518518512,0.05185185185185193,1.0206055577125668
0.2222222222222221,0.05185185185185193,1.0043418474675019
0.2592592592592591,0.05185185185185193,1.042395809827241
0.2962962962962963,0.05185185185185193,1.041030598615827
0.33333333333333326,0.05185185185185193,1.0077911565417226
0.37037037037037024,0.05185185185185193,1.0171415952345493
0.40740740740740744,0.05185185185185193,0.9935707909831023
0.4444444444444444,0.05185185185185193,0.984090793909476
0.4814814814814814,0.05185185185185193,0.9712753335570156
0.5185185185185184,0.05185185185185193,0.881787868374345
0.5555555555555554,0.05185185185185193,0.8442670372065217
0.5925925925925926,0.05185185185185193,0.8072159377771987
0.6296296296296295,0.05185185185185193,0.7530632194364326
0.6666666666666665,0.05185185185185193,0.7112156079829369
0.7037037037037037,0.05185185185185193,0.6522226288596857
0.7407407407407407,0.05185185185185193,0.579777834250376
0.7777777777777777,0.05185185185185193,0.5243129030379104
0.8148148148148147,0.05185185185185193,0.49379783211982037
0.8518518518518516,0.05185185185185193,0.4474987265227541
0.8888888888888888,0.05185185185185193,0.3753132018681046
0.9259259259259258,0.05185185185185193,0.3468517719141344
0.9629629629629628,0.05185185185185193,0.29677694102705066
1.0,0.05185185185185193,0.2546681416900309
-1.0,0.07777777777777783,-0.15630849256505727
-0.962962962962963,0.07777777777777783,-0.16527701165475234
-0.9259259259259259,0.07777777777777783,-0.15651595296367862
-0.8888888888888888,0.07777777777777783,-0.161007942560826
-0.8518518518518519,0.07777777777777783,-0.17638456415101578
-0.8148148148148149,0.07777777777777783,-0.19238284614202947
-0.7777777777777778,0.07777777777777783,-0.21454493090086665
-0.7407407407407407,0.07777777777777783,-0.19590248159613066
-0.7037037037037037,0.07777777777777783,-0.20875038292313644
-0.6666666666666667,0.07777777777777783,-0.1936045793300549
-0.6296296296296297,0.07777777777777783,-0.1545381157173963
-0.5925925925925926,0.07777777777777783,-0.19024599882982807
-0.5555555555555556,0.07777777777777783,-0.1576592362611212
-0.5185185185185186,0.07777777777777783,-0.11243518500686246
-0.4814814814814815,0.07777777777777783,-0.09994968508223975
-0.4444444444444444,0.07777777777777783,-0.05429306615088976
-0.40740740740740744,0.07777777777777783,0.007060055719778887
-0.37037037037037046,0.07777777777777783,0.04566645534794707
-0.33333333333333337,0.07777777777777783,0.10936900747620766
-0.2962962962962963,0.07777777777777783,0.15845334150894974
-0.2592592592592593,0.07777777777777783,0.19781387553843666
-0.22222222222222232,0.07777777777777783,0.2901337282407896
-0.18518518518518523,0.07777777777777783,0.33922947906801376
-0.14814814814814814,0.07777777777777783,0.41549473590393726
-0.11111111111111116,0.07777777777777783,0.5063626806125161
-0.07407407407407418,0.07777777777777783,0.5592275263931569
-0.03703703703703709,0.07777777777777783,0.6093052013992735
0.0,0.07777777777777783,0.7034949501863941
0.03703703703703698,0.07777777777777783,0.7378138327886717
0.07407407407407396,0.07777777777777783,0.7870579093564777
0.11111111111111116,0.07777777777777783,0.8700823472284647
0.14814814814814814,0.07777777777777783,0.9089080907946702
0.18518518518518512,0.07777777777777783,0.965050217405572
0.2222222222222221,0.07777777777777783,0.9843911636431909
0.2592592592592591,0.07777777777777783,1.021553639384542
0.2962962962962963,0.07777777777777783,1.0401943482972111
0.33333333333333326,0.07777777777777783,0.9975390647973732
0.37037037037037024,0.07777777777777783,1.0290668574705837
0.40740740740740744,0.07777777777777783,0.9994266378910283
0.4444444444444444,0.07777777777777783,0.9895745383367242
0.4814814814814814,0.07777777777777783,0.9422329427059273
0.5185185185185184,0.07777777777777783,0.9038278730431767
0.5555555555555554,0.07777777777777783,0.8404435997176063
0.5925925925925926,0.07777777777777783,0.8214661966924319
0.6296296296296295,0.07777777777777783,0.7474684721184051
0.6666666666666665,0.07777777777777783,0.7082514199179918
0.7037037037037037,0.07777777777777783,0.6897315742238739
0.7407407407407407,0.07777777777777783,0.6263894053549475
0.7777777777777777,0.07777777777777783,0.5583814568710466
0.8148148148148147,0.07777777777777783,0.5349554357021422
0.8518518518518516,0.07777777777777783,0.46355482700401884
0.8888888888888888,0.07777777777777783,0.40145662807068605
0.9259259259259258,0.07777777777777783,0.34051304221742734
0.9629629629629628,0.07777777777777783,0.3303618096808884
1.0,0.07777777777777783,0.2915822144633135
-1.0,0.10370370370370374,-0.08084743756874156
-0.962962962962963,0.10370370370370374,-0.1360249983423355
-0.9259259259259259,0.10370370370370374,-0.1641903518042605
-0.8888888888888888,0.10370370370370374,-0.15358775552109144
-0.8518518518518519,0.10370370370370374,-0.18799220643483386
-0.8148148148148149,0.10370370370370374,-0.17652165992231528
-0.7777777777777778,0.10370370370370374,-0.16747049431934447
-0.7407407407407407,0.10370370370370374,-0.17770540193790058
-0.7037037037037037,0.10370370370370374,-0.17968480784311214
-0.6666666666666667,0.10370370370370374,-0.16974728078591536
-0.6296296296296297,0.10370370370370374,-0.14218928291308147
-0.5925925925925926,0.10370370370370374,-0.15353765839771402
-0.5555555555555556,0.10370370370370374,-0.13878983545314347
-0.5185185185185186,0.10370370370370374,-0.11259930164210126
-0.4814814814814815,0.10370370370370374,-0.08624730196721096
-0.4444444444444444,0.10370370370370374,-0.039745075870696665
-0.40740740740740744,0.10370370370370374,-0.04532792386406906
-0.37037037037037046,0.10370370370370374,0.03312692935819762
-0.33333333333333337,0.10370370370370374,0.0781593500553188
-0.2962962962962963,0.10370370370370374,0.14139604077663576
-0.2592592592592593,0.10370370370370374,0.20908804831380243
-0.22222222222222232,0.10370370370370374,0.26300084771558485
-0.18518518518518523,0.10370370370370374,0.3211213868647553
-0.14814814814814814,0.10370370370370374,0.37696839450619046
-0.11111111111111116,0.10370370370370374,0.4625449660941832
-0.07407407407407418,0.10370370370370374,0.5285822730496377
-0.03703703703703709,0.10370370370370374,0.5826640244252097
0.0,0.10370370370370374,0.6521533088481063
0.03703703703703698,0.10370370370370374,0.7195470109737461
0.07407407407407396,0.10370370370370374,0.764215129442021
0.11111111111111116,0.10370370370370374,0.8103778908132269
0.14814814814814814,0.10370370370370374,0.8909544382835587
0.18518518518518512,0.10370370370370374,0.9049117379068773
0.2222222222222221,0.10370370370370374,0.9384034164086174
0.2592592592592591,0.10370370370370374,0.9873773037291041
0.2962962962962963,0.10370370370370374,0.994134151780299
0.33333333333333326,0.10370370370370374,0.9908983655060775
0.37037037037037024,0.10370370370370374,0.9762519699176799
0.40740740740740744,0.10370370370370374,0.9606501721998761
0.4444444444444444,0.10370370370370374,0.9551680674521856
0.4814814814814814,0.10370370370370374,0.904703127296809
0.5185185185185184,0.10370370370370374,0.8995440769840152
0.5555555555555554,0.10370370370370374,0.8677292721186676
0.5925925925925926,0.10370370370370374,0.81325421418927
0.6296296296296295,0.10370370370370374,0.757049507954231
0.6666666666666665,0.10370370370370374,0.7545396219685612
0.7037037037037037,0.10370370370370374,0.6629726332576232
0.7407407407407407,0.10370370370370374,0.6155967013554982
0.7777777777777777,0.10370370370370374,0.5788757685236233
0.8148148148148147,0.10370370370370374,0.5374797910332018
0.8518518518518516,0.10370370370370374,0.4771771351875976
0.8888888888888888,0.10370370370370374,0.414315688254715
0.9259259259259258,0.10370370370370374,0.37958232119922464
0.9629629629629628,0.10370370370370374,0.3544760698984937
1.0,0.10370370370370374,0.2907493606847744
-1.0,0.12962962962962965,-0.11422294601888246
-0.962962962962963,0.12962962962962965,-0.11306200089108961
-0.9259259259259259,0.12962962962962965,-0.14299798305528508
-0.8888888888888888,0.12962962962962965,-0.13914582245340354
-0.8518518518518519,0.12962962962962965,-0.16142507688206212
-0.8148148148148149,0.12962962962962965,-0.1555488262832637
-0.7777777777777778,0.12962962962962965,-0.17304561493655388
-0.7407407407407407,0.12962962962962965,-0.16250745521575516
-0.7037037037037037,0.12962962962962965,-0.15001539042442555
-0.6666666666666667,0.12962962962962965,-0.1485061079998596
-0.6296296296296297,0.12962962962962965,-0.13666313567460422
-0.5925925925925926,0.12962962962962965,-0.13219256621643302
-0.5555555555555556,0.12962962962962965,-0.12950322648605003
-0.5185185185185186,0.12962962962962965,-0.10943541949251387
-0.4814814814814815,0.12962962962962965,-0.05696116676859582
-0.4444444444444444,0.12962962962962965,-0.02838002632089891
-0.40740740740740744,0.12962962962962965,-0.00568578430847956
-0.37037037037037046,0.12962962962962965,0.03684203636843513
-0.33333333333333337,0.12962962962962965,0.11418679335399551
-0.2962962962962963,0.12962962962962965,0.15629153148257058
-0.2592592592592593,0.12962962962962965,0.18625916422831904
-0.22222222222222232,0.12962962962962965,0.22984933132240687
-0.18518518518518523,0.12962962962962965,0.3115081112391094
-0.14814814814814814,0.12962962962962965,0.36240216267123965
-0.11111111111111116,0.12962962962962965,0.4170049224346666
-0.07407407407407418,0.12962962962962965,0.4757375324806654
-0.03703703703703709,0.12962962962962965,0.5671186336756184
0.0,0.12962962962962965,0.6182875353369418
0.03703703703703698,0.12962962962962965,0.6759735119461393
0.07407407407407396,0.12962962962962965,0.720633809137358
0.11111111111111116,0.12962962962962965,0.7783958543156185
0.14814814814814814,0.12962962962962965,0.8208571133595225
0.18518518518518512,0.12962962962962965,0.8162764240184802
0.2222222222222221,0.12962962962962965,0.8946214252293306
0.2592592592592591,0.12962962962962965,0.920924780584843
0.2962962962962963,0.12962962962962965,0.9203865594607549
0.33333333333333326,0.12962962962962965,0.9447538638909521
0.37037037037037024,0.12962962962962965,0.9260844704890941
0.40740740740740744,0.12962962962962965,0.9227963229544545
0.4444444444444444,0.12962962962962965,0.8810797539122729
0.4814814814814814,0.12962962962962965,0.9352912771529122
0.5185185185185184,0.12962962962962965,0.8836410815271409
0.5555555555555554,0.12962962962962965,0.8466648755922616
0.5925925925925926,0.12962962962962965,0.7929275139356322
0.6296296296296295,0.12962962962962965,0.7530814777395022
0.6666666666666665,0.12962962962962965,0.7223506100555691
0.7037037037037037,0.12962962962962965,0.6853425773307977
0.7407407407407407,0.12962962962962965,0.6340110909240829
0.7777777777777777,0.12962962962962965,0.5724971584752483
0.8148148148148147,0.12962962962962965,0.5535984322096937
0.8518518518518516,0.12962962962962965,0.5051931851400213
0.8888888888888888,0.12962962962962965,0.4403797352899236
0.9259259259259258,0.12962962962962965,0.4369972421875552
0.9629629629629628,0.12962962962962965,0.36932733034490794
1.0,0.12962962962962965,0.3019977598413742
-1.0,0.15555555555555556,-0.10869771385675256
-0.962962962962963,0.15555555555555556,-0.13045401332506407
-0.9259259259259259,0.15555555555555556,-0.11325317996293835
-0.8888888888888888,0.15555555555555556,-0.1373712703015134
-0.8518518518518519,0.15555555555555556,-0.10432177991005354
-0.8148148148148149,0.15555555555555556,-0.11719098401775677
-0.7777777777777778,0.15555555555555556,-0.11837566691113231
-0.7407407407407407,0.15555555555555556,-0.11991029433115206
-0.7037037037037037,0.15555555555555556,-0.14958158932508647
-0.6666666666666667,0.15555555555555556,-0.15582889261916041
-0.6296296296296297,0.15555555555555556,-0.12421450676230891
-0.5925925925925926,0.15555555555555556,-0.09915419270800552
-0.5555555555555556,0.15555555555555556,-0.09379839330322036
-0.5185185185185186,0.15555555555555556,-0.06500511897286249
-0.4814814814814815,0.15555555555555556,-0.060610597453815536
-0.4444444444444444,0.15555555555555556,-0.028700278529761022
-0.40740740740740744,0.15555555555555556,-0.026995221730440375
-0.37037037037037046,0.15555555555555556,0.03896534917225319
-0.33333333333333337,0.15555555555555556,0.06871435354756454
-0.2962962962962963,0.15555555555555556,0.14848783928889975
-0.2592592592592593,0.15555555555555556,0.17520627198258004
-0.22222222222222232,0.15555555555555556,0.23692265192462847
-0.18518518518518523,0.15555555555555556,0.24771177334470318
-0.14814814814814814,0.15555555555555556,0.30613588066219327
-0.11111111111111116,0.15555555555555556,0.36403087189921834
-0.07407407407407418,0.15555555555555556,0.43335899758195595
-0.03703703703703709,0.15555555555555556,0.4912369909387706
0.0,0.15555555555555556,0.5355568830199128
0.03703703703703698,0.15555555555555556,0.6056087559299809
0.07407407407407396,0.15555555555555556,0.6321684326285918
0.11111111111111116,0.15555555555555556,0.6958468452510089
0.14814814814814814,0.15555555555555556,0.7457915307305475
0.18518518518518512,0.15555555555555556,0.7739162947325416
0.2222222222222221,0.15555555555555556,0.7949577939249926
0.2592592592592591,0.15555555555555556,0.8433672968458371
0.2962962962962963,0.15555555555555556,0.8455549465595983
0.33333333333333326,0.15555555555555556,0.8601425497667168
0.37037037037037024,0.15555555555555556,0.8689729497662146
0.40740740740740744,0.15555555555555556,0.863454869808027
0.4444444444444444,0.15555555555555556,0.8625244963339211
0.4814814814814814,0.15555555555555556,0.8189877884205711
0.5185185185185184,0.15555555555555556,0.8255899692815084
0.5555555555555554,0.15555555555555556,0.7787148557151448
0.5925925925925926,0.15555555555555556,0.761676629512581
0.6296296296296295,0.15555555555555556,0.769142262117241
0.6666666666666665,0.15555555555555556,0.7109134320470201
0.7037037037037037,0.15555555555555556,0.6683895528733135
0.7407407407407407,0.15555555555555556,0.6329978734670451
0.7777777777777777,0.15555555555555556,0.5725499588194528
0.8148148148148147,0.15555555555555556,0.5331417145951399
0.8518518518518516,0.15555555555555556,0.48887379583143714
0.8888888888888888,0.15555555555555556,0.46886181946018135
0.9259259259259258,0.15555555555555556,0.3845080599647968
0.9629629629629628,0.15555555555555556,0.3845417015644351
1.0,0.15555555555555556,0.32212311622077455
-1.0,0.18148148148148147,-0.08801289466003888
-0.962962962962963,0.18148148148148147,-0.0994521057582591
-0.9259259259259259,0.18148148148148147,-0.11516281160082871
-0.8888888888888888,0.18148148148148147,-0.1204139411360205
-0.8518518518518519,0.18148148148148147,-0.13507856683087904
-0.8148148148148149,0.18148148148148147,-0.10084846050129587
-0.7777777777777778,0.18148148148148147,-0.11071382257492589
-0.7407407407407407,0.18148148148148147,-0.11669195566118111
-0.7037037037037037,0.18148148148148147,-0.11552008475497395
-0.6666666666666667,0.18148148148148147,-0.08842562649300229
-0.6296296296296297,0.18148148148148147,-0.11242027741984541
-0.5925925925925926,0.18148148148148147,-0.10623907286105207
-0.5555555555555556,0.18148148148148147,-0.0797691390171373
-0.5185185185185186,0.18148148148148147,-0.06228161557500743
-0.4814814814814815,0.18148148148148147,-0.038952775067550856
-0.4444444444444444,0.18148148148148147,-0.011171416268221789
-0.40740740740740744,0.18148148148148147,-0.013577779376807013
-0.37037037037037046,0.18148148148148147,0.04382330354647397
-0.33333333333333337,0.18148148148148147,0.09442304140841744
-0.2962962962962963,0.18148148148148147,0.14461156066199107
-0.2592592592592593,0.18148148148148147,0.1698707107938376
-0.22222222222222232,0.18148148148148147,0.18459298152158343
-0.18518518518518523,0.18148148148148147,0.25090793444922876
-0.14814814814814814,0.18148148148148147,0.2919722953469608
-0.11111111111111116,0.18148148148148147,0.3792332798667638
-0.07407407407407418,0.18148148148148147,0.3742533878948899
-0.03703703703703709,0.18148148148148147,0.4469359363715654
0.0,0.18148148148148147,0.5226647240478683
0.03703703703703698,0.18148148148148147,0.5181342699433594
0.07407407407407396,0.18148148148148147,0.5837100517007144
0.11111111111111116,0.18148148148148147,0.6044835569129131
0.14814814814814814,0.18148148148148147,0.6685181131853851
0.18518518518518512,0.18148148148148147,0.7050384751558743
0.2222222222222221,0.18148148148148147,0.7219969592888403
0.2592592592592591,0.18148148148148147,0.7390067565834829
0.2962962962962963,0.18148148148148147,0.7843806746424424
0.33333333333333326,0.18148148148148147,0.7578077213590999
0.37037037037037024,0.18148148148148147,0.7952936511528007
0.40740740740740744,0.18148148148148147,0.7772811258936545
0.4444444444444444,0.18148148148148147,0.7922936249894035
0.4814814814814814,0.18148148148148147,0.7807217964224885
0.5185185185185184,0.18148148148148147,0.7418482337168345
0.5555555555555554,0.18148148148148147,0.7435933098553317
0.5925925925925926,0.18148148148148147,0.6997776545732088
0.6296296296296295,0.18148148148148147,0.721334691036015
0.6666666666666665,0.18148148148148147,0.6582633166990361
0.7037037037037037,0.18148148148148147,0.6397178510102918
0.7407407407407407,0.18148148148148147,0.6099506268272321
0.7777777777777777,0.18148148148148147,0.5908013829389578
0.8148148148148147,0.18148148148148147,0.5107423199692214
0.8518518518518516,0.18148148148148147,0.5032578699850903
0.8888888888888888,0.18148148148148147,0.4490476256510528
0.9259259259259258,0.18148148148148147,0.42261019192702365
0.9629629629629628,0.18148148148148147,0.39608489639045064
1.0,0.18148148148148147,0.3691339922462086
-1.0,0.20740740740740737,-0.08060933470193227
-0.962962962962963,0.20740740740740737,-0.08681527176677818
-0.9259259259259259,0.20740740740740737,-0.10293149043718391
-0.8888888888888888,0.20740740740740737,-0.05817753134515339
-0.8518518518518519,0.20740740740740737,-0.10239347174824223
-0.8148148148148149,0.20740740740740737,-0.040288082785418525
-0.7777777777777778,0.20740740740740737,-0.09821975841147433
-0.7407407407407407,0.20740740740740737,-0.0820202611073558
-0.7037037037037037,0.20740740740740737,-0.1015840072233354
-0.6666666666666667,0.20740740740740737,-0.08926017203480069
-0.6296296296296297,0.20740740740740737,-0.07658263669020589
-0.5925925925925926,0.20740740740740737,-0.06871919200962084
-0.5555555555555556,0.20740740740740737,-0.06272796011587774
-0.5185185185185186,0.20740740740740737,-0.0498295906182797
-0.4814814814814815,0.20740740740740737,-0.02517300967330901
-0.4444444444444444,0.20740740740740737,-0.007668996856326554
-0.40740740740740744,0.20740740740740737,0.03435774695282585
-0.37037037037037046,0.20740740740740737,0.0575573206469568
-0.33333333333333337,0.20740740740740737,0.0594765644347105
-0.2962962962962963,0.20740740740740737,0.11172926658010736
-0.2592592592592593,0.20740740740740737,0.14779370046766435
-0.22222222222222232,0.20740740740740737,0.19223316984016733
-0.18518518518518523,0.20740740740740737,0.21133891680251812
-0.14814814814814814,0.20740740740740737,0.27543827824749934
-0.11111111111111116,0.20740740740740737,0.3091005025781474
-0.07407407407407418,0.20740740740740737,0.35435360473261224
-0.03703703703703709,0.20740740740740737,0.3973558737126367
0.0,0.20740740740740737,0.4398784774270455
0.03703703703703698,0.20740740740740737,0.49608739026868315
0.07407407407407396,0.20740740740740737,0.5192556185567001
0.11111111111111116,0.20740740740740737,0.5597506266661999
0.14814814814814814,0.20740740740740737,0.5942393174612649
0.18518518518518512,0.20740740740740737,0.6328639618985389
0.2222222222222221,0.20740740740740737,0.618556665482809
0.2592592592592591,0.20740740740740737,0.6435720776852834
0.2962962962962963,0.20740740740740737,0.6817473734331889
0.33333333333333326,0.20740740740740737,0.7027432299486847
0.37037037037037024,0.20740740740740737,0.680314764098638
0.40740740740740744,0.20740740740740737,0.7110246778251968
0.4444444444444444,0.20740740740740737,0.6893185179296123
0.4814814814814814,0.20740740740740737,0.697494166867675
0.5185185185185184,0.20740740740740737,0.6758024187207532
0.5555555555555554,0.20740740740740737,0.666867531936636
0.5925925925925926,0.20740740740740737,0.6628354942261357
0.6296296296296295,0.20740740740740737,0.6595528800781632
0.6666666666666665,0.20740740740740737,0.6064775595765975
0.7037037037037037,0.20740740740740737,0.5639124823703432
0.7407407407407407,0.20740740740740737,0.5671784964794391
0.7777777777777777,0.20740740740740737,0.5436445917307564
0.8148148148148147,0.20740740740740737,0.5067815657584773
0.8518518518518516,0.20740740740740737,0.488515196991254
0.8888888888888888,0.20740740740740737,0.4428579644315739
0.9259259259259258,0.20740740740740737,0.4187943528816701
0.9629629629629628,0.20740740740740737,0.4057987117124971
1.0,0.20740740740740737,0.36485657071663485
-1.0,0.2333333333333334,-0.04084523297994029
-0.962962962962963,0.2333333333333334,-0.05160469736393653
-0.9259259259259259,0.2333333333333334,-0.08545420383233557
-0.8888888888888888,0.2333333333333334,-0.0864889648151219
-0.8518518518518519,0.2333333333333334,-0.06966103895877664
-0.8148148148148149,0.2333333333333334,-0.06998816144738118
-0.7777777777777778,0.2333333333333334,-0.09552610217270427
-0.7407407407407407,0.2333333333333334,-0.09050681245489256
-0.7037037037037037,0.2333333333333334,-0.07051063151671197
-0.6666666666666667,0.2333333333333334,-0.07392015246774648
-0.6296296296296297,0.2333333333333334,-0.06615946205251116
-0.5925925925925926,0.2333333333333334,-0.03734936476688861
-0.5555555555555556,0.2333333333333334,-0.02946869058501241
-0.5185185185185186,0.2333333333333334,-0.025844488003418382
-0.4814814814814815,0.2333333333333334,-0.01490402373696209
-0.4444444444444444,0.2333333333333334,-0.0019352451336436434
-0.40740740740740744,0.2333333333333334,0.029994232754770332
-0.37037037037037046,0.2333333333333334,0.013066431741484696
-0.33333333333333337,0.2333333333333334,0.06709106667661499
-0.2962962962962963,0.2333333333333334,0.10516528172821499
-0.2592592592592593,0.2333333333333334,0.12320766620819916
-0.22222222222222232,0.2333333333333334,0.17935770991386393
-0.18518518518518523,0.2333333333333334,0.17115885370308148
-0.14814814814814814,0.2333333333333334,0.25409825263184677
-0.11111111111111116,0.2333333333333334,0.26937702956293347
-0.07407407407407418,0.2333333333333334,0.3038077188295399
-0.03703703703703709,0.2333333333333334,0.3642456368199895
0.0,0.2333333333333334,0.37648084462090986
0.03703703703703698,0.2333333333333334,0.434274917830721
0.07407407407407396,0.2333333333333334,0.458511529557723
0.11111111111111116,0.2333333333333334,0.4985808984560398
0.14814814814814814,0.2333333333333334,0.5310424704191126
0.18518518518518512,0.2333333333333334,0.5459095476983734
0.2222222222222221,0.2333333333333334,0.5572021230894699
0.2592592592592591,0.2333333333333334,0.5906531160214569
0.2962962962962963,0.2333333333333334,0.5992731787226622
0.33333333333333326,0.2333333333333334,0.5990432054380994
0.37037037037037024,0.2333333333333334,0.6358769342999371
0.40740740740740744,0.2333333333333334,0.6109285785333013
0.4444444444444444,0.2333333333333334,0.6073345145462481
0.4814814814814814,0.2333333333333334,0.626797021541647
0.5185185185185184,0.2333333333333334,0.6304683874954995
0.5555555555555554,0.2333333333333334,0.604005264165532
0.5925925925925926,0.2333333333333334,0.585601562931943
0.6296296296296295,0.2333333333333334,0.5578251224859434
0.6666666666666665,0.2333333333333334,0.565374407685545
0.7037037037037037,0.2333333333333334,0.49772410093190184
0.7407407407407407,0.2333333333333334,0.5177627814276431
0.7777777777777777,0.2333333333333334,0.5026593121139143
0.8148148148148147,0.2333333333333334,0.4907693064702397
0.8518518518518516,0.2333333333333334,0.436057075222971
0.8888888888888888,0.2333333333333334,0.4422335496690664
0.9259259259259258,0.2333333333333334,0.38547006269369377
0.9629629629629628,0.2333333333333334,0.4251370392376827
1.0,0.2333333333333334,0.3612685110311143
-1.0,0.2592592592592593,-0.05626474364176042
-0.962962962962963,0.2592592592592593,-0.083784899947323
-0.9259259259259259,0.2592592592592593,-0.04984684000156944
-0.8888888888888888,0.2592592592592593,-0.06556045852919956
-0.8518518518518519,0.2592592592592593,-0.05362645993042382
-0.8148148148148149,0.2592592592592593,-0.07492905724359673
-0.7777777777777778,0.2592592592592593,-0.05408283934819817
-0.7407407407407407,0.2592592592592593,-0.07539416412642569
-0.7037037037037037,0.2592592592592593,-0.05705114362506811
-0.6666666666666667,0.2592592592592593,-0.06719723189210475
-0.6296296296296297,0.2592592592592593,-0.0064114531709320854
-0.5925925925925926,0.2592592592592593,-0.031857331567616
-0.5555555555555556,0.2592592592592593,-0.04890483366855551
-0.5185185185185186,0.2592592592592593,-0.019164452564390345
-0.4814814814814815,0.2592592592592593,-0.02356626561912147
-0.4444444444444444,0.2592592592592593,-0.003583313206025408
-0.40740740740740744,0.2592592592592593,0.03394116732470809
-0.37037037037037046,0.2592592592592593,0.06678867067552531
-0.33333333333333337,0.2592592592592593,0.07959971363631055
-0.2962962962962963,0.2592592592592593,0.09681234697242111
-0.2592592592592593,0.2592592592592593,0.135283427804449
-0.22222222222222232,0.2592592592592593,0.15783612629305563
-0.18518518518518523,0.2592592592592593,0.19316247021546254
-0.14814814814814814,0.2592592592592593,0.23247648705194288
-0.11111111111111116,0.2592592592592593,0.26010195023223015
-0.07407407407407418,0.2592592592592593,0.2630428467610908
-0.03703703703703709,0.2592592592592593,0.2923917001310718
0.0,0.2592592592592593,0.3496324216120143
0.03703703703703698,0.2592592592592593,0.35994948974266694
0.07407407407407396,0.2592592592592593,0.38917320073012407
0.11111111111111116,0.2592592592592593,0.4052961755853584
0.14814814814814814,0.2592592592592593,0.4124944540385549
0.18518518518518512,0.2592592592592593,0.4694902610969321
0.2222222222222221,0.2592592592592593,0.4765544194706988
0.2592592592592591,0.2592592592592593,0.5106948277101204
0.2962962962962963,0.2592592592592593,0.4978581959561829
0.33333333333333326,0.2592592592592593,0.5163979742282083
0.37037037037037024,0.2592592592592593,0.5355250854276595
0.40740740740740744,0.2592592592592593,0.5156920506428859
0.4444444444444444,0.2592592592592593,0.5193046494481895
0.4814814814814814,0.2592592592592593,0.5119457826152616
0.5185185185185184,0.2592592592592593,0.5249410023845889
0.5555555555555554,0.2592592592592593,0.49667421595076466
0.5925925925925926,0.2592592592592593,0.512809071371928
0.6296296296296295,0.2592592592592593,0.4631327645597947
0.6666666666666665,0.2592592592592593,0.4644670911854198
0.7037037037037037,0.2592592592592593,0.48015523080908107
0.7407407407407407,0.2592592592592593,0.4679970594743138
0.7777777777777777,0.2592592592592593,0.4452116558726431
0.8148148148148147,0.2592592592592593,0.3940295040879524
0.8518518518518516,0.2592592592592593,0.4137252711156048
0.8888888888888888,0.2592592592592593,0.3828425167181923
0.9259259259259258,0.2592592592592593,0.3769230869882219
0.9629629629629628,0.2592592592592593,0.38591926878778837
1.0,0.2592592592592593,0.3659216321690912
-1.0,0.2851851851851852,-0.032356352510529554
-0.962962962962963,0.2851851851851852,-0.0581535307564057
-0.9259259259259259,0.2851851851851852,-0.05767290485296383
-0.8888888888888888,0.2851851851851852,-0.05271250140820317
-0.8518518518518519,0.2851851851851852,-0.04540632600409547
-0.8148148148148149,0.2851851851851852,-0.037738414692163234
-0.7777777777777778,0.2851851851851852,-0.0037461587169813
-0.7407407407407407,0.2851851851851852,-0.03742120497760673
-0.7037037037037037,0.2851851851851852,-0.05055733484518486
-0.6666666666666667,0.2851851851851852,-0.019156950256924495
-0.6296296296296297,0.2851851851851852,-0.03470349758914186
-0.5925925925925926,0.2851851851851852,-0.032909652558110014
-0.5555555555555556,0.2851851851851852,-0.03233617292627517
-0.5185185185185186,0.2851851851851852,-0.010879513881851816
-0.4814814814814815,0.2851851851851852,0.0058313650338859295
-0.4444444444444444,0.2851851851851852,0.021665718034803
-0.40740740740740744,0.2851851851851852,0.03577948209121765
-0.37037037037037046,0.2851851851851852,0.057774555166290514
-0.33333333333333337,0.2851851851851852,0.037676111914832944
-0.2962962962962963,0.2851851851851852,0.09831984398591927
-0.2592592592592593,0.2851851851851852,0.10149493530456956
-0.22222222222222232,0.2851851851851852,0.14317611067965028
-0.18518518518518523,0.2851851851851852,0.15107748873527793
-0.14814814814814814,0.2851851851851852,0.1976779670042721
-0.11111111111111116,0.2851851851851852,0.19678453600629606
-0.07407407407407418,0.2851851851851852,0.25041666538012464
-0.03703703703703709,0.2851851851851852,0.26118325379805885
0.0,0.2851851851851852,0.3011952664970252
0.03703703703703698,0.2851851851851852,0.3248422275459273
0.07407407407407396,0.2851851851851852,0.32722765416452354
0.11111111111111116,0.2851851851851852,0.3364452976349099
0.14814814814814814,0.2851851851851852,0.36823221533174755
0.18518518518518512,0.2851851851851852,0.41285041631521385
0.2222222222222221,0.2851851851851852,0.3980592745851782
0.2592592592592591,0.2851851851851852,0.4179399624736404
0.2962962962962963,0.2851851851851852,0.4339957415151891
0.33333333333333326,0.2851851851851852,0.4199385400554702
0.37037037037037024,0.2851851851851852,0.43204283504697716
0.40740740740740744,0.2851851851851852,0.4522128475377724
0.4444444444444444,0.2851851851851852,0.4125222671540899
0.4814814814814814,0.2851851851851852,0.44120761001225245
0.5185185185185184,0.2851851851851852,0.4399930954315753
0.5555555555555554,0.2851851851851852,0.3940515802318393
0.5925925925925926,0.2851851851851852,0.43004081491585666
0.6296296296296295,0.2851851851851852,0.38786850646333293
0.6666666666666665,0.2851851851851852,0.40733968741511106
0.7037037037037037,0.2851851851851852,0.39983621776799316
0.7407407407407407,0.2851851851851852,0.3849758682752067
0.7777777777777777,0.2851851851851852,0.39073022138995833
0.8148148148148147,0.2851851851851852,0.385294669293407
0.8518518518518516,0.2851851851851852,0.3582877080617877
0.8888888888888888,0.2851851851851852,0.3502161256215109
0.9259259259259258,0.2851851851851852,0.3169378559049845
0.9629629629629628,0.2851851851851852,0.33738341389474047
1.0,0.2851851851851852,0.34471335162639094
-1.0,0.3111111111111111,-0.035748298604936175
-0.962962962962963,0.3111111111111111,-0.036297469410538415
-0.9259259259259259,0.3111111111111111,-0.006119593778592149
-0.8888888888888888,0.3111111111111111,-0.04313855920295165
-0.8518518518518519,0.3111111111111111,-0.05625992238133842
-0.8148148148148149,0.3111111111111111,-0.034059618225926146
-0.7777777777777778,0.3111111111111111,-0.026965507294634032
-0.7407407407407407,0.3111111111111111,-0.04640546917411787
-0.7037037037037037,0.3111111111111111,-0.07126673066669213
-0.6666666666666667,0.3111111111111111,-0.04469370294863678
-0.6296296296296297,0.3111111111111111,-0.017469333012854867
-0.5925925925925926,0.3111111111111111,-0.028866793741453414
-0.5555555555555556,0.3111111111111111,0.014897062009425198
-0.5185185185185186,0.3111111111111111,-0.02378600954767633
-0.4814814814814815,0.3111111111111111,0.0033723821284255776
-0.4444444444444444,0.3111111111111111,0.0074650584763532955
-0.40740740740740744,0.3111111111111111,0.04581178534659556
-0.37037037037037046,0.3111111111111111,0.05790738607869405
-0.33333333333333337,0.3111111111111111,0.05596521356284118
-0.2962962962962963,0.3111111111111111,0.09185742042253207
-0.2592592592592593,0.3111111111111111,0.11212665013636879
-0.22222222222222232,0.3111111111111111,0.14110985612499605
-0.18518518518518523,0.3111111111111111,0.1535649583572411
-0.14814814814814814,0.3111111111111111,0.17389631179183357
-0.11111111111111116,0.3111111111111111,0.16774816193722028
-0.07407407407407418,0.3111111111111111,0.21826919803778017
-0.03703703703703709,0.3111111111111111,0.20973296769714328
0.0,0.3111111111111111,0.27262600120049607
0.03703703703703698,0.3111111111111111,0.2690770907594598
0.07407407407407396,0.3111111111111111,0.279358695096639
0.11111111111111116,0.3111111111111111,0.3031314854683453
0.14814814814814814,0.3111111111111111,0.3252594783499065
0.18518518518518512,0.3111111111111111,0.34206029412983063
0.2222222222222221,0.3111111111111111,0.3447374682521608
0.2592592592592591,0.3111111111111111,0.3722418116922577
0.2962962962962963,0.3111111111111111,0.33808137250787584
0.33333333333333326,0.3111111111111111,0.3585163784496359
0.37037037037037024,0.3111111111111111,0.3266042140122508
0.40740740740740744,0.3111111111111111,0.366383425605898
0.4444444444444444,0.3111111111111111,0.3634893277294708
0.4814814814814814,0.3111111111111111,0.3597897729171754
0.5185185185185184,0.3111111111111111,0.36789109940790665
0.5555555555555554,0.3111111111111111,0.35029619445200866
0.5925925925925926,0.3111111111111111,0.3603442736842033
0.6296296296296295,0.3111111111111111,0.2940739561973329
0.6666666666666665,0.3111111111111111,0.3215052890229888
0.7037037037037037,0.3111111111111111,0.33160919687629903
0.7407407407407407,0.3111111111111111,0.3009717662914604
0.7777777777777777,0.3111111111111111,0.2939912463241296
0.8148148148148147,0.3111111111111111,0.3335191806444623
0.8518518518518516,0.3111111111111111,0.322071739692959
0.8888888888888888,0.3111111111111111,0.3265743237669303
0.9259259259259258,0.3111111111111111,0.29598600722018115
0.9629629629629628,0.3111111111111111,0.30308254262896345
1.0,0.3111111111111111,0.2980089122106861
-1.0,0.337037037037037,-0.03194458197097158
-0.962962962962963,0.337037037037037,-0.01049786983469022
-0.9259259259259259,0.337037037037037,-0.025084652636304227
-0.8888888888888888,0.337037037037037,-0.026676844976808993
-0.8518518518518519,0.337037037037037,-0.029892102241393635
-0.8148148148148149,0.337037037037037,-0.040620079770134175
-0.7777777777777778,0.337037037037037,-0.05287154025944567
-0.7407407407407407,0.337037037037037,-0.010605883191936474
-0.7037037037037037,0.337037037037037,-0.04231559771021193
-0.6666666666666667,0.337037037037037,-0.017655236803403133
-0.6296296296296297,0.337037037037037,-0.011801344998992491
-0.5925925925925926,0.337037037037037,0.011504750956953351
-0.5555555555555556,0.337037037037037,-0.009238697156156855
-0.5185185185185186,0.337037037037037,0.016718363427064294
-0.4814814814814815,0.337037037037037,0.029408955225286797
-0.4444444444444444,0.337037037037037,0.05894158986149919
-0.40740740740740744,0.337037037037037,0.05631844019216728
-0.37037037037037046,0.337037037037037,0.0668447552533881
-0.33333333333333337,0.337037037037037,0.055028403262661646
-0.2962962962962963,0.337037037037037,0.08400375397584031
-0.2592592592592593,0.337037037037037,0.061382491557416666
-0.22222222222222232,0.337037037037037,0.0666270040877387
-0.18518518518518523,0.337037037037037,0.10695387294016072
-0.14814814814814814,0.337037037037037,0.14486701461058116
-0.11111111111111116,0.337037037037037,0.1519071552811153
-0.07407407407407418,0.337037037037037,0.18347911499584257
-0.03703703703703709,0.337037037037037,0.21947515789283625
0.0,0.337037037037037,0.19867939920582325
0.03703703703703698,0.337037037037037,0.20905560773973614
0.07407407407407396,0.337037037037037,0.2535127542948357
0.11111111111111116,0.337037037037037,0.25264063464671943
0.14814814814814814,0.337037037037037,0.2565688460371344
0.18518518518518512,0.337037037037037,0.2976478996889219
0.2222222222222221,0.337037037037037,0.2738413360718038
0.2592592592592591,0.337037037037037,0.28149323357940237
0.2962962962962963,0.337037037037037,0.29320917787250245
0.33333333333333326,0.337037037037037,0.30405696324720205
0.37037037037037024,0.337037037037037,0.30713248985940905
0.40740740740740744,0.337037037037037,0.2932408486222288
0.4444444444444444,0.337037037037037,0.27232743063705983
0.4814814814814814,0.337037037037037,0.2828567660477867
0.5185185185185184,0.337037037037037,0.3132559185689743
0.5555555555555554,0.337037037037037,0.30514144697691487
0.5925925925925926,0.337037037037037,0.2905099028420814
0.6296296296296295,0.337037037037037,0.28071367611945136
0.6666666666666665,0.337037037037037,0.26164027825195924
0.7037037037037037,0.337037037037037,0.24271175098268385
0.7407407407407407,0.337037037037037,0.25346641862619707
0.7777777777777777,0.337037037037037,0.26883758408630926
0.8148148148148147,0.337037037037037,0.24645714847361502
0.8518518518518516,0.337037037037037,0.27252544229958925
0.8888888888888888,0.337037037037037,0.2331167218883877
0.9259259259259258,0.337037037037037,0.24898606788665828
0.9629629629629628,0.337037037037037,0.24853098841590907
1.0,0.337037037037037,0.269406737641146
-1.0,0.36296296296296293,-0.005922807719180466
-0.962962962962963,0.36296296296296293,-0.03585729931836793
-0.9259259259259259,0.36296296296296293,-0.05703162223942348
-0.8888888888888888,0.36296296296296293,-0.041285384294752134
-0.8518518518518519,0.36296296296296293,-0.004753775521847057
-0.8148148148148149,0.36296296296296293,-0.01171394252909707
-0.7777777777777778,0.36296296296296293,0.009126301831011856
-0.7407407407407407,0.36296296296296293,-0.02347873746383362
-0.7037037037037037,0.36296296296296293,0.0006755367658032134
-0.6666666666666667,0.36296296296296293,-0.016557063319409232
-0.6296296296296297,0.36296296296296293,-0.00915419404594929
-0.5925925925925926,0.36296296296296293,-0.01253688163988226
-0.5555555555555556,0.36296296296296293,0.018715850619764624
-0.5185185185185186,0.36296296296296293,0.006547437921261411
-0.4814814814814815,0.36296296296296293,0.020268544177119735
-0.4444444444444444,0.36296296296296293,0.023973724581198598
-0.40740740740740744,0.36296296296296293,0.04231096202816051
-0.37037037037037046,0.36296296296296293,0.052201414408318436
-0.33333333333333337,0.36296296296296293,0.059014150571424735
-0.2962962962962963,0.36296296296296293,0.08218754864070012
-0.2592592592592593,0.36296296296296293,0.06865451132028541
-0.22222222222222232,0.36296296296296293,0.09405619054006231
-0.18518518518518523,0.36296296296296293,0.09458920795247612
-0.14814814814814814,0.36296296296296293,0.12139317961879831
-0.11111111111111116,0.36296296296296293,0.12442482293533177
-0.07407407407407418,0.36296296296296293,0.13592313232045958
-0.03703703703703709,0.36296296296296293,0.14719397087466182
0.0,0.36296296296296293,0.1767414551848126
0.03703703703703698,0.36296296296296293,0.19516879792800898
0.07407407407407396,0.36296296296296293,0.17360314328957396
0.11111111111111116,0.36296296296296293,0.20589264930845524
0.14814814814814814,0.36296296296296293,0.23044699006184147
0.18518518518518512,0.36296296296296293,0.2238443665750739
0.2222222222222221,0.36296296296296293,0.25113561471423823
0.2592592592592591,0.36296296296296293,0.23449515342895694
0.2962962962962963,0.36296296296296293,0.24144820468844583
0.33333333333333326,0.36296296296296293,0.2588086035696408
0.37037037037037024,0.36296296296296293,0.2301359187991928
0.40740740740740744,0.36296296296296293,0.23261756318589513
0.4444444444444444,0.36296296296296293,0.25671399685254115
0.4814814814814814,0.36296296296296293,0.2443015637426339
0.5185185185185184,0.36296296296296293,0.21541209095672026
0.5555555555555554,0.36296296296296293,0.21207829225157707
0.5925925925925926,0.36296296296296293,0.23505341593040896
0.6296296296296295,0.36296296296296293,0.21477194503540603
0.6666666666666665,0.36296296296296293,0.21482333431256573
0.7037037037037037,0.36296296296296293,0.2339503914912808
0.7407407407407407,0.36296296296296293,0.19392897304134607
0.7777777777777777,0.36296296296296293,0.20653067688159546
0.8148148148148147,0.36296296296296293,0.21766967607920348
0.8518518518518516,0.36296296296296293,0.20072347370275398
0.8888888888888888,0.36296296296296293,0.18936088443760188
0.9259259259259258,0.36296296296296293,0.200494772527001
0.9629629629629628,0.36296296296296293,0.2028462564031134
1.0,0.36296296296296293,0.19349299557327285
-1.0,0.38888888888888884,0.002861039378803918
-0.962962962962963,0.38888888888888884,-0.03195930870525447
-0.9259259259259259,0.38888888888888884,-0.017868254842458735
-0.8888888888888888,0.38888888888888884,-0.042282973475882425
-0.8518518518518519,0.38888888888888884,-0.013396153895428354
-0.8148148148148149,0.38888888888888884,-0.017217906658326187
-0.7777777777777778,0.38888888888888884,-0.02546889866459565
-0.7407407407407407,0.38888888888888884,-0.006733812218926388
-0.7037037037037037,0.38888888888888884,-0.002234137015056807
-0.6666666666666667,0.38888888888888884,-0.004063351187602343
-0.6296296296296297,0.38888888888888884,-0.03919991202251147
-0.5925925925925926,0.38888888888888884,0.011119706049209968
-0.5555555555555556,0.38888888888888884,-0.010964210293861203
-0.5185185185185186,0.38888888888888884,-0.010181983404963391
-0.4814814814814815,0.38888888888888884,0.0182999092098981
-0.4444444444444444,0.38888888888888884,0.036229423663202504
-0.40740740740740744,0.38888888888888884,0.04925424016349479
-0.37037037037037046,0.38888888888888884,0.03578710455427151
-0.33333333333333337,0.38888888888888884,0.028708970228436465
-0.2962962962962963,0.38888888888888884,0.05926336290329287
-0.2592592592592593,0.38888888888888884,0.06614412139014374
-0.22222222222222232,0.38888888888888884,0.061199587031996586
-0.18518518518518523,0.38888888888888884,0.06420925466307507
-0.14814814814814814,0.38888888888888884,0.1077836438915288
-0.11111111111111116,0.38888888888888884,0.10747504003192364
-0.07407407407407418,0.38888888888888884,0.09298767812388692
-0.03703703703703709,0.38888888888888884,0.14940069445869555
0.0,0.38888888888888884,0.13233235998123943
0.03703703703703698,0.38888888888888884,0.16741298630182833
0.07407407407407396,0.38888888888888884,0.13895931837720546
0.11111111111111116,0.38888888888888884,0.16482330522573066
0.14814814814814814,0.38888888888888884,0.1399514102405762
0.18518518518518512,0.38888888888888884,0.20713929862806796
0.2222222222222221,0.38888888888888884,0.1962581959109816
0.2592592592592591,0.38888888888888884,0.19050832192364608
0.2962962962962963,0.38888888888888884,0.20307815693276224
0.33333333333333326,0.38888888888888884,0.20475703406849563
0.37037037037037024,0.38888888888888884,0.1982125118578646
0.40740740740740744,0.38888888888888884,0.17540387160449344
0.4444444444444444,0.38888888888888884,0.20178326505027785
0.4814814814814814,0.38888888888888884,0.17960330692959373
0.5185185185185184,0.38888888888888884,0.18694127085640624
0.5555555555555554,0.38888888888888884,0.17090801497815064
0.5925925925925926,0.38888888888888884,0.17212118068795262
0.6296296296296295,0.38888888888888884,0.16992444662754216
0.6666666666666665,0.38888888888888884,0.16830325514605007
0.7037037037037037,0.38888888888888884,0.17202992648155802
0.7407407407407407,0.38888888888888884,0.1734111808502111
0.7777777777777777,0.38888888888888884,0.15723705381876876
0.8148148148148147,0.38888888888888884,0.1658723131237479
0.8518518518518516,0.38888888888888884,0.1439748263174432
0.8888888888888888,0.38888888888888884,0.15519986001320304
0.9259259259259258,0.38888888888888884,0.13582889821597413
0.9629629629629628,0.38888888888888884,0.1525499396603404
1.0,0.38888888888888884,0.16687697890618725
-1.0,0.41481481481481475,-0.038554566501879335
-0.962962962962963,0.41481481481481475,-0.030138434037666174
-0.9259259259259259,0.41481481481481475,-0.03567232965986998
-0.8888888888888888,0.41481481481481475,-0.014064842140259076
-0.8518518518518519,0.41481481481481475,-0.003135416640236111
-0.8148148148148149,0.41481481481481475,0.005880050125346412
-0.7777777777777778,0.41481481481481475,-0.0038746368752666793
-0.7407407407407407,0.41481481481481475,-0.008317395343609656
-0.7037037037037037,0.41481481481481475,-0.012744214284611212
-0.6666666666666667,0.41481481481481475,-0.020457595291327554
-0.6296296296296297,0.41481481481481475,-0.013833641753420035
-0.5925925925925926,0.41481481481481475,0.029255854872081117
-0.5555555555555556,0.41481481481481475,-0.008197859142627079
-0.5185185185185186,0.41481481481481475,0.008239754456669968
-0.4814814814814815,0.41481481481481475,0.03353156391451802
-0.4444444444444444,0.41481481481481475,0.021814019180445076
-0.40740740740740744,0.41481481481481475,0.01684892184868901
-0.37037037037037046,0.41481481481481475,0.036198282425405244
-0.33333333333333337,0.41481481481481475,0.03878288248426705
-0.2962962962962963,0.41481481481481475,0.04191063970858474
-0.2592592592592593,0.41481481481481475,0.06471206087038249
-0.22222222222222232,0.41481481481481475,0.05666906303226307
-0.18518518518518523,0.41481481481481475,0.08271335893901602
-0.14814814814814814,0.41481481481481475,0.07774525620490924
-0.11111111111111116,0.41481481481481475,0.08141356230810604
-0.07407407407407418,0.41481481481481475,0.07100800839605925
-0.03703703703703709,0.41481481481481475,0.09091214065477451
0.0,0.41481481481481475,0.1326965688908387
0.03703703703703698,0.41481481481481475,0.14251562594399939
0.07407407407407396,0.41481481481481475,0.15106770233511901
0.11111111111111116,0.41481481481481475,0.17724531097348084
0.14814814814814814,0.41481481481481475,0.1399385642037
0.18518518518518512,0.41481481481481475,0.15884921247181524
0.2222222222222221,0.41481481481481475,0.1628769125990042
0.2592592592592591,0.41481481481481475,0.16135580014842527
0.2962962962962963,0.41481481481481475,0.1391396399193406
0.33333333333333326,0.41481481481481475,0.13078934551998211
0.37037037037037024,0.41481481481481475,0.18237426098238083
0.40740740740740744,0.41481481481481475,0.14859416883524945
0.4444444444444444,0.41481481481481475,0.1395439928056273
0.4814814814814814,0.41481481481481475,0.16142592995947275
0.5185185185185184,0.41481481481481475,0.1294469541425906
0.5555555555555554,0.41481481481481475,0.12607275429974774
0.5925925925925926,0.41481481481481475,0.14050839349116223
0.6296296296296295,0.41481481481481475,0.1212199820328472
0.6666666666666665,0.41481481481481475,0.13137125912767794
0.7037037037037037,0.41481481481481475,0.13632795390120384
0.7407407407407407,0.41481481481481475,0.10097804918472805
0.7777777777777777,0.41481481481481475,0.10847390323883878
0.8148148148148147,0.41481481481481475,0.11225889663505234
0.8518518518518516,0.41481481481481475,0.07269869162378262
0.8888888888888888,0.41481481481481475,0.12826409776732423
0.9259259259259258,0.41481481481481475,0.09319499383266014
0.9629629629629628,0.41481481481481475,0.1279076590175695
1.0,0.41481481481481475,0.09989359490579251
-1.0,0.44074074074074066,0.004216667068610076
-0.962962962962963,0.44074074074074066,-0.015250368857518522
-0.9259259259259259,0.44074074074074066,-0.02249809107101071
-0.8888888888888888,0.44074074074074066,0.0065154462897901114
-0.8518518518518519,0.44074074074074066,-0.012859402145893236
-0.8148148148148149,0.44074074074074066,-0.0028871067987885878
-0.7777777777777778,0.44074074074074066,-0.018344042024235042
-0.7407407407407407,0.44074074074074066,-0.0007233626330103134
-0.7037037037037037,0.44074074074074066,0.007147534471240816
-0.6666666666666667,0.44074074074074066,0.0020122507282209906
-0.6296296296296297,0.44074074074074066,0.004908666599361884
-0.5925925925925926,0.44074074074074066,-0.007858523614126721
-0.5555555555555556,0.44074074074074066,0.014452264435144021
-0.5185185185185186,0.44074074074074066,0.028812106868255437
-0.4814814814814815,0.44074074074074066,-0.0007744029667531727
-0.4444444444444444,0.44074074074074066,0.007472738461220388
-0.40740740740740744,0.44074074074074066,0.0028439437961201887
-0.37037037037037046,0.44074074074074066,0.0009729428701683307
-0.33333333333333337,0.44074074074074066,0.0315918884199209
-0.2962962962962963,0.44074074074074066,0.012044843650248875
-0.2592592592592593,0.44074074074074066,0.0444759875807315
-0.22222222222222232,0.44074074074074066,0.0552321809065812
-0.18518518518518523,0.44074074074074066,0.06408554803512356
-0.14814814814814814,0.44074074074074066,0.06943997529476545
-0.11111111111111116,0.44074074074074066,0.08256004250467758
-0.07407407407407418,0.44074074074074066,0.063558559101628
-0.03703703703703709,0.44074074074074066,0.0705962384161018
0.0,0.44074074074074066,0.10343401779568993
0.03703703703703698,0.44074074074074066,0.11616570895872295
0.07407407407407396,0.44074074074074066,0.10147199747965735
0.11111111111111116,0.44074074074074066,0.0965597970426192
0.14814814814814814,0.44074074074074066,0.12418406243274084
0.18518518518518512,0.44074074074074066,0.12846741876120932
0.2222222222222221,0.44074074074074066,0.12173131433126148
0.2592592592592591,0.44074074074074066,0.13049447240622453
0.2962962962962963,0.44074074074074066,0.15043498394703952
0.33333333333333326,0.44074074074074066,0.0849687433615291
0.37037037037037024,0.44074074074074066,0.11826336401589782
0.40740740740740744,0.44074074074074066,0.1157854494635735
0.4444444444444444,0.44074074074074066,0.15673464705293152
0.4814814814814814,0.44074074074074066,0.12303918854164513
0.5185185185185184,0.44074074074074066,0.11266751539539212
0.5555555555555554,0.44074074074074066,0.12250821134327226
0.5925925925925926,0.44074074074074066,0.10563248026477125
0.6296296296296295,0.44074074074074066,0.09560607877596188
0.6666666666666665,0.44074074074074066,0.07174326249718294
0.7037037037037037,0.44074074074074066,0.1042364699583121
0.7407407407407407,0.44074074074074066,0.08408701720278121
0.7777777777777777,0.44074074074074066,0.08119892714228392
0.8148148148148147,0.44074074074074066,0.06623041433927102
0.8518518518518516,0.44074074074074066,0.08649034042755115
0.8888888888888888,0.44074074074074066,0.0792784934823472
0.9259259259259258,0.44074074074074066,0.0936655505485689
0.9629629629629628,0.44074074074074066,0.0685687458275517
1.0,0.44074074074074066,0.09088751107487779
-1.0,0.4666666666666668,-0.03383853067276424
-0.962962962962963,0.4666666666666668,0.002569955522157656
-0.9259259259259259,0.4666666666666668,0.014059054427726161
-0.8888888888888888,0.4666666666666668,-0.019686679039326718
-0.8518518518518519,0.4666666666666668,-0.00020102764635271733
-0.8148148148148149,0.4666666666666668,-0.0018674262474982321
-0.7777777777777778,0.4666666666666668,-0.011694852825339046
-0.7407407407407407,0.4666666666666668,0.022327002080683465
-0.7037037037037037,0.4666666666666668,0.010377446142322473
-0.6666666666666667,0.4666666666666668,-0.016605463476296226
-0.6296296296296297,0.4666666666666668,-0.006785212928491401
-0.5925925925925926,0.4666666666666668,0.003530794513052813
-0.5555555555555556,0.4666666666666668,0.0002568347150815691
-0.5185185185185186,0.4666666666666668,0.012088448581670174
-0.4814814814814815,0.4666666666666668,-0.00505223428367519
-0.4444444444444444,0.4666666666666668,0.015601419426352384
-0.40740740740740744,0.4666666666666668,-0.002248328831032771
-0.37037037037037046,0.4666666666666668,0.02766275020771284
-0.33333333333333337,0.4666666666666668,0.015154987002961024
-0.2962962962962963,0.4666666666666668,0.03189610191696575
-0.2592592592592593,0.4666666666666668,0.019097108907146196
-0.22222222222222232,0.4666666666666668,0.05565669104936036
-0.18518518518518523,0.4666666666666668,0.040856617647726495
-0.14814814814814814,0.4666666666666668,0.046342044331918936
-0.11111111111111116,0.4666666666666668,0.08150776389266225
-0.07407407407407418,0.4666666666666668,0.062455326611534495
-0.03703703703703709,0.4666666666666668,0.05156732970916224
0.0,0.4666666666666668,0.06815468147821388
0.03703703703703698,0.4666666666666668,0.075648447129784
0.07407407407407396,0.4666666666666668,0.09343745839816277
0.11111111111111116,0.4666666666666668,0.09280006276735796
0.14814814814814814,0.4666666666666668,0.10385924970057156
0.18518518518518512,0.4666666666666668,0.07176458829318724
0.2222222222222221,0.4666666666666668,0.1002861700593041
0.2592592592592591,0.4666666666666668,0.11158727137901785
0.2962962962962963,0.4666666666666668,0.07865027745228025
0.33333333333333326,0.4666666666666668,0.10612792553725436
0.37037037037037024,0.4666666666666668,0.09737677544392746
0.40740740740740744,0.4666666666666668,0.08621411230486903
0.4444444444444444,0.4666666666666668,0.11636748642889358
0.4814814814814814,0.4666666666666668,0.07023589844571025
0.5185185185185184,0.4666666666666668,0.08918797452039433
0.5555555555555554,0.4666666666666668,0.09795152319814084
0.5925925925925926,0.4666666666666668,0.10678727950678442
0.6296296296296295,0.4666666666666668,0.09461260561428377
0.6666666666666665,0.4666666666666668,0.05542970475064911
0.7037037037037037,0.4666666666666668,0.044816438403339764
0.7407407407407407,0.4666666666666668,0.03709098857802394
0.7777777777777777,0.4666666666666668,0.07469878189990051
0.8148148148148147,0.4666666666666668,0.03644333464381975
0.8518518518518516,0.4666666666666668,0.04679436485115384
0.8888888888888888,0.4666666666666668,0.08802150306588023
0.9259259259259258,0.4666666666666668,0.045755296386843974
0.9629629629629628,0.4666666666666668,0.055651252075075514
1.0,0.4666666666666668,0.0530079346710661
-1.0,0.4925925925925927,-0.02798456966514122
-0.962962962962963,0.4925925925925927,-0.014723829385042178
-0.9259259259259259,0.4925925925925927,-0.004269544149727729
-0.8888888888888888,0.4925925925925927,0.015543913751189894
-0.8518518518518519,0.4925925925925927,-0.0011247195014539193
-0.8148148148148149,0.4925925925925927,-0.015568631005179783
-0.7777777777777778,0.4925925925925927,-0.007631654926846521
-0.7407407407407407,0.4925925925925927,-0.013289371261006978
-0.7037037037037037,0.4925925925925927,-0.0017714169169266562
-0.6666666666666667,0.4925925925925927,-0.0001839883137883182
-0.6296296296296297,0.4925925925925927,0.023565364590750832
-0.5925925925925926,0.4925925925925927,-0.012617716970566222
-0.5555555555555556,0.4925925925925927,0.005966240879966046
-0.5185185185185186,0.4925925925925927,0.019256446553816677
-0.4814814814814815,0.4925925925925927,-0.027394258388794307
-0.4444444444444444,0.4925925925925927,0.052314094632313964
-0.40740740740740744,0.4925925925925927,0.009755774753897955
-0.37037037037037046,0.4925925925925927,0.014360995523023647
-0.33333333333333337,0.4925925925925927,0.02980571357286748
-0.2962962962962963,0.4925925925925927,0.030305965802057633
-0.2592592592592593,0.4925925925925927,0.04659481583523524
-0.22222222222222232,0.4925925925925927,0.04667795615302182
-0.18518518518518523,0.4925925925925927,0.043752143920279964
-0.14814814814814814,0.4925925925925927,0.05310613329431911
-0.11111111111111116,0.4925925925925927,0.054885483064478865
-0.07407407407407418,0.4925925925925927,0.0527861677047548
-0.03703703703703709,0.4925925925925927,0.04312947496395983
0.0,0.4925925925925927,0.05475529289541887
0.03703703703703698,0.4925925925925927,0.05397965707596275
0.07407407407407396,0.4925925925925927,0.06126529356349605
0.11111111111111116,0.4925925925925927,0.08812976999096195
0.14814814814814814,0.4925925925925927,0.09268169155112899
0.18518518518518512,0.4925925925925927,0.07228205150524868
0.2222222222222221,0.4925925925925927,0.08056637396384342
0.2592592592592591,0.4925925925925927,0.05122420089932879
0.2962962962962963,0.4925925925925927,0.08696055500618734
0.33333333333333326,0.4925925925925927,0.08847658444471429
0.37037037037037024,0.4925925925925927,0.06776455294469359
0.40740740740740744,0.4925925925925927,0.07720016137563598
0.4444444444444444,0.4925925925925927,0.04985533466431327
0.4814814814814814,0.4925925925925927,0.056803743002093024
0.5185185185185184,0.4925925925925927,0.07222752467522442
0.5555555555555554,0.4925925925925927,0.09735514221767785
0.5925925925925926,0.4925925925925927,0.0673724745742679
0.6296296296296295,0.4925925925925927,0.06664537433900491
0.6666666666666665,0.4925925925925927,0.0595330423635804
0.7037037037037037,0.4925925925925927,0.07573117534447278
0.7407407407407407,0.4925925925925927,0.06675362720747137
0.7777777777777777,0.4925925925925927,0.04522265335611564
0.8148148148148147,0.4925925925925927,0.01832326446567203
0.8518518518518516,0.4925925925925927,0.0394531607370149
0.8888888888888888,0.4925925925925927,-0.0008106984593899552
0.9259259259259258,0.4925925925925927,0.06027009248934938
0.9629629629629628,0.4925925925925927,0.03638090207932217
1.0,0.4925925925925927,0.04796372154411845
-1.0,0.5185185185185186,0.014289269444538422
-0.962962962962963,0.5185185185185186,0.01263737046782429
-0.9259259259259259,0.5185185185185186,-0.022485201871880703
-0.8888888888888888,0.5185185185185186,-0.024421186016906852
-0.8518518518518519,0.5185185185185186,-0.008035238749244139
-0.8148148148148149,0.5185185185185186,-0.020903150766919065
-0.7777777777777778,0.5185185185185186,0.010073170090353183
-0.7407407407407407,0.5185185185185186,0.001956232369946544
-0.7037037037037037,0.5185185185185186,-0.00047315939224209244
-0.6666666666666667,0.5185185185185186,-0.0064810845430431545
-0.6296296296296297,0.5185185185185186,0.015739676388731434
-0.5925925925925926,0.5185185185185186,0.004513102106217495
-0.5555555555555556,0.5185185185185186,0.018276811296908127
-0.5185185185185186,0.5185185185185186,-0.012868023701563185
-0.4814814814814815,0.5185185185185186,-0.008595980377538993
-0.4444444444444444,0.5185185185185186,0.018679586849797328
-0.40740740740740744,0.5185185185185186,0.024104599490731356
-0.37037037037037046,0.5185185185185186,0.011766797853275788
-0.33333333333333337,0.5185185185185186,0.011748230803142731
-0.2962962962962963,0.5185185185185186,0.012179260123255677
-0.2592592592592593,0.5185185185185186,0.049177579960609286
-0.22222222222222232,0.5185185185185186,0.04082493462342665
-0.18518518518518523,0.5185185185185186,0.03255387063226183
-0.14814814814814814,0.5185185185185186,0.04986216308656018
-0.11111111111111116,0.5185185185185186,0.04135592046555068
-0.07407407407407418,0.5185185185185186,0.04255770011187663
-0.03703703703703709,0.5185185185185186,0.04648020273990191
0.0,0.5185185185185186,0.041570473734532834
0.03703703703703698,0.5185185185185186,0.028866168264088436
0.07407407407407396,0.5185185185185186,0.06089417935993427
0.11111111111111116,0.5185185185185186,0.05727326783475076
0.14814814814814814,0.5185185185185186,0.05110938236649138
0.18518518518518512,0.5185185185185186,0.055118352701001724
0.2222222222222221,0.5185185185185186,0.044338727322213334
0.2592592592592591,0.5185185185185186,0.06288425860742053
0.2962962962962963,0.5185185185185186,0.06281842538686754
0.33333333333333326,0.5185185185185186,0.049875128106344
0.37037037037037024,0.5185185185185186,0.045904594614518804
0.40740740740740744,0.5185185185185186,0.058099180693208796
0.4444444444444444,0.5185185185185186,0.050643224965557995
0.4814814814814814,0.5185185185185186,0.04798640770555006
0.5185185185185184,0.5185185185185186,0.04284111358834498
0.5555555555555554,0.5185185185185186,0.04190711355350461
0.5925925925925926,0.5185185185185186,0.0070718175194825345
0.6296296296296295,0.5185185185185186,0.037372289960045
0.6666666666666665,0.5185185185185186,0.045173048528608456
0.7037037037037037,0.5185185185185186,0.008042875334545438
0.7407407407407407,0.5185185185185186,0.04587722113479831
0.7777777777777777,0.5185185185185186,0.016931454854010316
0.8148148148148147,0.5185185185185186,0.051569429240499245
0.8518518518518516,0.5185185185185186,0.03781272708042406
0.8888888888888888,0.5185185185185186,0.010997566460375679
0.9259259259259258,0.5185185185185186,0.037094083329077855
0.9629629629629628,0.5185185185185186,0.020953165374749352
1.0,0.5185185185185186,0.04808009402832409
-1.0,0.5444444444444445,-0.009644580016068573
-0.962962962962963,0.5444444444444445,0.012695348313182166
-0.9259259259259259,0.5444444444444445,-0.00046686837750862034
-0.8888888888888888,0.5444444444444445,-0.0053143323879757225
-0.8518518518518519,0.5444444444444445,0.005931212012813228
-0.8148148148148149,0.5444444444444445,-0.014073073108106297
-0.7777777777777778,0.5444444444444445,0.012514196422604375
-0.7407407407407407,0.5444444444444445,0.019203220978289675
-0.7037037037037037,0.5444444444444445,0.004817487856639019
-0.6666666666666667,0.5444444444444445,0.00600150746935264
-0.6296296296296297,0.5444444444444445,0.015230280889423015
-0.5925925925925926,0.5444444444444445,0.018346215350594962
-0.5555555555555556,0.5444444444444445,0.010020778644567371
-0.5185185185185186,0.5444444444444445,0.035024064922380804
-0.4814814814814815,0.5444444444444445,-0.011806570812386868
-0.4444444444444444,0.5444444444444445,0.0007659686541322706
-0.40740740740740744,0.5444444444444445,0.003483556768182805
-0.37037037037037046,0.5444444444444445,0.040862109326087595
-0.33333333333333337,0.5444444444444445,0.035444301677076545
-0.2962962962962963,0.5444444444444445,0.008530340728430449
-0.2592592592592593,0.5444444444444445,-0.005413187567318189
-0.22222222222222232,0.5444444444444445,-0.0004915491484085606
-0.18518518518518523,0.5444444444444445,0.031402201576310004
-0.14814814814814814,0.5444444444444445,-0.017106106711326785
-0.11111111111111116,0.5444444444444445,0.025887402129009772
-0.07407407407407418,0.5444444444444445,0.0299036471763858
-0.03703703703703709,0.5444444444444445,0.03595317190183116
0.0,0.5444444444444445,0.06275260859538312
0.03703703703703698,0.5444444444444445,0.04540560317930725
0.07407407407407396,0.5444444444444445,0.0390569376406804
0.11111111111111116,0.5444444444444445,0.02960582313665598
0.14814814814814814,0.5444444444444445,0.046053737190627206
0.18518518518518512,0.5444444444444445,0.04843452723015211
0.2222222222222221,0.5444444444444445,0.06564781708259698
0.2592592592592591,0.5444444444444445,0.024703653140486947
0.2962962962962963,0.5444444444444445,0.033461335911498545
0.33333333333333326,0.5444444444444445,0.033302068624496514
0.37037037037037024,0.5444444444444445,0.03852111102000342
0.40740740740740744,0.5444444444444445,0.01522899094574411
0.4444444444444444,0.5444444444444445,0.03277828794703932
0.4814814814814814,0.5444444444444445,0.04884531311235797
0.5185185185185184,0.5444444444444445,0.03834476635723576
0.5555555555555554,0.5444444444444445,0.030476440497417392
0.5925925925925926,0.5444444444444445,0.0407836210586091
0.6296296296296295,0.5444444444444445,-0.0038735644856068216
0.6666666666666665,0.5444444444444445,0.0445153456530183
0.7037037037037037,0.5444444444444445,0.022146664430997415
0.7407407407407407,0.5444444444444445,0.04793796579518342
0.7777777777777777,0.5444444444444445,0.037569402974360566
0.8148148148148147,0.5444444444444445,0.01122094306694312
0.8518518518518516,0.5444444444444445,0.010575203907814879
0.8888888888888888,0.5444444444444445,0.018320522817028718
0.9259259259259258,0.5444444444444445,0.025806462932570322
0.9629629629629628,0.5444444444444445,0.0032757251719239527
1.0,0.5444444444444445,0.011620092588450315
-1.0,0.5703703703703704,0.02054569292693551
-0.962962962962963,0.5703703703703704,0.008810716731791679
-0.9259259259259259,0.5703703703703704,-0.005281810212413271
-0.8888888888888888,0.5703703703703704,0.005914229070584819
-0.8518518518518519,0.5703703703703704,0.015810523436169323
-0.8148148148148149,0.5703703703703704,-0.016700115229881428
-0.7777777777777778,0.5703703703703704,-0.014378798992095066
-0.7407407407407407,0.5703703703703704,0.0011905156859651524
-0.7037037037037037,0.5703703703703704,-6.511449526501532e-05
-0.6666666666666667,0.5703703703703704,0.011096540161754018
-0.6296296296296297,0.5703703703703704,-0.009601658351667817
-0.5925925925925926,0.5703703703703704,-0.006820680978179348
-0.5555555555555556,0.5703703703703704,-0.015761130323280612
-0.5185185185185186,0.5703703703703704,-0.021680925164060408
-0.4814814814814815,0.5703703703703704,-0.024771631765489095
-0.4444444444444444,0.5703703703703704,0.022985233203510057
-0.40740740740740744,0.5703703703703704,-0.003643811955116115
-0.37037037037037046,0.5703703703703704,0.013502987997052848
-0.33333333333333337,0.5703703703703704,-0.005719351590056453
-0.2962962962962963,0.5703703703703704,0.038902292874379026
-0.2592592592592593,0.5703703703703704,0.01739661843944697
-0.22222222222222232,0.5703703703703704,0.01453191828387398
-0.18518518518518523,0.5703703703703704,0.028851330472862417
-0.14814814814814814,0.5703703703703704,0.016238252284750322
-0.11111111111111116,0.5703703703703704,0.00938235566245955
-0.07407407407407418,0.5703703703703704,0.04156511276712565
-0.03703703703703709,0.5703703703703704,0.021310945503070715
0.0,0.5703703703703704,0.019923758252984248
0.03703703703703698,0.5703703703703704,0.023511578403790614
0.07407407407407396,0.5703703703703704,0.05463675605636266
0.11111111111111116,0.5703703703703704,0.03789285565382019
0.14814814814814814,0.5703703703703704,0.04589282643522826
0.18518518518518512,0.5703703703703704,0.02278019836528286
0.2222222222222221,0.5703703703703704,0.05219101159945466
0.2592592592592591,0.5703703703703704,0.03867239634825231
0.2962962962962963,0.5703703703703704,0.02580499238251087
0.33333333333333326,0.5703703703703704,0.006137735402764025
0.37037037037037024,0.5703703703703704,0.02927084292508878
0.40740740740740744,0.5703703703703704,0.02382844395651381
0.4444444444444444,0.5703703703703704,0.056618849632005384
0.4814814814814814,0.5703703703703704,0.021048167036440683
0.5185185185185184,0.5703703703703704,0.013563276844426679
0.5555555555555554,0.5703703703703704,0.027988764499705276
0.5925925925925926,0.5703703703703704,0.02940584012280329
0.6296296296296295,0.5703703703703704,0.01502372696938519
0.6666666666666665,0.5703703703703704,0.009067140266313485
0.7037037037037037,0.5703703703703704,0.036420143197269605
0.7407407407407407,0.5703703703703704,0.042450432050287396
0.7777777777777777,0.5703703703703704,0.011053012335746373
0.8148148148148147,0.5703703703703704,0.021493478736716354
0.8518518518518516,0.5703703703703704,0.018477109928088733
0.8888888888888888,0.5703703703703704,0.004034942194030597
0.9259259259259258,0.5703703703703704,0.008496325976005
0.9629629629629628,0.5703703703703704,0.025575086807261716
1.0,0.5703703703703704,0.020113854352127727
-1.0,0.5962962962962963,0.01449299829264407
-0.962962962962963,0.5962962962962963,0.016872633872315114
-0.9259259259259259,0.5962962962962963,0.015074024096399385
-0.8888888888888888,0.5962962962962963,-0.022839257164782707
-0.8518518518518519,0.5962962962962963,0.015423491883262995
-0.8148148148148149,0.5962962962962963,0.012409708049555613
-0.7777777777777778,0.5962962962962963,-0.030783836366035797
-0.7407407407407407,0.5962962962962963,-0.01462200659218428
-0.7037037037037037,0.5962962962962963,-0.0011138743003017702
-0.6666666666666667,0.5962962962962963,0.006508988943893341
-0.6296296296296297,0.5962962962962963,0.03654465671460142
-0.5925925925925926,0.5962962962962963,-0.0047048840173696945
-0.5555555555555556,0.5962962962962963,0.04530328025030702
-0.5185185185185186,0.5962962962962963,-0.00978175345833231
-0.4814814814814815,0.5962962962962963,0.01779325788843386
-0.4444444444444444,0.5962962962962963,-0.027618440235108063
-0.40740740740740744,0.5962962962962963,-0.009049306945209185
-0.37037037037037046,0.5962962962962963,-0.023526811566344563
-0.33333333333333337,0.5962962962962963,0.001960778295317177
-0.2962962962962963,0.5962962962962963,0.008323846681977803
-0.2592592592592593,0.5962962962962963,0.004045581613549081
-0.22222222222222232,0.5962962962962963,0.0019808765844263557
-0.18518518518518523,0.5962962962962963,0.036991619498050035
-0.14814814814814814,0.5962962962962963,0.026815076249398585
-0.11111111111111116,0.5962962962962963,-0.005733633556761108
-0.07407407407407418,0.5962962962962963,0.01343219409620612
-0.03703703703703709,0.5962962962962963,0.011979717227396172
0.0,0.5962962962962963,0.021562625562835145
0.03703703703703698,0.5962962962962963,0.018277343767586857
0.07407407407407396,0.5962962962962963,0.025813625454637525
0.11111111111111116,0.5962962962962963,0.0389461938412552
0.14814814814814814,0.5962962962962963,0.030258957336765296
0.18518518518518512,0.5962962962962963,0.021655490050843346
0.2222222222222221,0.5962962962962963,0.02554186614059052
0.2592592592592591,0.5962962962962963,0.026554073419478453
0.2962962962962963,0.5962962962962963,0.013536351016261158
0.33333333333333326,0.5962962962962963,-0.008572561818278424
0.37037037037037024,0.5962962962962963,0.01587447858547708
0.40740740740740744,0.5962962962962963,0.008033462755328635
0.4444444444444444,0.5962962962962963,0.03224686791705114
0.4814814814814814,0.5962962962962963,-0.003799755073626041
0.5185185185185184,0.5962962962962963,0.018722903568859785
0.5555555555555554,0.5962962962962963,0.020149834970719458
0.5925925925925926,0.5962962962962963,0.0019448604882165918
0.6296296296296295,0.5962962962962963,0.027656690607190896
0.6666666666666665,0.5962962962962963,0.009297791732058944
0.7037037037037037,0.5962962962962963,0.011789459875331225
0.7407407407407407,0.5962962962962963,0.015741253146998008
0.7777777777777777,0.5962962962962963,0.0028153899311908447
0.8148148148148147,0.5962962962962963,0.015084393411395766
0.8518518518518516,0.5962962962962963,0.02973725492837952
0.8888888888888888,0.5962962962962963,0.014170934027603818
0.9259259259259258,0.5962962962962963,-0.03650371277684204
0.9629629629629628,0.5962962962962963,0.020741401392136802
1.0,0.5962962962962963,0.033763238171746576
-1.0,0.6222222222222222,-0.026250518624770517
-0.962962962962963,0.6222222222222222,0.00478230627521019
-0.9259259259259259,0.6222222222222222,-0.021575262362185987
-0.8888888888888888,0.6222222222222222,-0.006091643170385857
-0.8518518518518519,0.6222222222222222,-0.006209553899413865
-0.8148148148148149,0.6222222222222222,-0.004925843751622717
-0.7777777777777778,0.6222222222222222,0.0005301426883200847
-0.7407407407407407,0.6222222222222222,0.004011547701300908
-0.7037037037037037,0.6222222222222222,0.011539118392346243
-0.6666666666666667,0.6222222222222222,-0.002423008475902268
-0.6296296296296297,0.6222222222222222,-0.020902020088690736
-0.5925925925925926,0.6222222222222222,-0.009945474913292944
-0.5555555555555556,0.6222222222222222,0.003938144759332536
-0.5185185185185186,0.6222222222222222,-0.03689055038919294
-0.4814814814814815,0.6222222222222222,0.008284643133051882
-0.4444444444444444,0.6222222222222222,0.012171304368541093
-0.40740740740740744,0.6222222222222222,-0.017293130948102312
-0.37037037037037046,0.6222222222222222,-0.016864456256436143
-0.33333333333333337,0.6222222222222222,0.004508957807625236
-0.2962962962962963,0.6222222222222222,0.00763198792198978
-0.2592592592592593,0.6222222222222222,-0.012796029294849628
-0.22222222222222232,0.6222222222222222,0.02142242231733235
-0.18518518518518523,0.6222222222222222,-0.004354113488814591
-0.14814814814814814,0.6222222222222222,0.0009510619034555738
-0.11111111111111116,0.6222222222222222,0.015246055781584127
-0.07407407407407418,0.6222222222222222,0.02417951788914928
-0.03703703703703709,0.6222222222222222,0.029062574203824063
0.0,0.6222222222222222,0.004076486923987838
0.03703703703703698,0.6222222222222222,0.018951473951533702
0.07407407407407396,0.6222222222222222,0.026244489130844532
0.11111111111111116,0.6222222222222222,0.02539994743255161
0.14814814814814814,0.6222222222222222,0.019486736310457928
0.18518518518518512,0.6222222222222222,0.011870982307737478
0.2222222222222221,0.6222222222222222,0.018057124188650697
0.2592592592592591,0.6222222222222222,0.019742797644313307
0.2962962962962963,0.6222222222222222,-0.008659337375899724
0.33333333333333326,0.6222222222222222,0.02934483418169674
0.37037037037037024,0.6222222222222222,0.012477667804856919
0.40740740740740744,0.6222222222222222,0.025645063110010285
0.4444444444444444,0.6222222222222222,0.01873708376618914
0.4814814814814814,0.6222222222222222,0.022761771462068658
0.5185185185185184,0.6222222222222222,0.02226958024998088
0.5555555555555554,0.6222222222222222,0.002433416831983757
0.5925925925925926,0.6222222222222222,0.02538445505136093
0.6296296296296295,0.6222222222222222,0.02200768614556054
0.6666666666666665,0.6222222222222222,0.012821066203213782
0.7037037037037037,0.6222222222222222,0.00489336778844175
0.7407407407407407,0.6222222222222222,0.019556929615347135
0.7777777777777777,0.6222222222222222,0.00788055342566624
0.8148148148148147,0.6222222222222222,0.009817357670716427
0.8518518518518516,0.6222222222222222,-7.40969253427877e-05
0.8888888888888888,0.6222222222222222,-0.007248865274656664
0.9259259259259258,0.6222222222222222,0.023857328618663222
0.9629629629629628,0.6222222222222222,-0.004492509366196613
1.0,0.6222222222222222,-0.028061217283647005
-1.0,0.6481481481481481,-0.0016494258055009536
-0.962962962962963,0.6481481481481481,0.005397258174005678
-0.9259259259259259,0.6481481481481481,0.007587748519784203
-0.8888888888888888,0.6481481481481481,0.0107960949561357
-0.8518518518518519,0.6481481481481481,-0.0001968781696379244
-0.8148148148148149,0.6481481481481481,-0.028342678073435927
-0.7777777777777778,0.6481481481481481,-0.024369997661375927
-0.7407407407407407,0.6481481481481481,-0.002840055945938908
-0.7037037037037037,0.6481481481481481,0.012516657346900531
-0.6666666666666667,0.6481481481481481,0.008286203345913854
-0.6296296296296297,0.6481481481481481,-0.010587787642658495
-0.5925925925925926,0.6481481481481481,0.013475288460102871
-0.5555555555555556,0.6481481481481481,0.014271167444947004
-0.5185185185185186,0.6481481481481481,-0.01481155451008377
-0.4814814814814815,0.6481481481481481,0.005944222547025325
-0.4444444444444444,0.6481481481481481,0.011666495594517986
-0.40740740740740744,0.6481481481481481,0.011833171667504099
-0.37037037037037046,0.6481481481481481,-0.0036412361967152443
-0.33333333333333337,0.6481481481481481,-0.007277523854981021
-0.2962962962962963,0.6481481481481481,0.002928668176483325
-0.2592592592592593,0.6481481481481481,0.0168293754456312
-0.22222222222222232,0.6481481481481481,0.030396937556976318
-0.18518518518518523,0.6481481481481481,-0.008613113094728345
-0.14814814814814814,0.6481481481481481,0.010832652285029457
-0.11111111111111116,0.6481481481481481,0.02092098041379903
-0.07407407407407418,0.6481481481481481,0.0020500437778299763
-0.03703703703703709,0.6481481481481481,0.04988793929789779
0.0,0.6481481481481481,0.025623745685682053
0.03703703703703698,0.6481481481481481,0.011427655987568017
0.07407407407407396,0.6481481481481481,-0.02161159644804283
0.11111111111111116,0.6481481481481481,0.022720623195836606
0.14814814814814814,0.6481481481481481,0.0010183690864878133
0.18518518518518512,0.6481481481481481,0.008572092658777192
0.2222222222222221,0.6481481481481481,-0.0010143423093651686
0.2592592592592591,0.6481481481481481,0.0033519414680072187
0.2962962962962963,0.6481481481481481,0.016463903816173544
0.33333333333333326,0.6481481481481481,0.006763538466554674
0.37037037037037024,0.6481481481481481,0.024794335677701264
0.40740740740740744,0.6481481481481481,0.00235977306595897
0.4444444444444444,0.6481481481481481,0.05644620748348781
0.4814814814814814,0.6481481481481481,0.0164117432669791
0.5185185185185184,0.6481481481481481,0.005204218754110417
0.5555555555555554,0.6481481481481481,-0.021245508993240188
0.5925925925925926,0.6481481481481481,-0.003649959467468369
0.6296296296296295,0.6481481481481481,-0.02485368787653537
0.6666666666666665,0.6481481481481481,0.016374374009841913
0.7037037037037037,0.6481481481481481,0.013234728658432905
0.7407407407407407,0.6481481481481481,-0.0099477218409932
0.7777777777777777,0.6481481481481481,0.015360148919790218
0.8148148148148147,0.6481481481481481,-0.015363614755253876
0.8518518518518516,0.6481481481481481,0.0053217529638886815
0.8888888888888888,0.6481481481481481,0.028209455073324334
0.9259259259259258,0.6481481481481481,0.010073322421669988
0.9629629629629628,0.6481481481481481,0.028947464168215056
1.0,0.6481481481481481,-0.003745009795779737
-1.0,0.674074074074074,0.001220968457722242
-0.962962962962963,0.674074074074074,-0.012904274718134238
-0.9259259259259259,0.674074074074074,0.011403106779398096
-0.8888888888888888,0.674074074074074,0.010040817258887199
-0.8518518518518519,0.674074074074074,0.005104376498895026
-0.8148148148148149,0.674074074074074,0.019665491092117203
-0.7777777777777778,0.674074074074074,-0.006815155549170588
-0.7407407407407407,0.674074074074074,0.00610912702115553
-0.7037037037037037,0.674074074074074,0.002000173048588704
-0.6666666666666667,0.674074074074074,-0.025748385591695552
-0.6296296296296297,0.674074074074074,-0.012558909796885696
-0.5925925925925926,0.674074074074074,0.01709276076432294
-0.5555555555555556,0.674074074074074,0.023616219632335102
-0.5185185185185186,0.674074074074074,0.006623314061480789
-0.4814814814814815,0.674074074074074,0.0065677577427501665
-0.4444444444444444,0.674074074074074,-0.0071140195997546635
-0.40740740740740744,0.674074074074074,0.0026138819050210193
-0.37037037037037046,0.674074074074074,0.04559913056386763
-0.33333333333333337,0.674074074074074,-0.02352885534726951
-0.2962962962962963,0.674074074074074,-0.0032281856982716572
-0.2592592592592593,0.674074074074074,-0.0034031968210534985
-0.22222222222222232,0.674074074074074,0.024582504882073683
-0.18518518518518523,0.674074074074074,0.015141940271549895
-0.14814814814814814,0.674074074074074,-0.028427303276768033
-0.11111111111111116,0.674074074074074,0.006561636814536183
-0.07407407407407418,0.674074074074074,-0.0013722131503261514
-0.03703703703703709,0.674074074074074,0.012752698071898246
0.0,0.674074074074074,-0.00156443993084566
0.03703703703703698,0.674074074074074,0.024707569039532567
0.07407407407407396,0.674074074074074,0.013234694948450537
0.11111111111111116,0.674074074074074,0.02454706411709581
0.14814814814814814,0.674074074074074,0.016956694694344195
0.18518518518518512,0.674074074074074,-0.0005175767612892179
0.2222222222222221,0.674074074074074,0.006034564550251741
0.2592592592592591,0.674074074074074,0.01800183243867127
0.2962962962962963,0.674074074074074,0.001097338321671618
0.33333333333333326,0.674074074074074,0.0032969288981713482
0.37037037037037024,0.674074074074074,0.011506637218761169
0.40740740740740744,0.674074074074074,0.017142328057516754
0.4444444444444444,0.674074074074074,-0.005774820407619074
0.4814814814814814,0.674074074074074,0.03277591939583986
0.5185185185185184,0.674074074074074,0.0256234271888822
0.5555555555555554,0.674074074074074,-0.0029209069791226727
0.5925925925925926,0.674074074074074,0.005030120852500847
0.6296296296296295,0.674074074074074,0.022925789241655083
0.6666666666666665,0.674074074074074,0.020529114533749258
0.7037037037037037,0.674074074074074,-0.013158375837667262
0.7407407407407407,0.674074074074074,0.040194884630622915
0.7777777777777777,0.674074074074074,0.007240821272102989
0.8148148148148147,0.674074074074074,0.03434504405711072
0.8518518518518516,0.674074074074074,0.0020375033332229713
0.8888888888888888,0.674074074074074,0.015367659476711416
0.9259259259259258,0.674074074074074,-0.006487057560026329
0.9629629629629628,0.674074074074074,0.016003412212968644
1.0,0.674074074074074,-0.01834471970811447
-1.0,0.7,-0.0008195692004254267
-0.962962962962963,0.7,-0.011122654784247944
-0.9259259259259259,0.7,0.03805442425694437
-0.8888888888888888,0.7,-0.029410976386188246
-0.8518518518518519,0.7,0.008452936341435792
-0.8148148148148149,0.7,-0.002464338493818845
-0.7777777777777778,0.7,-0.01592627749794379
-0.7407407407407407,0.7,-0.004114185983976691
-0.7037037037037037,0.7,-0.027092067194422424
-0.6666666666666667,0.7,-0.007622953098995636
-0.6296296296296297,0.7,-0.01043088668351121
-0.5925925925925926,0.7,-0.01003455284909729
-0.5555555555555556,0.7,0.009327049499377406
-0.5185185185185186,0.7,-0.017945664458160784
-0.4814814814814815,0.7,0.011785351817751697
-0.4444444444444444,0.7,-0.01220528857243611
-0.40740740740740744,0.7,-0.0060744537640367025
-0.37037037037037046,0.7,-0.013353413749810947
-0.33333333333333337,0.7,-0.004704227693347798
-0.2962962962962963,0.7,-0.023043003121401614
-0.2592592592592593,0.7,-0.005427398881692629
-0.22222222222222232,0.7,-0.006607548171850055
-0.18518518518518523,0.7,-0.0005684497671366558
-0.14814814814814814,0.7,0.039302964496875106
-0.11111111111111116,0.7,-0.020760453920687868
-0.07407407407407418,0.7,0.004835957492604116
-0.03703703703703709,0.7,-0.014170727658173564
0.0,0.7,0.006973522579498334
0.03703703703703698,0.7,0.007524812494829048
0.07407407407407396,0.7,0.0018163154355437814
0.11111111111111116,0.7,0.03189087174466634
0.14814814814814814,0.7,0.014773889666544379
0.18518518518518512,0.7,0.013773184084885867
0.2222222222222221,0.7,0.015030521169764645
0.2592592592592591,0.7,-0.013608943614499908
0.2962962962962963,0.7,-0.014649977782088538
0.33333333333333326,0.7,-0.0037994878668344834
0.37037037037037024,0.7,0.00374319392969331
0.40740740740740744,0.7,0.00013459766924479692
0.4444444444444444,0.7,0.023688267840882897
0.4814814814814814,0.7,0.013436002241924924
0.5185185185185184,0.7,0.020070803561403117
0.5555555555555554,0.7,0.012448144015426685
0.5925925925925926,0.7,0.006878636648536768
0.6296296296296295,0.7,-0.0054747039693553035
0.6666666666666665,0.7,0.005963441286825914
0.7037037037037037,0.7,-0.006846685904353926
0.7407407407407407,0.7,-0.010312579937811666
0.7777777777777777,0.7,-0.0186818142024244
0.8148148148148147,0.7,0.020945139568074048
0.8518518518518516,0.7,-0.004273796647959366
0.8888888888888888,0.7,-0.014069583381368846
0.9259259259259258,0.7,0.0007836729012061297
0.9629629629629628,0.7,0.00642750830718651
1.0,0.7,-0.01772964847056792
