hc,hu,rho
-1.0,-0.7,-0.015638290994286954
-0.962962962962963,-0.7,-0.03505903206817302
-0.9259259259259259,-0.7,0.003683699076052379
-0.8888888888888888,-0.7,0.00490550309513409
-0.8518518518518519,-0.7,-0.01185317771827187
-0.8148148148148149,-0.7,-0.0026856927884154292
-0.7777777777777778,-0.7,0.016458149112189884
-0.7407407407407407,-0.7,0.00572888838419997
-0.7037037037037037,-0.7,-0.0004973463282390064
-0.6666666666666667,-0.7,-0.001620314036029507
-0.6296296296296297,-0.7,-0.025554465397224464
-0.5925925925925926,-0.7,0.0014189491661459625
-0.5555555555555556,-0.7,-0.037913763525955754
-0.5185185185185186,-0.7,-0.017942623935750582
-0.4814814814814815,-0.7,-0.018844384066526044
-0.4444444444444444,-0.7,-0.037005766593300356
-0.40740740740740744,-0.7,-0.010918625247247628
-0.37037037037037046,-0.7,0.017879137177060425
-0.33333333333333337,-0.7,-0.008651309026630671
-0.2962962962962963,-0.7,-0.01767021625414636
-0.2592592592592593,-0.7,0.0038544742027408355
-0.22222222222222232,-0.7,0.023572446259230755
-0.18518518518518523,-0.7,0.019921474795641096
-0.14814814814814814,-0.7,0.02387131221353661
-0.11111111111111116,-0.7,0.010163215266970373
-0.07407407407407418,-0.7,0.046545697981583756
-0.03703703703703709,-0.7,0.054187393958180334
0.0,-0.7,0.07481064620572053
0.03703703703703698,-0.7,0.0844975684649052
0.07407407407407396,-0.7,0.07939638615978042
0.11111111111111116,-0.7,0.05053736120858658
0.14814814814814814,-0.7,0.058735303982614576
0.18518518518518512,-0.7,0.06769744946786743
0.2222222222222221,-0.7,0.0911683482806088
0.2592592592592591,-0.7,0.07611240900932054
0.2962962962962963,-0.7,0.1073224012062627
0.33333333333333326,-0.7,0.08971946057173429
0.37037037037037024,-0.7,0.08863856136248181
0.40740740740740744,-0.7,0.09040157620997648
0.4444444444444444,-0.7,0.07928330244303756
0.4814814814814814,-0.7,0.0473290021469049
0.5185185185185184,-0.7,0.0990730219276758
0.5555555555555554,-0.7,0.07776993259591525
0.5925925925925926,-0.7,0.07214056064806548
0.6296296296296295,-0.7,0.03167777470278651
0.6666666666666665,-0.7,0.009062003973553754
0.7037037037037037,-0.7,0.008473146590146797
0.7407407407407407,-0.7,0.010072225125648135
0.7777777777777777,-0.7,0.03446560250590624
0.8148148148148147,-0.7,0.030678101805580477
0.8518518518518516,-0.7,0.03556487315712328
0.8888888888888888,-0.7,0.04289098446283857
0.9259259259259258,-0.7,0.016140543803037744
0.9629629629629628,-0.7,0.011673079587871192
1.0,-0.7,-0.0006652972583835823
-1.0,-0.674074074074074,-0.010044809665411672
-0.962962962962963,-0.674074074074074,-0.023400216021803526
-0.9259259259259259,-0.674074074074074,0.000499581782611956
-0.8888888888888888,-0.674074074074074,-0.0036064254384290144
-0.8518518518518519,-0.674074074074074,-0.015748165621018988
-0.8148148148148149,-0.674074074074074,-0.023173718788327483
-0.7777777777777778,-0.674074074074074,-0.00552894695669773
-0.7407407407407407,-0.674074074074074,0.005856986353838377
-0.7037037037037037,-0.674074074074074,-0.013799311255373757
-0.6666666666666667,-0.674074074074074,-0.011925705088142675
-0.6296296296296297,-0.674074074074074,-0.025369008294837764
-0.5925925925925926,-0.674074074074074,-0.021562640241616603
-0.5555555555555556,-0.674074074074074,-0.02290630348531871
-0.5185185185185186,-0.674074074074074,-0.022300128760370203
-0.4814814814814815,-0.674074074074074,-0.026290668634910398
-0.4444444444444444,-0.674074074074074,-0.010038836833406634
-0.40740740740740744,-0.674074074074074,0.005608001987295299
-0.37037037037037046,-0.674074074074074,-0.025165905681479882
-0.33333333333333337,-0.674074074074074,0.013860055415884025
-0.2962962962962963,-0.674074074074074,-0.008397671666700662
-0.2592592592592593,-0.674074074074074,-0.0021234758136725947
-0.22222222222222232,-0.674074074074074,-0.022289755280827436
-0.18518518518518523,-0.674074074074074,-0.01871424538051342
-0.14814814814814814,-0.674074074074074,0.03695975376482502
-0.11111111111111116,-0.674074074074074,0.018495079719253245
-0.07407407407407418,-0.674074074074074,0.056291498803960144
-0.03703703703703709,-0.674074074074074,0.054500323542029265
0.0,-0.674074074074074,0.06693660450398116
0.03703703703703698,-0.674074074074074,0.0922386330393265
0.07407407407407396,-0.674074074074074,0.07954040110905097
0.11111111111111116,-0.674074074074074,0.03906450374587219
0.14814814814814814,-0.674074074074074,0.06819445821132647
0.18518518518518512,-0.674074074074074,0.1136541855011422
0.2222222222222221,-0.674074074074074,0.13222057470127135
0.2592592592592591,-0.674074074074074,0.10235883508166221
0.2962962962962963,-0.674074074074074,0.09309339816112706
0.33333333333333326,-0.674074074074074,0.0809223988372561
0.37037037037037024,-0.674074074074074,0.106644741959159
0.40740740740740744,-0.674074074074074,0.06678000244768512
0.4444444444444444,-0.674074074074074,0.06922503951528858
0.4814814814814814,-0.674074074074074,0.08323953431408794
0.5185185185185184,-0.674074074074074,0.07541252297422063
0.5555555555555554,-0.674074074074074,0.062348444458719225
0.5925925925925926,-0.674074074074074,0.07444722474490217
0.6296296296296295,-0.674074074074074,0.032256949548855454
0.6666666666666665,-0.674074074074074,0.025794761288846443
0.7037037037037037,-0.674074074074074,0.030618569845255232
0.7407407407407407,-0.674074074074074,0.03170273336305972
0.7777777777777777,-0.674074074074074,0.020151203115095346
0.8148148148148147,-0.674074074074074,0.05028805622595857
0.8518518518518516,-0.674074074074074,0.007202385795503748
0.8888888888888888,-0.674074074074074,0.022305568558737467
0.9259259259259258,-0.674074074074074,0.001096560609618099
0.9629629629629628,-0.674074074074074,0.012360371011948403
1.0,-0.674074074074074,-0.0009643424005453191
-1.0,-0.6481481481481481,-0.01232426775314241
-0.962962962962963,-0.6481481481481481,0.01650641010507315
-0.9259259259259259,-0.6481481481481481,-0.01443845650843292
-0.8888888888888888,-0.6481481481481481,0.01472953536104145
-0.8518518518518519,-0.6481481481481481,-0.0238604074838266
-0.8148148148148149,-0.6481481481481481,-0.021609709237486664
-0.7777777777777778,-0.6481481481481481,0.00022001225642635444
-0.7407407407407407,-0.6481481481481481,-0.055445006092758334
-0.7037037037037037,-0.6481481481481481,-0.04510898613688515
-0.6666666666666667,-0.6481481481481481,-0.021330558007476266
-0.6296296296296297,-0.6481481481481481,-0.015805956470959337
-0.5925925925925926,-0.6481481481481481,-0.01538708339568412
-0.5555555555555556,-0.6481481481481481,-0.029443604915909784
-0.5185185185185186,-0.6481481481481481,-0.046241010817046686
-0.4814814814814815,-0.6481481481481481,-0.011368681322764449
-0.4444444444444444,-0.6481481481481481,-0.015708692768082073
-0.40740740740740744,-0.6481481481481481,-0.03712374368326713
-0.37037037037037046,-0.6481481481481481,-0.015290509692808358
-0.33333333333333337,-0.6481481481481481,0.015257401728664974
-0.2962962962962963,-0.6481481481481481,-0.0045282816759665764
-0.2592592592592593,-0.6481481481481481,-0.01758611583956155
-0.22222222222222232,-0.6481481481481481,0.0019527416769621652
-0.18518518518518523,-0.6481481481481481,0.011887232042664711
-0.14814814814814814,-0.6481481481481481,0.0326490662702412
-0.11111111111111116,-0.6481481481481481,0.05193591881694053
-0.07407407407407418,-0.6481481481481481,0.035224673909415645
-0.03703703703703709,-0.6481481481481481,0.05100056356754074
0.0,-0.6481481481481481,0.0877780252475199
0.03703703703703698,-0.6481481481481481,0.0944528514545308
0.07407407407407396,-0.6481481481481481,0.1139610847220934
0.11111111111111116,-0.6481481481481481,0.0800685462018778
0.14814814814814814,-0.6481481481481481,0.09528473354901085
0.18518518518518512,-0.6481481481481481,0.13102180941987182
0.2222222222222221,-0.6481481481481481,0.10518754510182103
0.2592592592592591,-0.6481481481481481,0.12657816072571235
0.2962962962962963,-0.6481481481481481,0.12074887610230209
0.33333333333333326,-0.6481481481481481,0.10816948309246792
0.37037037037037024,-0.6481481481481481,0.13806498261802932
0.40740740740740744,-0.6481481481481481,0.11002281766304263
0.4444444444444444,-0.6481481481481481,0.09569837022778648
0.4814814814814814,-0.6481481481481481,0.09314014906275778
0.5185185185185184,-0.6481481481481481,0.09077666769928706
0.5555555555555554,-0.6481481481481481,0.05396486620285072
0.5925925925925926,-0.6481481481481481,0.055721554168364974
0.6296296296296295,-0.6481481481481481,0.04043001373745969
0.6666666666666665,-0.6481481481481481,0.019320587764543054
0.7037037037037037,-0.6481481481481481,0.05837716830666228
0.7407407407407407,-0.6481481481481481,0.05808016199464254
0.7777777777777777,-0.6481481481481481,0.04784740238403975
0.8148148148148147,-0.6481481481481481,-0.003013436081000017
0.8518518518518516,-0.6481481481481481,0.02521930913764836
0.8888888888888888,-0.6481481481481481,0.02538896398251245
0.9259259259259258,-0.6481481481481481,0.0029149583728271186
0.9629629629629628,-0.6481481481481481,0.021318881561310798
1.0,-0.6481481481481481,-0.01038943768587761
-1.0,-0.6222222222222222,-0.02445437559098419
-0.962962962962963,-0.6222222222222222,-0.02272337137150688
-0.9259259259259259,-0.6222222222222222,-0.023096263910926645
-0.8888888888888888,-0.6222222222222222,-0.029684790983731106
-0.8518518518518519,-0.6222222222222222,-0.00198090415719826
-0.8148148148148149,-0.6222222222222222,-0.0353706400939118
-0.7777777777777778,-0.6222222222222222,-0.028595927604461148
-0.7407407407407407,-0.6222222222222222,-0.033662857108506576
-0.7037037037037037,-0.6222222222222222,0.007216099693531999
-0.6666666666666667,-0.6222222222222222,-0.0421462435077592
-0.6296296296296297,-0.6222222222222222,-0.02315099066825864
-0.5925925925925926,-0.6222222222222222,-0.004116864766739014
-0.5555555555555556,-0.6222222222222222,-0.05071744542338068
-0.5185185185185186,-0.6222222222222222,-0.045569122636811926
-0.4814814814814815,-0.6222222222222222,-0.03732265301551138
-0.4444444444444444,-0.6222222222222222,-0.050833280919580746
-0.40740740740740744,-0.6222222222222222,-0.009355540409745025
-0.37037037037037046,-0.6222222222222222,-0.03122269261025645
-0.33333333333333337,-0.6222222222222222,-0.00273155769749971
-0.2962962962962963,-0.6222222222222222,-0.003918229509924398
-0.2592592592592593,-0.6222222222222222,-0.003549031882808892
-0.22222222222222232,-0.6222222222222222,0.02015905450163393
-0.18518518518518523,-0.6222222222222222,0.01183458707231046
-0.14814814814814814,-0.6222222222222222,0.044322469214413796
-0.11111111111111116,-0.6222222222222222,0.02131550612141821
-0.07407407407407418,-0.6222222222222222,0.04336510755450189
-0.03703703703703709,-0.6222222222222222,0.08661576313897762
0.0,-0.6222222222222222,0.050286835470436546
0.03703703703703698,-0.6222222222222222,0.10226124274693078
0.07407407407407396,-0.6222222222222222,0.10102156676700333
0.11111111111111116,-0.6222222222222222,0.10980024042973786
0.14814814814814814,-0.6222222222222222,0.11662113261346027
0.18518518518518512,-0.6222222222222222,0.1536590206093669
0.2222222222222221,-0.6222222222222222,0.11609847197686818
0.2592592592592591,-0.6222222222222222,0.15420032205164066
0.2962962962962963,-0.6222222222222222,0.1489403377115298
0.33333333333333326,-0.6222222222222222,0.13312165068261164
0.37037037037037024,-0.6222222222222222,0.13386126335771412
0.40740740740740744,-0.6222222222222222,0.13950779526020296
0.4444444444444444,-0.6222222222222222,0.11204497223352682
0.4814814814814814,-0.6222222222222222,0.08905239558573738
0.5185185185185184,-0.6222222222222222,0.10610459944252151
0.5555555555555554,-0.6222222222222222,0.07868140433211235
0.5925925925925926,-0.6222222222222222,0.0745582765245201
0.6296296296296295,-0.6222222222222222,0.07109896601280791
0.6666666666666665,-0.6222222222222222,0.07137958683994465
0.7037037037037037,-0.6222222222222222,0.07824319723042038
0.7407407407407407,-0.6222222222222222,0.04761820277712425
0.7777777777777777,-0.6222222222222222,0.036600403398730996
0.8148148148148147,-0.6222222222222222,0.040506539448077215
0.8518518518518516,-0.6222222222222222,0.026782049746745584
0.8888888888888888,-0.6222222222222222,-0.007690822184938516
0.9259259259259258,-0.6222222222222222,0.004647352622063805
0.9629629629629628,-0.6222222222222222,-0.008145907445948002
1.0,-0.6222222222222222,0.018309988378063264
-1.0,-0.5962962962962962,0.00958926833706625
-0.962962962962963,-0.5962962962962962,-0.006845934667820245
-0.9259259259259259,-0.5962962962962962,-0.03048383741880986
-0.8888888888888888,-0.5962962962962962,-0.005960902944233319
-0.8518518518518519,-0.5962962962962962,-0.03553082793858345
-0.8148148148148149,-0.5962962962962962,-0.020476110136126876
-0.7777777777777778,-0.5962962962962962,-0.04552075868519899
-0.7407407407407407,-0.5962962962962962,-0.051553383387517346
-0.7037037037037037,-0.5962962962962962,-0.05492255951424535
-0.6666666666666667,-0.5962962962962962,-0.03647973136517575
-0.6296296296296297,-0.5962962962962962,-0.049192543933544795
-0.5925925925925926,-0.5962962962962962,-0.034738799796417794
-0.5555555555555556,-0.5962962962962962,-0.06212777061989531
-0.5185185185185186,-0.5962962962962962,-0.035795506543608815
-0.4814814814814815,-0.5962962962962962,-0.051931298475772394
-0.4444444444444444,-0.5962962962962962,-0.022154184290345987
-0.40740740740740744,-0.5962962962962962,-0.022589026037417356
-0.37037037037037046,-0.5962962962962962,-0.03656854238136641
-0.33333333333333337,-0.5962962962962962,-0.025523672781875322
-0.2962962962962963,-0.5962962962962962,-0.01562875079863746
-0.2592592592592593,-0.5962962962962962,-0.0027537589118635363
-0.22222222222222232,-0.5962962962962962,-0.0025871798080076636
-0.18518518518518523,-0.5962962962962962,0.03074612426206827
-0.14814814814814814,-0.5962962962962962,0.020827617155960883
-0.11111111111111116,-0.5962962962962962,0.014809595538805571
-0.07407407407407418,-0.5962962962962962,0.06336142255707511
-0.03703703703703709,-0.5962962962962962,0.07435987337656766
0.0,-0.5962962962962962,0.10467515288220614
0.03703703703703698,-0.5962962962962962,0.11672785179174322
0.07407407407407396,-0.5962962962962962,0.12423078502551015
0.11111111111111116,-0.5962962962962962,0.1368248953530115
0.14814814814814814,-0.5962962962962962,0.14804107809364236
0.18518518518518512,-0.5962962962962962,0.14481622588146492
0.2222222222222221,-0.5962962962962962,0.1423845455821753
0.2592592592592591,-0.5962962962962962,0.15149384624791018
0.2962962962962963,-0.5962962962962962,0.16278238790401398
0.33333333333333326,-0.5962962962962962,0.12778067032938278
0.37037037037037024,-0.5962962962962962,0.1502909908419796
0.40740740740740744,-0.5962962962962962,0.13490957763041259
0.4444444444444444,-0.5962962962962962,0.13923993791205982
0.4814814814814814,-0.5962962962962962,0.1178138810827741
0.5185185185185184,-0.5962962962962962,0.11937453734992158
0.5555555555555554,-0.5962962962962962,0.10285573323085556
0.5925925925925926,-0.5962962962962962,0.11338733797937872
0.6296296296296295,-0.5962962962962962,0.07666886593358906
0.6666666666666665,-0.5962962962962962,0.06655374273167648
0.7037037037037037,-0.5962962962962962,0.05974736909346955
0.7407407407407407,-0.5962962962962962,0.022190158988485417
0.7777777777777777,-0.5962962962962962,0.024525196694895356
0.8148148148148147,-0.5962962962962962,0.054400578308897024
0.8518518518518516,-0.5962962962962962,0.0339476789496826
0.8888888888888888,-0.5962962962962962,0.021854004702345303
0.9259259259259258,-0.5962962962962962,0.03217006119103748
0.9629629629629628,-0.5962962962962962,0.009469131877656004
1.0,-0.5962962962962962,0.0054205846306699034
-1.0,-0.5703703703703703,-0.015143646183524912
-0.962962962962963,-0.5703703703703703,-0.04093158859605308
-0.9259259259259259,-0.5703703703703703,-0.004036062244173064
-0.8888888888888888,-0.5703703703703703,-0.024938448460595973
-0.8518518518518519,-0.5703703703703703,-0.027627644099579306
-0.8148148148148149,-0.5703703703703703,-0.03544707483036332
-0.7777777777777778,-0.5703703703703703,-0.04421999458978553
-0.7407407407407407,-0.5703703703703703,-0.0728047947925723
-0.7037037037037037,-0.5703703703703703,-0.040726279699305146
-0.6666666666666667,-0.5703703703703703,-0.014071763381644821
-0.6296296296296297,-0.5703703703703703,-0.035319815269920965
-0.5925925925925926,-0.5703703703703703,-0.05720350086198022
-0.5555555555555556,-0.5703703703703703,-0.06867817818980837
-0.5185185185185186,-0.5703703703703703,-0.0553301957837177
-0.4814814814814815,-0.5703703703703703,-0.049828383151869715
-0.4444444444444444,-0.5703703703703703,-0.0554328679499471
-0.40740740740740744,-0.5703703703703703,-0.03771766844543042
-0.37037037037037046,-0.5703703703703703,-0.05931976115250917
-0.33333333333333337,-0.5703703703703703,-0.021861549505181453
-0.2962962962962963,-0.5703703703703703,-0.026381180229229986
-0.2592592592592593,-0.5703703703703703,-0.025734415870275695
-0.22222222222222232,-0.5703703703703703,-0.008552464127859434
-0.18518518518518523,-0.5703703703703703,0.015960935330254923
-0.14814814814814814,-0.5703703703703703,0.03885425878146016
-0.11111111111111116,-0.5703703703703703,0.046476742823994624
-0.07407407407407418,-0.5703703703703703,0.07298475092656319
-0.03703703703703709,-0.5703703703703703,0.11959150600181283
0.0,-0.5703703703703703,0.07811441033259163
0.03703703703703698,-0.5703703703703703,0.09108069287612261
0.07407407407407396,-0.5703703703703703,0.1396783904534803
0.11111111111111116,-0.5703703703703703,0.13918310490584673
0.14814814814814814,-0.5703703703703703,0.16841015117152325
0.18518518518518512,-0.5703703703703703,0.15281827464055345
0.2222222222222221,-0.5703703703703703,0.18616290502291724
0.2592592592592591,-0.5703703703703703,0.20777943788864336
0.2962962962962963,-0.5703703703703703,0.20539904493465827
0.33333333333333326,-0.5703703703703703,0.169759405612765
0.37037037037037024,-0.5703703703703703,0.17606950687685907
0.40740740740740744,-0.5703703703703703,0.1858359099081184
0.4444444444444444,-0.5703703703703703,0.18955996963242405
0.4814814814814814,-0.5703703703703703,0.1358020165086092
0.5185185185185184,-0.5703703703703703,0.12398289442610984
0.5555555555555554,-0.5703703703703703,0.13955548673444576
0.5925925925925926,-0.5703703703703703,0.1031873821300181
0.6296296296296295,-0.5703703703703703,0.0791816545066118
0.6666666666666665,-0.5703703703703703,0.09694538975609841
0.7037037037037037,-0.5703703703703703,0.043449636377769746
0.7407407407407407,-0.5703703703703703,0.04694755867939693
0.7777777777777777,-0.5703703703703703,0.061471279533817424
0.8148148148148147,-0.5703703703703703,0.0285893279962589
0.8518518518518516,-0.5703703703703703,0.04177172218395068
0.8888888888888888,-0.5703703703703703,0.00542616955109396
0.9259259259259258,-0.5703703703703703,0.030085390077032797
0.9629629629629628,-0.5703703703703703,0.021169666121755092
1.0,-0.5703703703703703,0.03490947969047421
-1.0,-0.5444444444444444,-0.014371062398712484
-0.962962962962963,-0.5444444444444444,-0.021047353750419575
-0.9259259259259259,-0.5444444444444444,-0.02238935843080704
-0.8888888888888888,-0.5444444444444444,-0.010567645821543192
-0.8518518518518519,-0.5444444444444444,-0.04287614332044789
-0.8148148148148149,-0.5444444444444444,-0.039412487345640096
-0.7777777777777778,-0.5444444444444444,-0.01360483757601666
-0.7407407407407407,-0.5444444444444444,-0.03664273639872097
-0.7037037037037037,-0.5444444444444444,-0.04278153885959743
-0.6666666666666667,-0.5444444444444444,-0.0664051979606188
-0.6296296296296297,-0.5444444444444444,-0.050074282200293405
-0.5925925925925926,-0.5444444444444444,-0.084107763294367
-0.5555555555555556,-0.5444444444444444,-0.09168015597976022
-0.5185185185185186,-0.5444444444444444,-0.08486893186968628
-0.4814814814814815,-0.5444444444444444,-0.0494174146239846
-0.4444444444444444,-0.5444444444444444,-0.06639606813540497
-0.40740740740740744,-0.5444444444444444,-0.07917982826683836
-0.37037037037037046,-0.5444444444444444,-0.06464714804198492
-0.33333333333333337,-0.5444444444444444,-0.04430552267571919
-0.2962962962962963,-0.5444444444444444,-0.022729112668718018
-0.2592592592592593,-0.5444444444444444,-0.0519117089907289
-0.22222222222222232,-0.5444444444444444,0.008046152373008458
-0.18518518518518523,-0.5444444444444444,0.019556134087484224
-0.14814814814814814,-0.5444444444444444,0.014636975933501585
-0.11111111111111116,-0.5444444444444444,0.04017078373833387
-0.07407407407407418,-0.5444444444444444,0.07564573395115379
-0.03703703703703709,-0.5444444444444444,0.08661993763384827
0.0,-0.5444444444444444,0.11548344280530784
0.03703703703703698,-0.5444444444444444,0.1192267538353442
0.07407407407407396,-0.5444444444444444,0.12801868307375042
0.11111111111111116,-0.5444444444444444,0.20989959739872427
0.14814814814814814,-0.5444444444444444,0.191426170258747
0.18518518518518512,-0.5444444444444444,0.20443526127329348
0.2222222222222221,-0.5444444444444444,0.21734492365212474
0.2592592592592591,-0.5444444444444444,0.2346200872275263
0.2962962962962963,-0.5444444444444444,0.229574892463791
0.33333333333333326,-0.5444444444444444,0.1975537801818834
0.37037037037037024,-0.5444444444444444,0.20516787539582873
0.40740740740740744,-0.5444444444444444,0.19871765066631641
0.4444444444444444,-0.5444444444444444,0.1973471576901716
0.4814814814814814,-0.5444444444444444,0.163142023100542
0.5185185185185184,-0.5444444444444444,0.16267703128821995
0.5555555555555554,-0.5444444444444444,0.14431854247028247
0.5925925925925926,-0.5444444444444444,0.14535533958419294
0.6296296296296295,-0.5444444444444444,0.06949115870228548
0.6666666666666665,-0.5444444444444444,0.09444451284826313
0.7037037037037037,-0.5444444444444444,0.08396264180562338
0.7407407407407407,-0.5444444444444444,0.07585628950522776
0.7777777777777777,-0.5444444444444444,0.053860027016779936
0.8148148148148147,-0.5444444444444444,0.03126513982103405
0.8518518518518516,-0.5444444444444444,0.04488918236757912
0.8888888888888888,-0.5444444444444444,0.03292231473848955
0.9259259259259258,-0.5444444444444444,0.008602032429930602
0.9629629629629628,-0.5444444444444444,-0.0042183820807644296
1.0,-0.5444444444444444,0.020554722183119076
-1.0,-0.5185185185185185,-0.021913007813019053
-0.962962962962963,-0.5185185185185185,-0.006082716993030228
-0.9259259259259259,-0.5185185185185185,-0.00010513473968330744
-0.8888888888888888,-0.5185185185185185,-0.026866326187549028
-0.8518518518518519,-0.5185185185185185,-0.033736873892919704
-0.8148148148148149,-0.5185185185185185,-0.04255503675033697
-0.7777777777777778,-0.5185185185185185,-0.03089654798780662
-0.7407407407407407,-0.5185185185185185,-0.03776593518588314
-0.7037037037037037,-0.5185185185185185,-0.06439491192284293
-0.6666666666666667,-0.5185185185185185,-0.060915519098302826
-0.6296296296296297,-0.5185185185185185,-0.0770953863506071
-0.5925925925925926,-0.5185185185185185,-0.09001967621812508
-0.5555555555555556,-0.5185185185185185,-0.07464403575894799
-0.5185185185185186,-0.5185185185185185,-0.08961759725031575
-0.4814814814814815,-0.5185185185185185,-0.10137924514766057
-0.4444444444444444,-0.5185185185185185,-0.10938024917248534
-0.40740740740740744,-0.5185185185185185,-0.06797726789736129
-0.37037037037037046,-0.5185185185185185,-0.09070433637989335
-0.33333333333333337,-0.5185185185185185,-0.08355160366209752
-0.2962962962962963,-0.5185185185185185,-0.05864773688249758
-0.2592592592592593,-0.5185185185185185,-0.02853800202006344
-0.22222222222222232,-0.5185185185185185,-0.047694508621577814
-0.18518518518518523,-0.5185185185185185,0.008194982964850914
-0.14814814814814814,-0.5185185185185185,0.027207660725988063
-0.11111111111111116,-0.5185185185185185,0.027603640660701406
-0.07407407407407418,-0.5185185185185185,0.05452504359701643
-0.03703703703703709,-0.5185185185185185,0.09537209049530883
0.0,-0.5185185185185185,0.15324500320780643
0.03703703703703698,-0.5185185185185185,0.14581665494175625
0.07407407407407396,-0.5185185185185185,0.18951923738245818
0.11111111111111116,-0.5185185185185185,0.20859121428696809
0.14814814814814814,-0.5185185185185185,0.18871049711890917
0.18518518518518512,-0.5185185185185185,0.22690157925144533
0.2222222222222221,-0.5185185185185185,0.2520272412439702
0.2592592592592591,-0.5185185185185185,0.23571973868402465
0.2962962962962963,-0.5185185185185185,0.2630500893696295
0.33333333333333326,-0.5185185185185185,0.22581822912252428
0.37037037037037024,-0.5185185185185185,0.21321402157062952
0.40740740740740744,-0.5185185185185185,0.2184065056625723
0.4444444444444444,-0.5185185185185185,0.2216134703453873
0.4814814814814814,-0.5185185185185185,0.19039833853713686
0.5185185185185184,-0.5185185185185185,0.1927916374944424
0.5555555555555554,-0.5185185185185185,0.13760468147206012
0.5925925925925926,-0.5185185185185185,0.13353479548709996
0.6296296296296295,-0.5185185185185185,0.14452717499595244
0.6666666666666665,-0.5185185185185185,0.06965176847158264
0.7037037037037037,-0.5185185185185185,0.09474175519884813
0.7407407407407407,-0.5185185185185185,0.06177395717733554
0.7777777777777777,-0.5185185185185185,0.050551067321469904
0.8148148148148147,-0.5185185185185185,0.04505834577512769
0.8518518518518516,-0.5185185185185185,0.01782332714329748
0.8888888888888888,-0.5185185185185185,0.045268776459138134
0.9259259259259258,-0.5185185185185185,0.03305349051062406
0.9629629629629628,-0.5185185185185185,0.03687419537465936
1.0,-0.5185185185185185,0.01645680253803015
-1.0,-0.4925925925925926,-0.018301559604504185
-0.962962962962963,-0.4925925925925926,-0.003718124135422652
-0.9259259259259259,-0.4925925925925926,-0.04289026996520465
-0.8888888888888888,-0.4925925925925926,-0.04598372309999098
-0.8518518518518519,-0.4925925925925926,-0.01019980866567649
-0.8148148148148149,-0.4925925925925926,-0.03502026003056728
-0.7777777777777778,-0.4925925925925926,-0.05391111356155712
-0.7407407407407407,-0.4925925925925926,-0.04748460363137236
-0.7037037037037037,-0.4925925925925926,-0.08289820786247121
-0.6666666666666667,-0.4925925925925926,-0.07794119837540332
-0.6296296296296297,-0.4925925925925926,-0.10632934577342466
-0.5925925925925926,-0.4925925925925926,-0.10536431792278395
-0.5555555555555556,-0.4925925925925926,-0.10382382757068899
-0.5185185185185186,-0.4925925925925926,-0.08570843604225936
-0.4814814814814815,-0.4925925925925926,-0.11951663185154343
-0.4444444444444444,-0.4925925925925926,-0.09160683510682839
-0.40740740740740744,-0.4925925925925926,-0.10330437062273486
-0.37037037037037046,-0.4925925925925926,-0.12225818157751592
-0.33333333333333337,-0.4925925925925926,-0.11426998089974315
-0.2962962962962963,-0.4925925925925926,-0.08182599416771767
-0.2592592592592593,-0.4925925925925926,-0.03794538377690825
-0.22222222222222232,-0.4925925925925926,-0.029675559318972918
-0.18518518518518523,-0.4925925925925926,0.01733655645117644
-0.14814814814814814,-0.4925925925925926,0.018909345212786297
-0.11111111111111116,-0.4925925925925926,0.06582470702969961
-0.07407407407407418,-0.4925925925925926,0.07807248775908995
-0.03703703703703709,-0.4925925925925926,0.09110429827359501
0.0,-0.4925925925925926,0.145970532003423
0.03703703703703698,-0.4925925925925926,0.15339189210520707
0.07407407407407396,-0.4925925925925926,0.17078866530113038
0.11111111111111116,-0.4925925925925926,0.20537156249803973
0.14814814814814814,-0.4925925925925926,0.23189892374934867
0.18518518518518512,-0.4925925925925926,0.2583905026584588
0.2222222222222221,-0.4925925925925926,0.2796226709691515
0.2592592592592591,-0.4925925925925926,0.2831649360046022
0.2962962962962963,-0.4925925925925926,0.3076165631885138
0.33333333333333326,-0.4925925925925926,0.24388306684576028
0.37037037037037024,-0.4925925925925926,0.26331710470160546
0.40740740740740744,-0.4925925925925926,0.29357701237534495
0.4444444444444444,-0.4925925925925926,0.23510657541414282
0.4814814814814814,-0.4925925925925926,0.20335445433801352
0.5185185185185184,-0.4925925925925926,0.1915260151942908
0.5555555555555554,-0.4925925925925926,0.16774744224572669
0.5925925925925926,-0.4925925925925926,0.15400314664360992
0.6296296296296295,-0.4925925925925926,0.16684321940216232
0.6666666666666665,-0.4925925925925926,0.09990760998906162
0.7037037037037037,-0.4925925925925926,0.0919249731235696
0.7407407407407407,-0.4925925925925926,0.10678788387052549
0.7777777777777777,-0.4925925925925926,0.07471257552063461
0.8148148148148147,-0.4925925925925926,0.061891984813692784
0.8518518518518516,-0.4925925925925926,0.03980219313857408
0.8888888888888888,-0.4925925925925926,0.050020998549580954
0.9259259259259258,-0.4925925925925926,0.012498013168612787
0.9629629629629628,-0.4925925925925926,0.03575552764626351
1.0,-0.4925925925925926,0.01799181891014224
-1.0,-0.4666666666666666,0.002059938051699109
-0.962962962962963,-0.4666666666666666,-0.015387765118560298
-0.9259259259259259,-0.4666666666666666,-0.0052503264818671135
-0.8888888888888888,-0.4666666666666666,-0.026772376540085463
-0.8518518518518519,-0.4666666666666666,-0.050070536276747464
-0.8148148148148149,-0.4666666666666666,-0.054627208365652005
-0.7777777777777778,-0.4666666666666666,-0.08431080668997545
-0.7407407407407407,-0.4666666666666666,-0.06099872953853075
-0.7037037037037037,-0.4666666666666666,-0.07070260027067782
-0.6666666666666667,-0.4666666666666666,-0.08492900398747631
-0.6296296296296297,-0.4666666666666666,-0.10708463265982557
-0.5925925925925926,-0.4666666666666666,-0.11180001201678709
-0.5555555555555556,-0.4666666666666666,-0.14626817973408657
-0.5185185185185186,-0.4666666666666666,-0.1355019416262663
-0.4814814814814815,-0.4666666666666666,-0.1353026930755448
-0.4444444444444444,-0.4666666666666666,-0.13237679434192787
-0.40740740740740744,-0.4666666666666666,-0.11638315447869005
-0.37037037037037046,-0.4666666666666666,-0.12446894342214117
-0.33333333333333337,-0.4666666666666666,-0.11715007916214697
-0.2962962962962963,-0.4666666666666666,-0.07222715630112926
-0.2592592592592593,-0.4666666666666666,-0.07539626907217556
-0.22222222222222232,-0.4666666666666666,-0.05697063651605854
-0.18518518518518523,-0.4666666666666666,-0.05071976339697635
-0.14814814814814814,-0.4666666666666666,-0.010944477231944394
-0.11111111111111116,-0.4666666666666666,0.038560975398334287
-0.07407407407407418,-0.4666666666666666,0.08029005029840834
-0.03703703703703709,-0.4666666666666666,0.08443522098506169
0.0,-0.4666666666666666,0.1458718483692
0.03703703703703698,-0.4666666666666666,0.18482430296097022
0.07407407407407396,-0.4666666666666666,0.20388868976124033
0.11111111111111116,-0.4666666666666666,0.2407344371494689
0.14814814814814814,-0.4666666666666666,0.28542155956752857
0.18518518518518512,-0.4666666666666666,0.2725717551974759
0.2222222222222221,-0.4666666666666666,0.2725900274494759
0.2592592592592591,-0.4666666666666666,0.30091794636965863
0.2962962962962963,-0.4666666666666666,0.29617121792329537
0.33333333333333326,-0.4666666666666666,0.30592110072869433
0.37037037037037024,-0.4666666666666666,0.3091475007915315
0.40740740740740744,-0.4666666666666666,0.2994415156713312
0.4444444444444444,-0.4666666666666666,0.2744127357364564
0.4814814814814814,-0.4666666666666666,0.271069837940853
0.5185185185185184,-0.4666666666666666,0.2337064561373019
0.5555555555555554,-0.4666666666666666,0.22064456815342295
0.5925925925925926,-0.4666666666666666,0.18698175833907377
0.6296296296296295,-0.4666666666666666,0.16261426680419613
0.6666666666666665,-0.4666666666666666,0.1285615152582175
0.7037037037037037,-0.4666666666666666,0.11530676511916121
0.7407407407407407,-0.4666666666666666,0.0875241137975652
0.7777777777777777,-0.4666666666666666,0.07458207333941717
0.8148148148148147,-0.4666666666666666,0.0651152525127401
0.8518518518518516,-0.4666666666666666,0.06844671762126586
0.8888888888888888,-0.4666666666666666,0.03638970951315194
0.9259259259259258,-0.4666666666666666,0.04053899495128892
0.9629629629629628,-0.4666666666666666,0.005303709090305194
1.0,-0.4666666666666666,0.01370277031968787
-1.0,-0.4407407407407407,0.03761504105242422
-0.962962962962963,-0.4407407407407407,0.008156244276782864
-0.9259259259259259,-0.4407407407407407,-0.039910537601183946
-0.8888888888888888,-0.4407407407407407,-0.028809065168766086
-0.8518518518518519,-0.4407407407407407,-0.047744975079178756
-0.8148148148148149,-0.4407407407407407,-0.07746873431023678
-0.7777777777777778,-0.4407407407407407,-0.10142654117150039
-0.7407407407407407,-0.4407407407407407,-0.10428023081282593
-0.7037037037037037,-0.4407407407407407,-0.12031709830831822
-0.6666666666666667,-0.4407407407407407,-0.10689499521724963
-0.6296296296296297,-0.4407407407407407,-0.12095946571040189
-0.5925925925925926,-0.4407407407407407,-0.1303630189218197
-0.5555555555555556,-0.4407407407407407,-0.13199193905036338
-0.5185185185185186,-0.4407407407407407,-0.18660320133372799
-0.4814814814814815,-0.4407407407407407,-0.1607508555923039
-0.4444444444444444,-0.4407407407407407,-0.1508165571511633
-0.40740740740740744,-0.4407407407407407,-0.16145932425648812
-0.37037037037037046,-0.4407407407407407,-0.1521865819816557
-0.33333333333333337,-0.4407407407407407,-0.14172335657989177
-0.2962962962962963,-0.4407407407407407,-0.10966454641163376
-0.2592592592592593,-0.4407407407407407,-0.09094732973539175
-0.22222222222222232,-0.4407407407407407,-0.04515790094415752
-0.18518518518518523,-0.4407407407407407,-0.02720610561210269
-0.14814814814814814,-0.4407407407407407,0.004155306325697597
-0.11111111111111116,-0.4407407407407407,0.037556625311043854
-0.07407407407407418,-0.4407407407407407,0.06502823121609179
-0.03703703703703709,-0.4407407407407407,0.11858749824822352
0.0,-0.4407407407407407,0.16890970123706647
0.03703703703703698,-0.4407407407407407,0.20216510653295705
0.07407407407407396,-0.4407407407407407,0.21522363872284528
0.11111111111111116,-0.4407407407407407,0.24106734491701623
0.14814814814814814,-0.4407407407407407,0.3021615405164041
0.18518518518518512,-0.4407407407407407,0.3170750408625852
0.2222222222222221,-0.4407407407407407,0.33510032250644506
0.2592592592592591,-0.4407407407407407,0.3280124312746092
0.2962962962962963,-0.4407407407407407,0.3556498428040584
0.33333333333333326,-0.4407407407407407,0.35266481994945875
0.37037037037037024,-0.4407407407407407,0.32941459814567425
0.40740740740740744,-0.4407407407407407,0.3280391635696527
0.4444444444444444,-0.4407407407407407,0.2874629789919732
0.4814814814814814,-0.4407407407407407,0.2782041537981245
0.5185185185185184,-0.4407407407407407,0.2252392639555063
0.5555555555555554,-0.4407407407407407,0.22531534467330108
0.5925925925925926,-0.4407407407407407,0.24025445792256309
0.6296296296296295,-0.4407407407407407,0.18804632437357896
0.6666666666666665,-0.4407407407407407,0.1783880782920217
0.7037037037037037,-0.4407407407407407,0.1379834472319761
0.7407407407407407,-0.4407407407407407,0.11157335272006502
0.7777777777777777,-0.4407407407407407,0.0922073109711407
0.8148148148148147,-0.4407407407407407,0.06614295080226575
0.8518518518518516,-0.4407407407407407,0.06867301233894686
0.8888888888888888,-0.4407407407407407,0.03458173691934157
0.9259259259259258,-0.4407407407407407,0.03623841571455572
0.9629629629629628,-0.4407407407407407,0.0763261401844199
1.0,-0.4407407407407407,0.0283418918716924
-1.0,-0.4148148148148148,0.031091150924791505
-0.962962962962963,-0.4148148148148148,0.035287127498094095
-0.9259259259259259,-0.4148148148148148,0.0065918001194389345
-0.8888888888888888,-0.4148148148148148,-0.02328930845157343
-0.8518518518518519,-0.4148148148148148,-0.05558141203104359
-0.8148148148148149,-0.4148148148148148,-0.06077324038707509
-0.7777777777777778,-0.4148148148148148,-0.08414942497755909
-0.7407407407407407,-0.4148148148148148,-0.09545451584596866
-0.7037037037037037,-0.4148148148148148,-0.10834811782204527
-0.6666666666666667,-0.4148148148148148,-0.12648002735393027
-0.6296296296296297,-0.4148148148148148,-0.16005368404379622
-0.5925925925925926,-0.4148148148148148,-0.15130286536081367
-0.5555555555555556,-0.4148148148148148,-0.16362913260910283
-0.5185185185185186,-0.4148148148148148,-0.1994769590214946
-0.4814814814814815,-0.4148148148148148,-0.1766588665218757
-0.4444444444444444,-0.4148148148148148,-0.1830067305740672
-0.40740740740740744,-0.4148148148148148,-0.1717900042311095
-0.37037037037037046,-0.4148148148148148,-0.18488689205187156
-0.33333333333333337,-0.4148148148148148,-0.15922331509200455
-0.2962962962962963,-0.4148148148148148,-0.13863872358419188
-0.2592592592592593,-0.4148148148148148,-0.12906839976533263
-0.22222222222222232,-0.4148148148148148,-0.0731864622353973
-0.18518518518518523,-0.4148148148148148,-0.051140929243819695
-0.14814814814814814,-0.4148148148148148,-0.002485829888755938
-0.11111111111111116,-0.4148148148148148,0.018191941118270154
-0.07407407407407418,-0.4148148148148148,0.056131564334072084
-0.03703703703703709,-0.4148148148148148,0.1048262354571814
0.0,-0.4148148148148148,0.13442340225366894
0.03703703703703698,-0.4148148148148148,0.19918773307607565
0.07407407407407396,-0.4148148148148148,0.25766990739680995
0.11111111111111116,-0.4148148148148148,0.3105570425641693
0.14814814814814814,-0.4148148148148148,0.3382122205739621
0.18518518518518512,-0.4148148148148148,0.36614990258048247
0.2222222222222221,-0.4148148148148148,0.3850167460281599
0.2592592592592591,-0.4148148148148148,0.4096136624631563
0.2962962962962963,-0.4148148148148148,0.38461908616545887
0.33333333333333326,-0.4148148148148148,0.39344857400856575
0.37037037037037024,-0.4148148148148148,0.379810452282063
0.40740740740740744,-0.4148148148148148,0.31567003046210607
0.4444444444444444,-0.4148148148148148,0.3372543845155614
0.4814814814814814,-0.4148148148148148,0.3117693917239672
0.5185185185185184,-0.4148148148148148,0.2899448389005402
0.5555555555555554,-0.4148148148148148,0.24780500985577103
0.5925925925925926,-0.4148148148148148,0.21527941850117882
0.6296296296296295,-0.4148148148148148,0.1898911875061915
0.6666666666666665,-0.4148148148148148,0.18116931148620222
0.7037037037037037,-0.4148148148148148,0.15108189123709523
0.7407407407407407,-0.4148148148148148,0.14286982622946318
0.7777777777777777,-0.4148148148148148,0.07962090824486748
0.8148148148148147,-0.4148148148148148,0.09746692590610054
0.8518518518518516,-0.4148148148148148,0.09326815373441857
0.8888888888888888,-0.4148148148148148,0.03669061469535542
0.9259259259259258,-0.4148148148148148,0.04053425482007246
0.9629629629629628,-0.4148148148148148,0.005742417432626389
1.0,-0.4148148148148148,-0.019970496825721395
-1.0,-0.38888888888888884,0.04059448888565195
-0.962962962962963,-0.38888888888888884,0.03986854222293525
-0.9259259259259259,-0.38888888888888884,0.019820181658069105
-0.8888888888888888,-0.38888888888888884,-0.012716269864251496
-0.8518518518518519,-0.38888888888888884,-0.020348524041949527
-0.8148148148148149,-0.38888888888888884,-0.04838400734793459
-0.7777777777777778,-0.38888888888888884,-0.04806174316652374
-0.7407407407407407,-0.38888888888888884,-0.12193084308681601
-0.7037037037037037,-0.38888888888888884,-0.13569620019041598
-0.6666666666666667,-0.38888888888888884,-0.15189245849248684
-0.6296296296296297,-0.38888888888888884,-0.1715806113776111
-0.5925925925925926,-0.38888888888888884,-0.18536109838256132
-0.5555555555555556,-0.38888888888888884,-0.15473879405971658
-0.5185185185185186,-0.38888888888888884,-0.20716912744248084
-0.4814814814814815,-0.38888888888888884,-0.1974461439749098
-0.4444444444444444,-0.38888888888888884,-0.2309408976164953
-0.40740740740740744,-0.38888888888888884,-0.21600929876144168
-0.37037037037037046,-0.38888888888888884,-0.1826240333960297
-0.33333333333333337,-0.38888888888888884,-0.16526283698845126
-0.2962962962962963,-0.38888888888888884,-0.18466461438971882
-0.2592592592592593,-0.38888888888888884,-0.09992566461391034
-0.22222222222222232,-0.38888888888888884,-0.0931351553099895
-0.18518518518518523,-0.38888888888888884,-0.07359649334844409
-0.14814814814814814,-0.38888888888888884,-0.011605953650521774
-0.11111111111111116,-0.38888888888888884,0.01757438383805092
-0.07407407407407418,-0.38888888888888884,0.05397602843914619
-0.03703703703703709,-0.38888888888888884,0.13006382041746103
0.0,-0.38888888888888884,0.19050995666992224
0.03703703703703698,-0.38888888888888884,0.24320443917830994
0.07407407407407396,-0.38888888888888884,0.24627454782423636
0.11111111111111116,-0.38888888888888884,0.2988689526916988
0.14814814814814814,-0.38888888888888884,0.3464936819323886
0.18518518518518512,-0.38888888888888884,0.39507229153793194
0.2222222222222221,-0.38888888888888884,0.42055776560133884
0.2592592592592591,-0.38888888888888884,0.40730251865340084
0.2962962962962963,-0.38888888888888884,0.3999926463015236
0.33333333333333326,-0.38888888888888884,0.42542241399756786
0.37037037037037024,-0.38888888888888884,0.3991912578152542
0.40740740740740744,-0.38888888888888884,0.3970079041221986
0.4444444444444444,-0.38888888888888884,0.3849515842928699
0.4814814814814814,-0.38888888888888884,0.3517645157434718
0.5185185185185184,-0.38888888888888884,0.29685780429822184
0.5555555555555554,-0.38888888888888884,0.26199197880946196
0.5925925925925926,-0.38888888888888884,0.22567151556204207
0.6296296296296295,-0.38888888888888884,0.22924569103979112
0.6666666666666665,-0.38888888888888884,0.20477407809301704
0.7037037037037037,-0.38888888888888884,0.1419355545016618
0.7407407407407407,-0.38888888888888884,0.12348556615009493
0.7777777777777777,-0.38888888888888884,0.09349816512516333
0.8148148148148147,-0.38888888888888884,0.08536842584114873
0.8518518518518516,-0.38888888888888884,0.056358711341158475
0.8888888888888888,-0.38888888888888884,0.04130933998367871
0.9259259259259258,-0.38888888888888884,0.06207660446970701
0.9629629629629628,-0.38888888888888884,0.046663616256209246
1.0,-0.38888888888888884,0.024546781943492947
-1.0,-0.36296296296296293,0.1053381650113989
-0.962962962962963,-0.36296296296296293,0.053563934865414685
-0.9259259259259259,-0.36296296296296293,0.04469919805384199
-0.8888888888888888,-0.36296296296296293,-0.003961793308438773
-0.8518518518518519,-0.36296296296296293,-0.0282295574739043
-0.8148148148148149,-0.36296296296296293,-0.028725076103733427
-0.7777777777777778,-0.36296296296296293,-0.09063520925150152
-0.7407407407407407,-0.36296296296296293,-0.1054738449568943
-0.7037037037037037,-0.36296296296296293,-0.14370534309512698
-0.6666666666666667,-0.36296296296296293,-0.16990316754036885
-0.6296296296296297,-0.36296296296296293,-0.17300654314514471
-0.5925925925925926,-0.36296296296296293,-0.19246877997564915
-0.5555555555555556,-0.36296296296296293,-0.23420564154524315
-0.5185185185185186,-0.36296296296296293,-0.18943056115148588
-0.4814814814814815,-0.36296296296296293,-0.2077678059360092
-0.4444444444444444,-0.36296296296296293,-0.24907999831946273
-0.40740740740740744,-0.36296296296296293,-0.2255579095154127
-0.37037037037037046,-0.36296296296296293,-0.22047346791255865
-0.33333333333333337,-0.36296296296296293,-0.21713465165506063
-0.2962962962962963,-0.36296296296296293,-0.20495242759196755
-0.2592592592592593,-0.36296296296296293,-0.1551495842343312
-0.22222222222222232,-0.36296296296296293,-0.12236081093261716
-0.18518518518518523,-0.36296296296296293,-0.0588648277785247
-0.14814814814814814,-0.36296296296296293,-0.02811649159959495
-0.11111111111111116,-0.36296296296296293,0.00483170355033815
-0.07407407407407418,-0.36296296296296293,0.06427108837702668
-0.03703703703703709,-0.36296296296296293,0.13064682175722564
0.0,-0.36296296296296293,0.20215505658258892
0.03703703703703698,-0.36296296296296293,0.22290165529933853
0.07407407407407396,-0.36296296296296293,0.2963334308534866
0.11111111111111116,-0.36296296296296293,0.35898338419553527
0.14814814814814814,-0.36296296296296293,0.3557018142785861
0.18518518518518512,-0.36296296296296293,0.4331615982222649
0.2222222222222221,-0.36296296296296293,0.4264685059113754
0.2592592592592591,-0.36296296296296293,0.4496384246600472
0.2962962962962963,-0.36296296296296293,0.44855375189066526
0.33333333333333326,-0.36296296296296293,0.4603891665687034
0.37037037037037024,-0.36296296296296293,0.45200448923465275
0.40740740740740744,-0.36296296296296293,0.43479433734902934
0.4444444444444444,-0.36296296296296293,0.44655974612116056
0.4814814814814814,-0.36296296296296293,0.335071597611868
0.5185185185185184,-0.36296296296296293,0.33389608819074934
0.5555555555555554,-0.36296296296296293,0.28688931138806184
0.5925925925925926,-0.36296296296296293,0.26910252625627995
0.6296296296296295,-0.36296296296296293,0.22654390411205488
0.6666666666666665,-0.36296296296296293,0.2000543913011605
0.7037037037037037,-0.36296296296296293,0.17226355279988384
0.7407407407407407,-0.36296296296296293,0.13466387731606436
0.7777777777777777,-0.36296296296296293,0.13265532952402967
0.8148148148148147,-0.36296296296296293,0.07245009208346465
0.8518518518518516,-0.36296296296296293,0.06777469884058764
0.8888888888888888,-0.36296296296296293,0.060024473144449496
0.9259259259259258,-0.36296296296296293,0.06740368881402678
0.9629629629629628,-0.36296296296296293,0.013987066635689674
1.0,-0.36296296296296293,0.006780078310069545
-1.0,-0.337037037037037,0.12199969138218099
-0.962962962962963,-0.337037037037037,0.08954814282425892
-0.9259259259259259,-0.337037037037037,0.03862478428984754
-0.8888888888888888,-0.337037037037037,0.05015254553597852
-0.8518518518518519,-0.337037037037037,0.006065010972534883
-0.8148148148148149,-0.337037037037037,-0.03403651845961922
-0.7777777777777778,-0.337037037037037,-0.06541837756758623
-0.7407407407407407,-0.337037037037037,-0.08986316788440687
-0.7037037037037037,-0.337037037037037,-0.1275713760067678
-0.6666666666666667,-0.337037037037037,-0.14590573524001738
-0.6296296296296297,-0.337037037037037,-0.1728219978172554
-0.5925925925925926,-0.337037037037037,-0.21913821337176173
-0.5555555555555556,-0.337037037037037,-0.2468830796022471
-0.5185185185185186,-0.337037037037037,-0.21404826875473043
-0.4814814814814815,-0.337037037037037,-0.25793165689311554
-0.4444444444444444,-0.337037037037037,-0.22794322591308744
-0.40740740740740744,-0.337037037037037,-0.25078028509130373
-0.37037037037037046,-0.337037037037037,-0.2857886711291999
-0.33333333333333337,-0.337037037037037,-0.2241331675348545
-0.2962962962962963,-0.337037037037037,-0.21815364355169173
-0.2592592592592593,-0.337037037037037,-0.20811218294539807
-0.22222222222222232,-0.337037037037037,-0.13502059321482124
-0.18518518518518523,-0.337037037037037,-0.10678007295784799
-0.14814814814814814,-0.337037037037037,-0.041596177614974604
-0.11111111111111116,-0.337037037037037,0.03537233428074116
-0.07407407407407418,-0.337037037037037,0.08924979287702717
-0.03703703703703709,-0.337037037037037,0.1392922420668372
0.0,-0.337037037037037,0.20112929777319766
0.03703703703703698,-0.337037037037037,0.2608465301222989
0.07407407407407396,-0.337037037037037,0.30535869874023563
0.11111111111111116,-0.337037037037037,0.35083440249777953
0.14814814814814814,-0.337037037037037,0.4033548845137226
0.18518518518518512,-0.337037037037037,0.44830422061089836
0.2222222222222221,-0.337037037037037,0.46052182931363417
0.2592592592592591,-0.337037037037037,0.48615666339121477
0.2962962962962963,-0.337037037037037,0.4974484408611237
0.33333333333333326,-0.337037037037037,0.4805649033803608
0.37037037037037024,-0.337037037037037,0.4998747005261104
0.40740740740740744,-0.337037037037037,0.4843363941477429
0.4444444444444444,-0.337037037037037,0.44164293744281846
0.4814814814814814,-0.337037037037037,0.3930993782534083
0.5185185185185184,-0.337037037037037,0.3426773268661203
0.5555555555555554,-0.337037037037037,0.2966319008229984
0.5925925925925926,-0.337037037037037,0.3149299780390488
0.6296296296296295,-0.337037037037037,0.26220483904766706
0.6666666666666665,-0.337037037037037,0.21335898164905315
0.7037037037037037,-0.337037037037037,0.16526442123518864
0.7407407407407407,-0.337037037037037,0.1540427782962899
0.7777777777777777,-0.337037037037037,0.14291153332058032
0.8148148148148147,-0.337037037037037,0.10866222209093392
0.8518518518518516,-0.337037037037037,0.06656244850890766
0.8888888888888888,-0.337037037037037,0.11102536336332605
0.9259259259259258,-0.337037037037037,0.05788044614087235
0.9629629629629628,-0.337037037037037,0.018195558137285878
1.0,-0.337037037037037,0.033908160642003096
-1.0,-0.31111111111111106,0.14225183962639076
-0.962962962962963,-0.31111111111111106,0.12218509931276758
-0.9259259259259259,-0.31111111111111106,0.08895635873413031
-0.8888888888888888,-0.31111111111111106,0.0343719530337348
-0.8518518518518519,-0.31111111111111106,0.027567642801397178
-0.8148148148148149,-0.31111111111111106,-0.02397644706390507
-0.7777777777777778,-0.31111111111111106,-0.04364456527735087
-0.7407407407407407,-0.31111111111111106,-0.08086607683517938
-0.7037037037037037,-0.31111111111111106,-0.1038305192986461
-0.6666666666666667,-0.31111111111111106,-0.14345913896315227
-0.6296296296296297,-0.31111111111111106,-0.18286577419648103
-0.5925925925925926,-0.31111111111111106,-0.16507516976411998
-0.5555555555555556,-0.31111111111111106,-0.23501218012669126
-0.5185185185185186,-0.31111111111111106,-0.2548320946080623
-0.4814814814814815,-0.31111111111111106,-0.2559594489002469
-0.4444444444444444,-0.31111111111111106,-0.26277574845643237
-0.40740740740740744,-0.31111111111111106,-0.2552021273864966
-0.37037037037037046,-0.31111111111111106,-0.2849110419946406
-0.33333333333333337,-0.31111111111111106,-0.255260345800953
-0.2962962962962963,-0.31111111111111106,-0.20523096043369224
-0.2592592592592593,-0.31111111111111106,-0.18516270290870948
-0.22222222222222232,-0.31111111111111106,-0.14388947341394429
-0.18518518518518523,-0.31111111111111106,-0.12173425278489644
-0.14814814814814814,-0.31111111111111106,-0.06683698257066571
-0.11111111111111116,-0.31111111111111106,0.0029254762107505643
-0.07407407407407418,-0.31111111111111106,0.08343374644147378
-0.03703703703703709,-0.31111111111111106,0.15844579370577822
0.0,-0.31111111111111106,0.226862286243027
0.03703703703703698,-0.31111111111111106,0.2489065908462511
0.07407407407407396,-0.31111111111111106,0.33800133506784474
0.11111111111111116,-0.31111111111111106,0.39561505355813065
0.14814814814814814,-0.31111111111111106,0.43611177012162694
0.18518518518518512,-0.31111111111111106,0.47560192183440353
0.2222222222222221,-0.31111111111111106,0.49457261259638735
0.2592592592592591,-0.31111111111111106,0.5243174914507391
0.2962962962962963,-0.31111111111111106,0.5016687216623693
0.33333333333333326,-0.31111111111111106,0.5555216537133714
0.37037037037037024,-0.31111111111111106,0.5270275161510342
0.40740740740740744,-0.31111111111111106,0.5260666378636621
0.4444444444444444,-0.31111111111111106,0.46299205267624977
0.4814814814814814,-0.31111111111111106,0.4153506850885437
0.5185185185185184,-0.31111111111111106,0.4316612486188379
0.5555555555555554,-0.31111111111111106,0.3302286589605472
0.5925925925925926,-0.31111111111111106,0.3032481678688874
0.6296296296296295,-0.31111111111111106,0.2927754908387811
0.6666666666666665,-0.31111111111111106,0.2632341993921581
0.7037037037037037,-0.31111111111111106,0.19373033349095126
0.7407407407407407,-0.31111111111111106,0.1670110868537903
0.7777777777777777,-0.31111111111111106,0.1356973115037298
0.8148148148148147,-0.31111111111111106,0.12116901259614637
0.8518518518518516,-0.31111111111111106,0.07622377842196533
0.8888888888888888,-0.31111111111111106,0.07971647919367249
0.9259259259259258,-0.31111111111111106,0.06804522829998619
0.9629629629629628,-0.31111111111111106,0.03966301848132796
1.0,-0.31111111111111106,0.03223626326340897
-1.0,-0.28518518518518515,0.1868076972068733
-0.962962962962963,-0.28518518518518515,0.13299008338018414
-0.9259259259259259,-0.28518518518518515,0.09546601621671943
-0.8888888888888888,-0.28518518518518515,0.089124898395682
-0.8518518518518519,-0.28518518518518515,0.0591856654301728
-0.8148148148148149,-0.28518518518518515,-0.004209750555898039
-0.7777777777777778,-0.28518518518518515,-0.04390758923951347
-0.7407407407407407,-0.28518518518518515,-0.04310925892602266
-0.7037037037037037,-0.28518518518518515,-0.08310500611919752
-0.6666666666666667,-0.28518518518518515,-0.11722918071925272
-0.6296296296296297,-0.28518518518518515,-0.14594040507097128
-0.5925925925925926,-0.28518518518518515,-0.2198775478330166
-0.5555555555555556,-0.28518518518518515,-0.25454632399372906
-0.5185185185185186,-0.28518518518518515,-0.23652240103684707
-0.4814814814814815,-0.28518518518518515,-0.2538589991795544
-0.4444444444444444,-0.28518518518518515,-0.2753569837972554
-0.40740740740740744,-0.28518518518518515,-0.26852551387185875
-0.37037037037037046,-0.28518518518518515,-0.28464204767773743
-0.33333333333333337,-0.28518518518518515,-0.27298587698464816
-0.2962962962962963,-0.28518518518518515,-0.23427984771206595
-0.2592592592592593,-0.28518518518518515,-0.19216066794101655
-0.22222222222222232,-0.28518518518518515,-0.1462411837973218
-0.18518518518518523,-0.28518518518518515,-0.10614755242253444
-0.14814814814814814,-0.28518518518518515,-0.036805360737068346
-0.11111111111111116,-0.28518518518518515,0.036914291117740076
-0.07407407407407418,-0.28518518518518515,0.09449013419084965
-0.03703703703703709,-0.28518518518518515,0.15088636364222233
0.0,-0.28518518518518515,0.25554317374031205
0.03703703703703698,-0.28518518518518515,0.28178406931241795
0.07407407407407396,-0.28518518518518515,0.36832560084723925
0.11111111111111116,-0.28518518518518515,0.45384289793969634
0.14814814814814814,-0.28518518518518515,0.5139695996314062
0.18518518518518512,-0.28518518518518515,0.5434740671569042
0.2222222222222221,-0.28518518518518515,0.5441785847423372
0.2592592592592591,-0.28518518518518515,0.5443103194394605
0.2962962962962963,-0.28518518518518515,0.572880575200513
0.33333333333333326,-0.28518518518518515,0.5771913163303912
0.37037037037037024,-0.28518518518518515,0.5671033136869666
0.40740740740740744,-0.28518518518518515,0.5279084304057051
0.4444444444444444,-0.28518518518518515,0.5054325145585473
0.4814814814814814,-0.28518518518518515,0.4805250849353558
0.5185185185185184,-0.28518518518518515,0.4374736270209677
0.5555555555555554,-0.28518518518518515,0.4126189871056964
0.5925925925925926,-0.28518518518518515,0.3571503337007707
0.6296296296296295,-0.28518518518518515,0.3132057273541282
0.6666666666666665,-0.28518518518518515,0.25346474295602206
0.7037037037037037,-0.28518518518518515,0.22274000574954192
0.7407407407407407,-0.28518518518518515,0.15547422733868085
0.7777777777777777,-0.28518518518518515,0.1457807781785526
0.8148148148148147,-0.28518518518518515,0.09903748383316738
0.8518518518518516,-0.28518518518518515,0.10041322206223324
0.8888888888888888,-0.28518518518518515,0.08556833560589826
0.9259259259259258,-0.28518518518518515,0.06174567515838835
0.9629629629629628,-0.28518518518518515,0.06866285246801837
1.0,-0.28518518518518515,0.024167615487092287
-1.0,-0.25925925925925924,0.15527404457390617
-0.962962962962963,-0.25925925925925924,0.12813034234777382
-0.9259259259259259,-0.25925925925925924,0.10777154309148275
-0.8888888888888888,-0.25925925925925924,0.10524830590887858
-0.8518518518518519,-0.25925925925925924,0.033986388482756494
-0.8148148148148149,-0.25925925925925924,0.04657330087912861
-0.7777777777777778,-0.25925925925925924,0.006863015990390044
-0.7407407407407407,-0.25925925925925924,-0.04149024235991629
-0.7037037037037037,-0.25925925925925924,-0.09299651043495505
-0.6666666666666667,-0.25925925925925924,-0.12107473932951252
-0.6296296296296297,-0.25925925925925924,-0.16633093128286602
-0.5925925925925926,-0.25925925925925924,-0.17120957509277562
-0.5555555555555556,-0.25925925925925924,-0.23979407925577997
-0.5185185185185186,-0.25925925925925924,-0.26204666988067593
-0.4814814814814815,-0.25925925925925924,-0.26525166416820456
-0.4444444444444444,-0.25925925925925924,-0.3149474737314898
-0.40740740740740744,-0.25925925925925924,-0.2583600158448881
-0.37037037037037046,-0.25925925925925924,-0.27973541077174824
-0.33333333333333337,-0.25925925925925924,-0.24831268218558641
-0.2962962962962963,-0.25925925925925924,-0.23209358735471572
-0.2592592592592593,-0.25925925925925924,-0.2264770620598115
-0.22222222222222232,-0.25925925925925924,-0.15475351454935035
-0.18518518518518523,-0.25925925925925924,-0.09567820239357644
-0.14814814814814814,-0.25925925925925924,-0.05870495004049642
-0.11111111111111116,-0.25925925925925924,0.011716682321812139
-0.07407407407407418,-0.25925925925925924,0.08353897930104742
-0.03703703703703709,-0.25925925925925924,0.18640184891380895
0.0,-0.25925925925925924,0.2314655859080199
0.03703703703703698,-0.25925925925925924,0.31056457123041037
0.07407407407407396,-0.25925925925925924,0.39274754326327976
0.11111111111111116,-0.25925925925925924,0.4592131510984439
0.14814814814814814,-0.25925925925925924,0.50326791817446
0.18518518518518512,-0.25925925925925924,0.5809094591724517
0.2222222222222221,-0.25925925925925924,0.6152977033463999
0.2592592592592591,-0.25925925925925924,0.5935573436189068
0.2962962962962963,-0.25925925925925924,0.6491722771581726
0.33333333333333326,-0.25925925925925924,0.6265508409319649
0.37037037037037024,-0.25925925925925924,0.615841311702175
0.40740740740740744,-0.25925925925925924,0.5939392221802043
0.4444444444444444,-0.25925925925925924,0.5291589540094316
0.4814814814814814,-0.25925925925925924,0.49207752009000233
0.5185185185185184,-0.25925925925925924,0.4747910097473706
0.5555555555555554,-0.25925925925925924,0.41003623439202724
0.5925925925925926,-0.25925925925925924,0.41489203170185307
0.6296296296296295,-0.25925925925925924,0.3189808613773141
0.6666666666666665,-0.25925925925925924,0.2942866022631501
0.7037037037037037,-0.25925925925925924,0.22250967717146414
0.7407407407407407,-0.25925925925925924,0.2304895268130811
0.7777777777777777,-0.25925925925925924,0.19103195786195842
0.8148148148148147,-0.25925925925925924,0.10914692525100966
0.8518518518518516,-0.25925925925925924,0.11054243945229167
0.8888888888888888,-0.25925925925925924,0.08408023504086426
0.9259259259259258,-0.25925925925925924,0.08748089550691097
0.9629629629629628,-0.25925925925925924,0.01247725534651773
1.0,-0.25925925925925924,0.031781458988837205
-1.0,-0.23333333333333328,0.16166533944275954
-0.962962962962963,-0.23333333333333328,0.1260884524117272
-0.9259259259259259,-0.23333333333333328,0.10091208076832536
-0.8888888888888888,-0.23333333333333328,0.06401567215570933
-0.8518518518518519,-0.23333333333333328,0.06384016781636476
-0.8148148148148149,-0.23333333333333328,0.024192652428299547
-0.7777777777777778,-0.23333333333333328,-0.028305807764576186
-0.7407407407407407,-0.23333333333333328,-0.0395881040649322
-0.7037037037037037,-0.23333333333333328,-0.08900383948152832
-0.6666666666666667,-0.23333333333333328,-0.11057596616239791
-0.6296296296296297,-0.23333333333333328,-0.13934865276826758
-0.5925925925925926,-0.23333333333333328,-0.16720027477466975
-0.5555555555555556,-0.23333333333333328,-0.20845796008161052
-0.5185185185185186,-0.23333333333333328,-0.25462437035525276
-0.4814814814814815,-0.23333333333333328,-0.2619262845149271
-0.4444444444444444,-0.23333333333333328,-0.2766137654403867
-0.40740740740740744,-0.23333333333333328,-0.2594680807499758
-0.37037037037037046,-0.23333333333333328,-0.280608573851784
-0.33333333333333337,-0.23333333333333328,-0.2317271333985347
-0.2962962962962963,-0.23333333333333328,-0.23008987288302127
-0.2592592592592593,-0.23333333333333328,-0.18384055170327435
-0.22222222222222232,-0.23333333333333328,-0.15505280940591135
-0.18518518518518523,-0.23333333333333328,-0.07436369593999743
-0.14814814814814814,-0.23333333333333328,-0.03847624764874633
-0.11111111111111116,-0.23333333333333328,0.06597442755429385
-0.07407407407407418,-0.23333333333333328,0.12308646009901457
-0.03703703703703709,-0.23333333333333328,0.20722385147902245
0.0,-0.23333333333333328,0.2831325102921972
0.03703703703703698,-0.23333333333333328,0.33959890735183623
0.07407407407407396,-0.23333333333333328,0.44622462928029166
0.11111111111111116,-0.23333333333333328,0.46787758206621616
0.14814814814814814,-0.23333333333333328,0.5504281526517131
0.18518518518518512,-0.23333333333333328,0.6079189049025607
0.2222222222222221,-0.23333333333333328,0.6467389418095943
0.2592592592592591,-0.23333333333333328,0.6438819460288168
0.2962962962962963,-0.23333333333333328,0.6555940735537604
0.33333333333333326,-0.23333333333333328,0.6564275225740489
0.37037037037037024,-0.23333333333333328,0.6294669985036949
0.40740740740740744,-0.23333333333333328,0.615629837242773
0.4444444444444444,-0.23333333333333328,0.571288526962423
0.4814814814814814,-0.23333333333333328,0.5506966584215451
0.5185185185185184,-0.23333333333333328,0.49374809570485906
0.5555555555555554,-0.23333333333333328,0.43464906010956067
0.5925925925925926,-0.23333333333333328,0.38471784625275557
0.6296296296296295,-0.23333333333333328,0.3476860325824985
0.6666666666666665,-0.23333333333333328,0.284333224083416
0.7037037037037037,-0.23333333333333328,0.23007193587473138
0.7407407407407407,-0.23333333333333328,0.19261133940949443
0.7777777777777777,-0.23333333333333328,0.1751993494576893
0.8148148148148147,-0.23333333333333328,0.1115149277162959
0.8518518518518516,-0.23333333333333328,0.11172387091686511
0.8888888888888888,-0.23333333333333328,0.09896879555129168
0.9259259259259258,-0.23333333333333328,0.057124221382556704
0.9629629629629628,-0.23333333333333328,0.045759385500714
1.0,-0.23333333333333328,0.014936424071163256
-1.0,-0.20740740740740737,0.11185485810179328
-0.962962962962963,-0.20740740740740737,0.10478879158643825
-0.9259259259259259,-0.20740740740740737,0.10154393814474665
-0.8888888888888888,-0.20740740740740737,0.06983396931834761
-0.8518518518518519,-0.20740740740740737,0.03427910002020357
-0.8148148148148149,-0.20740740740740737,0.015508961262551356
-0.7777777777777778,-0.20740740740740737,-0.025075752261983324
-0.7407407407407407,-0.20740740740740737,-0.013052382863516211
-0.7037037037037037,-0.20740740740740737,-0.0828547954075757
-0.6666666666666667,-0.20740740740740737,-0.08460724888368312
-0.6296296296296297,-0.20740740740740737,-0.1657383774878022
-0.5925925925925926,-0.20740740740740737,-0.18845473883388672
-0.5555555555555556,-0.20740740740740737,-0.18092721046137558
-0.5185185185185186,-0.20740740740740737,-0.2314499072906334
-0.4814814814814815,-0.20740740740740737,-0.2135985687175394
-0.4444444444444444,-0.20740740740740737,-0.2453850669228317
-0.40740740740740744,-0.20740740740740737,-0.24024972543898943
-0.37037037037037046,-0.20740740740740737,-0.27931640295589016
-0.33333333333333337,-0.20740740740740737,-0.23725330062088415
-0.2962962962962963,-0.20740740740740737,-0.21932325476468129
-0.2592592592592593,-0.20740740740740737,-0.15306296948993042
-0.22222222222222232,-0.20740740740740737,-0.13715619586922573
-0.18518518518518523,-0.20740740740740737,-0.07337138029819225
-0.14814814814814814,-0.20740740740740737,-0.020404660582989717
-0.11111111111111116,-0.20740740740740737,0.03939832865658259
-0.07407407407407418,-0.20740740740740737,0.15153041824363994
-0.03703703703703709,-0.20740740740740737,0.21804656498172528
0.0,-0.20740740740740737,0.31054620751066797
0.03703703703703698,-0.20740740740740737,0.3703626194380083
0.07407407407407396,-0.20740740740740737,0.4597418800659664
0.11111111111111116,-0.20740740740740737,0.5162920666189886
0.14814814814814814,-0.20740740740740737,0.5806944364678968
0.18518518518518512,-0.20740740740740737,0.6393698103237309
0.2222222222222221,-0.20740740740740737,0.6646431225468757
0.2592592592592591,-0.20740740740740737,0.7038500247031975
0.2962962962962963,-0.20740740740740737,0.6870144261654006
0.33333333333333326,-0.20740740740740737,0.694136473178226
0.37037037037037024,-0.20740740740740737,0.7037950483146315
0.40740740740740744,-0.20740740740740737,0.6452698675887658
0.4444444444444444,-0.20740740740740737,0.5924075370626632
0.4814814814814814,-0.20740740740740737,0.5940883254834213
0.5185185185185184,-0.20740740740740737,0.523382856496904
0.5555555555555554,-0.20740740740740737,0.4570292737658749
0.5925925925925926,-0.20740740740740737,0.4008915012199011
0.6296296296296295,-0.20740740740740737,0.37339983902927
0.6666666666666665,-0.20740740740740737,0.2959347376474687
0.7037037037037037,-0.20740740740740737,0.23900464690866147
0.7407407407407407,-0.20740740740740737,0.23001808373737573
0.7777777777777777,-0.20740740740740737,0.18421219933138983
0.8148148148148147,-0.20740740740740737,0.15495299363487244
0.8518518518518516,-0.20740740740740737,0.10760750618822411
0.8888888888888888,-0.20740740740740737,0.09658499489822661
0.9259259259259258,-0.20740740740740737,0.05486210268384066
0.9629629629629628,-0.20740740740740737,0.04704131263703062
1.0,-0.20740740740740737,0.04171715242277917
-1.0,-0.18148148148148147,0.10054718649960513
-0.962962962962963,-0.18148148148148147,0.10319469004665303
-0.9259259259259259,-0.18148148148148147,0.08460599129887174
-0.8888888888888888,-0.18148148148148147,0.041554587514587044
-0.8518518518518519,-0.18148148148148147,0.026237779948378233
-0.8148148148148149,-0.18148148148148147,0.021871359502197645
-0.7777777777777778,-0.18148148148148147,0.0039032155350754473
-0.7407407407407407,-0.18148148148148147,-0.036597251978563713
-0.7037037037037037,-0.18148148148148147,-0.08057435375002464
-0.6666666666666667,-0.18148148148148147,-0.10180156253230087
-0.6296296296296297,-0.18148148148148147,-0.1185031462232427
-0.5925925925925926,-0.18148148148148147,-0.14451027792673293
-0.5555555555555556,-0.18148148148148147,-0.1997861391105036
-0.5185185185185186,-0.18148148148148147,-0.22790679243411896
-0.4814814814814815,-0.18148148148148147,-0.2290287332646831
-0.4444444444444444,-0.18148148148148147,-0.24876918016244534
-0.40740740740740744,-0.18148148148148147,-0.24129864448840468
-0.37037037037037046,-0.18148148148148147,-0.24721565789389632
-0.33333333333333337,-0.18148148148148147,-0.21180101794531092
-0.2962962962962963,-0.18148148148148147,-0.18121722592844056
-0.2592592592592593,-0.18148148148148147,-0.12845445002115286
-0.22222222222222232,-0.18148148148148147,-0.08275126640336783
-0.18518518518518523,-0.18148148148148147,-0.039706613224995135
-0.14814814814814814,-0.18148148148148147,0.010988736722484401
-0.11111111111111116,-0.18148148148148147,0.11189179536761665
-0.07407407407407418,-0.18148148148148147,0.16941803444897652
-0.03703703703703709,-0.18148148148148147,0.24094968548409226
0.0,-0.18148148148148147,0.3416453624668969
0.03703703703703698,-0.18148148148148147,0.4077030813480226
0.07407407407407396,-0.18148148148148147,0.5328238083674213
0.11111111111111116,-0.18148148148148147,0.5908006936965764
0.14814814814814814,-0.18148148148148147,0.6550880251744914
0.18518518518518512,-0.18148148148148147,0.676917984007888
0.2222222222222221,-0.18148148148148147,0.7173816536112283
0.2592592592592591,-0.18148148148148147,0.7443978249408741
0.2962962962962963,-0.18148148148148147,0.7432321057480189
0.33333333333333326,-0.18148148148148147,0.7441889175070682
0.37037037037037024,-0.18148148148148147,0.7316060679511021
0.40740740740740744,-0.18148148148148147,0.6846757238964168
0.4444444444444444,-0.18148148148148147,0.6549145836831148
0.4814814814814814,-0.18148148148148147,0.6274278427969306
0.5185185185185184,-0.18148148148148147,0.5581625362119044
0.5555555555555554,-0.18148148148148147,0.473324793422457
0.5925925925925926,-0.18148148148148147,0.4286669696351861
0.6296296296296295,-0.18148148148148147,0.3755242302599773
0.6666666666666665,-0.18148148148148147,0.32459573568729544
0.7037037037037037,-0.18148148148148147,0.28333692261079463
0.7407407407407407,-0.18148148148148147,0.22027878915167864
0.7777777777777777,-0.18148148148148147,0.21519301873093977
0.8148148148148147,-0.18148148148148147,0.15193490905417448
0.8518518518518516,-0.18148148148148147,0.13093231599542618
0.8888888888888888,-0.18148148148148147,0.08380355948534762
0.9259259259259258,-0.18148148148148147,0.043801576892336366
0.9629629629629628,-0.18148148148148147,0.06394089844301896
1.0,-0.18148148148148147,0.05450011715318626
-1.0,-0.15555555555555556,0.0779624771165567
-0.962962962962963,-0.15555555555555556,0.0524023315488076
-0.9259259259259259,-0.15555555555555556,0.04471355634958339
-0.8888888888888888,-0.15555555555555556,0.014382969607557536
-0.8518518518518519,-0.15555555555555556,-0.015082992902118147
-0.8148148148148149,-0.15555555555555556,-0.010915719044509154
-0.7777777777777778,-0.15555555555555556,-0.02776709464595347
-0.7407407407407407,-0.15555555555555556,-0.053501424935021434
-0.7037037037037037,-0.15555555555555556,-0.07427676932565118
-0.6666666666666667,-0.15555555555555556,-0.09944442352202787
-0.6296296296296297,-0.15555555555555556,-0.12867572577942016
-0.5925925925925926,-0.15555555555555556,-0.15420920513076858
-0.5555555555555556,-0.15555555555555556,-0.1839793814418701
-0.5185185185185186,-0.15555555555555556,-0.21437087208967354
-0.4814814814814815,-0.15555555555555556,-0.24834713177837442
-0.4444444444444444,-0.15555555555555556,-0.22160665199061685
-0.40740740740740744,-0.15555555555555556,-0.20227846573526326
-0.37037037037037046,-0.15555555555555556,-0.20498062800503697
-0.33333333333333337,-0.15555555555555556,-0.16246898748050562
-0.2962962962962963,-0.15555555555555556,-0.15029504379505745
-0.2592592592592593,-0.15555555555555556,-0.14930985665414886
-0.22222222222222232,-0.15555555555555556,-0.051301892044142365
-0.18518518518518523,-0.15555555555555556,-0.019488309469642945
-0.14814814814814814,-0.15555555555555556,0.06280113545747185
-0.11111111111111116,-0.15555555555555556,0.13510132958629664
-0.07407407407407418,-0.15555555555555556,0.22286599740260765
-0.03703703703703709,-0.15555555555555556,0.33313656953754317
0.0,-0.15555555555555556,0.412320220787961
0.03703703703703698,-0.15555555555555556,0.4573137152780783
0.07407407407407396,-0.15555555555555556,0.5625706213199172
0.11111111111111116,-0.15555555555555556,0.6163431784260109
0.14814814814814814,-0.15555555555555556,0.7068178522671014
0.18518518518518512,-0.15555555555555556,0.7604613925879626
0.2222222222222221,-0.15555555555555556,0.7665761416083647
0.2592592592592591,-0.15555555555555556,0.8085960111760534
0.2962962962962963,-0.15555555555555556,0.8168007104628411
0.33333333333333326,-0.15555555555555556,0.8047040962139831
0.37037037037037024,-0.15555555555555556,0.7894639614063969
0.40740740740740744,-0.15555555555555556,0.7384735262726685
0.4444444444444444,-0.15555555555555556,0.7032638012052639
0.4814814814814814,-0.15555555555555556,0.6469247270659021
0.5185185185185184,-0.15555555555555556,0.592820313337797
0.5555555555555554,-0.15555555555555556,0.5321538319034664
0.5925925925925926,-0.15555555555555556,0.44023464856612166
0.6296296296296295,-0.15555555555555556,0.4091713913874698
0.6666666666666665,-0.15555555555555556,0.3703118307294225
0.7037037037037037,-0.15555555555555556,0.2809972647613938
0.7407407407407407,-0.15555555555555556,0.2435518242429736
0.7777777777777777,-0.15555555555555556,0.16211406296679448
0.8148148148148147,-0.15555555555555556,0.17272447576356625
0.8518518518518516,-0.15555555555555556,0.13549199046889415
0.8888888888888888,-0.15555555555555556,0.11915116015113374
0.9259259259259258,-0.15555555555555556,0.10533908297362858
0.9629629629629628,-0.15555555555555556,0.05118089905387324
1.0,-0.15555555555555556,0.038047644508613046
-1.0,-0.12962962962962965,0.0386969502535063
-0.962962962962963,-0.12962962962962965,0.01433316409884483
-0.9259259259259259,-0.12962962962962965,0.019843565771269136
-0.8888888888888888,-0.12962962962962965,-0.028683569914103195
-0.8518518518518519,-0.12962962962962965,-0.024336079963242607
-0.8148148148148149,-0.12962962962962965,-0.05504299275173117
-0.7777777777777778,-0.12962962962962965,-0.0826426206505364
-0.7407407407407407,-0.12962962962962965,-0.07972086626299274
-0.7037037037037037,-0.12962962962962965,-0.12140271841076931
-0.6666666666666667,-0.12962962962962965,-0.13695218372718215
-0.6296296296296297,-0.12962962962962965,-0.15812862744495654
-0.5925925925925926,-0.12962962962962965,-0.21393780561628
-0.5555555555555556,-0.12962962962962965,-0.17897695254843893
-0.5185185185185186,-0.12962962962962965,-0.19774470469860106
-0.4814814814814815,-0.12962962962962965,-0.2076566707855846
-0.4444444444444444,-0.12962962962962965,-0.21689525963368034
-0.40740740740740744,-0.12962962962962965,-0.18478946036953817
-0.37037037037037046,-0.12962962962962965,-0.18558096986886857
-0.33333333333333337,-0.12962962962962965,-0.18159983288832465
-0.2962962962962963,-0.12962962962962965,-0.1250529770993097
-0.2592592592592593,-0.12962962962962965,-0.06867156940004383
-0.22222222222222232,-0.12962962962962965,-0.03248675400403232
-0.18518518518518523,-0.12962962962962965,0.032676063318301946
-0.14814814814814814,-0.12962962962962965,0.11322663831381466
-0.11111111111111116,-0.12962962962962965,0.19734912903047946
-0.07407407407407418,-0.12962962962962965,0.2772368866221052
-0.03703703703703709,-0.12962962962962965,0.3523749769090313
0.0,-0.12962962962962965,0.4544499402086183
0.03703703703703698,-0.12962962962962965,0.5257422341312838
0.07407407407407396,-0.12962962962962965,0.6038506109271252
0.11111111111111116,-0.12962962962962965,0.6969062733003966
0.14814814814814814,-0.12962962962962965,0.7342886254376843
0.18518518518518512,-0.12962962962962965,0.7747150140370399
0.2222222222222221,-0.12962962962962965,0.8291736063011428
0.2592592592592591,-0.12962962962962965,0.8265775926568183
0.2962962962962963,-0.12962962962962965,0.8618625613519123
0.33333333333333326,-0.12962962962962965,0.8359561849579197
0.37037037037037024,-0.12962962962962965,0.8260676574818996
0.40740740740740744,-0.12962962962962965,0.7750341053640689
0.4444444444444444,-0.12962962962962965,0.713682527729499
0.4814814814814814,-0.12962962962962965,0.6325020465963445
0.5185185185185184,-0.12962962962962965,0.6015943330612878
0.5555555555555554,-0.12962962962962965,0.5695887629822407
0.5925925925925926,-0.12962962962962965,0.48153175899528183
0.6296296296296295,-0.12962962962962965,0.43907216224476336
0.6666666666666665,-0.12962962962962965,0.3818850077651423
0.7037037037037037,-0.12962962962962965,0.2842842160560501
0.7407407407407407,-0.12962962962962965,0.2513295851292227
0.7777777777777777,-0.12962962962962965,0.20953461071616283
0.8148148148148147,-0.12962962962962965,0.1928984898783617
0.8518518518518516,-0.12962962962962965,0.16023812352359637
0.8888888888888888,-0.12962962962962965,0.09634530902295974
0.9259259259259258,-0.12962962962962965,0.09299357217877695
0.9629629629629628,-0.12962962962962965,0.06842085754642796
1.0,-0.12962962962962965,0.03105602471866929
-1.0,-0.10370370370370363,0.010627824831253005
-0.962962962962963,-0.10370370370370363,0.01001027088761057
-0.9259259259259259,-0.10370370370370363,-0.04296789096341452
-0.8888888888888888,-0.10370370370370363,-0.031031820311168863
-0.8518518518518519,-0.10370370370370363,-0.06686452453971832
-0.8148148148148149,-0.10370370370370363,-0.057809009184592225
-0.7777777777777778,-0.10370370370370363,-0.07601682921756606
-0.7407407407407407,-0.10370370370370363,-0.11746982548229573
-0.7037037037037037,-0.10370370370370363,-0.13499240562628456
-0.6666666666666667,-0.10370370370370363,-0.12772032330544245
-0.6296296296296297,-0.10370370370370363,-0.17325058141304958
-0.5925925925925926,-0.10370370370370363,-0.1704025261763962
-0.5555555555555556,-0.10370370370370363,-0.22554106318501743
-0.5185185185185186,-0.10370370370370363,-0.22996135147112823
-0.4814814814814815,-0.10370370370370363,-0.19455934293382898
-0.4444444444444444,-0.10370370370370363,-0.20299945361427116
-0.40740740740740744,-0.10370370370370363,-0.19950119375362024
-0.37037037037037046,-0.10370370370370363,-0.19118008254635602
-0.33333333333333337,-0.10370370370370363,-0.14152293780961525
-0.2962962962962963,-0.10370370370370363,-0.1251554287859902
-0.2592592592592593,-0.10370370370370363,-0.05778965778565949
-0.22222222222222232,-0.10370370370370363,0.014147758436537853
-0.18518518518518523,-0.10370370370370363,0.0685211806373292
-0.14814814814814814,-0.10370370370370363,0.12551037798629067
-0.11111111111111116,-0.10370370370370363,0.20693223828795068
-0.07407407407407418,-0.10370370370370363,0.31253144725372994
-0.03703703703703709,-0.10370370370370363,0.37505801448513804
0.0,-0.10370370370370363,0.509603922570962
0.03703703703703698,-0.10370370370370363,0.5727287645492608
0.07407407407407396,-0.10370370370370363,0.6536139379674765
0.11111111111111116,-0.10370370370370363,0.7286431229049268
0.14814814814814814,-0.10370370370370363,0.7824785955267892
0.18518518518518512,-0.10370370370370363,0.8611768100499683
0.2222222222222221,-0.10370370370370363,0.8637541632858827
0.2592592592592591,-0.10370370370370363,0.8727848474883482
0.2962962962962963,-0.10370370370370363,0.9090374697782164
0.33333333333333326,-0.10370370370370363,0.8693477021415434
0.37037037037037024,-0.10370370370370363,0.8754984476557056
0.40740740740740744,-0.10370370370370363,0.8247168918293548
0.4444444444444444,-0.10370370370370363,0.7578231642178042
0.4814814814814814,-0.10370370370370363,0.7083619035934496
0.5185185185185184,-0.10370370370370363,0.6283634142888381
0.5555555555555554,-0.10370370370370363,0.5605312876418681
0.5925925925925926,-0.10370370370370363,0.527168936002084
0.6296296296296295,-0.10370370370370363,0.43901056053049187
0.6666666666666665,-0.10370370370370363,0.37860219361615083
0.7037037037037037,-0.10370370370370363,0.31492109675153207
0.7407407407407407,-0.10370370370370363,0.27024428038892273
0.7777777777777777,-0.10370370370370363,0.21586439560760498
0.8148148148148147,-0.10370370370370363,0.17902365993448385
0.8518518518518516,-0.10370370370370363,0.14281965534692279
0.8888888888888888,-0.10370370370370363,0.13158591116987467
0.9259259259259258,-0.10370370370370363,0.07918713694471266
0.9629629629629628,-0.10370370370370363,0.06442884111001057
1.0,-0.10370370370370363,0.05148267179247401
-1.0,-0.07777777777777772,-0.04837083573116639
-0.962962962962963,-0.07777777777777772,-0.037913760330119915
-0.9259259259259259,-0.07777777777777772,-0.05966546505418847
-0.8888888888888888,-0.07777777777777772,-0.08089491031821067
-0.8518518518518519,-0.07777777777777772,-0.09979231303436385
-0.8148148148148149,-0.07777777777777772,-0.10661633810982277
-0.7777777777777778,-0.07777777777777772,-0.12007430104828941
-0.7407407407407407,-0.07777777777777772,-0.1354976231017913
-0.7037037037037037,-0.07777777777777772,-0.14918175095353028
-0.6666666666666667,-0.07777777777777772,-0.1818647762313146
-0.6296296296296297,-0.07777777777777772,-0.1725635387198916
-0.5925925925925926,-0.07777777777777772,-0.20347528266182652
-0.5555555555555556,-0.07777777777777772,-0.19766014587050146
-0.5185185185185186,-0.07777777777777772,-0.22268384237011987
-0.4814814814814815,-0.07777777777777772,-0.19909465095153536
-0.4444444444444444,-0.07777777777777772,-0.20574379423993236
-0.40740740740740744,-0.07777777777777772,-0.20028391575955184
-0.37037037037037046,-0.07777777777777772,-0.16957088163800224
-0.33333333333333337,-0.07777777777777772,-0.12458149088531516
-0.2962962962962963,-0.07777777777777772,-0.10715707642173072
-0.2592592592592593,-0.07777777777777772,-0.024100641114291887
-0.22222222222222232,-0.07777777777777772,0.007944215226005715
-0.18518518518518523,-0.07777777777777772,0.11367816193556009
-0.14814814814814814,-0.07777777777777772,0.17968794312252745
-0.11111111111111116,-0.07777777777777772,0.2608414758245113
-0.07407407407407418,-0.07777777777777772,0.36165874583964636
-0.03703703703703709,-0.07777777777777772,0.48173693970211506
0.0,-0.07777777777777772,0.5794837024551709
0.03703703703703698,-0.07777777777777772,0.6365487007466489
0.07407407407407396,-0.07777777777777772,0.7442999560305181
0.11111111111111116,-0.07777777777777772,0.7992091948171218
0.14814814814814814,-0.07777777777777772,0.8804293381778048
0.18518518518518512,-0.07777777777777772,0.9025510444737532
0.2222222222222221,-0.07777777777777772,0.9433156077939225
0.2592592592592591,-0.07777777777777772,0.9328444964971273
0.2962962962962963,-0.07777777777777772,0.9662927238897289
0.33333333333333326,-0.07777777777777772,0.9448341184285691
0.37037037037037024,-0.07777777777777772,0.9196006754133935
0.40740740740740744,-0.07777777777777772,0.8833838494225271
0.4444444444444444,-0.07777777777777772,0.801671185516177
0.4814814814814814,-0.07777777777777772,0.7520013547180502
0.5185185185185184,-0.07777777777777772,0.6507479468556605
0.5555555555555554,-0.07777777777777772,0.5953684255912893
0.5925925925925926,-0.07777777777777772,0.519608677795593
0.6296296296296295,-0.07777777777777772,0.48082325351708444
0.6666666666666665,-0.07777777777777772,0.4111562998472674
0.7037037037037037,-0.07777777777777772,0.3466793709820614
0.7407407407407407,-0.07777777777777772,0.2869877144956999
0.7777777777777777,-0.07777777777777772,0.26450826417265827
0.8148148148148147,-0.07777777777777772,0.20302221119401637
0.8518518518518516,-0.07777777777777772,0.14425501799806634
0.8888888888888888,-0.07777777777777772,0.14613437585220834
0.9259259259259258,-0.07777777777777772,0.11955105626387394
0.9629629629629628,-0.07777777777777772,0.085309160883452
1.0,-0.07777777777777772,0.021321488705360672
-1.0,-0.051851851851851816,-0.06693315205759884
-0.962962962962963,-0.051851851851851816,-0.05864516450144836
-0.9259259259259259,-0.051851851851851816,-0.08458136095788128
-0.8888888888888888,-0.051851851851851816,-0.11945931840375992
-0.8518518518518519,-0.051851851851851816,-0.10979691792270756
-0.8148148148148149,-0.051851851851851816,-0.14039996954525008
-0.7777777777777778,-0.051851851851851816,-0.14332547589261227
-0.7407407407407407,-0.051851851851851816,-0.16128857955472753
-0.7037037037037037,-0.051851851851851816,-0.1606042057896418
-0.6666666666666667,-0.051851851851851816,-0.2122550167664344
-0.6296296296296297,-0.051851851851851816,-0.19626099697601154
-0.5925925925925926,-0.051851851851851816,-0.2371726418858669
-0.5555555555555556,-0.051851851851851816,-0.21311673090412747
-0.5185185185185186,-0.051851851851851816,-0.22202990641345322
-0.4814814814814815,-0.051851851851851816,-0.21746402211540405
-0.4444444444444444,-0.051851851851851816,-0.20849690508570132
-0.40740740740740744,-0.051851851851851816,-0.1993487705590514
-0.37037037037037046,-0.051851851851851816,-0.1523535072383242
-0.33333333333333337,-0.051851851851851816,-0.10962915647428663
-0.2962962962962963,-0.051851851851851816,-0.049052807822907815
-0.2592592592592593,-0.051851851851851816,-0.0013607482418262588
-0.22222222222222232,-0.051851851851851816,0.06992402920564902
-0.18518518518518523,-0.051851851851851816,0.12495529139276067
-0.14814814814814814,-0.051851851851851816,0.20092853926010487
-0.11111111111111116,-0.051851851851851816,0.32113887984407935
-0.07407407407407418,-0.051851851851851816,0.4490031563800906
-0.03703703703703709,-0.051851851851851816,0.5076424969131927
0.0,-0.051851851851851816,0.5905135526610273
0.03703703703703698,-0.051851851851851816,0.6547039478255744
0.07407407407407396,-0.051851851851851816,0.7860138127533752
0.11111111111111116,-0.051851851851851816,0.8351293636647509
0.14814814814814814,-0.051851851851851816,0.9010199347861008
0.18518518518518512,-0.051851851851851816,0.9609881516793765
0.2222222222222221,-0.051851851851851816,0.9974193936214705
0.2592592592592591,-0.051851851851851816,1.0304431651380344
0.2962962962962963,-0.051851851851851816,1.0183978283252615
0.33333333333333326,-0.051851851851851816,0.9921563850074872
0.37037037037037024,-0.051851851851851816,0.9483472041477443
0.40740740740740744,-0.051851851851851816,0.8848201189084506
0.4444444444444444,-0.051851851851851816,0.8426316493673267
0.4814814814814814,-0.051851851851851816,0.7964067692865975
0.5185185185185184,-0.051851851851851816,0.6775736460063064
0.5555555555555554,-0.051851851851851816,0.6369584962415263
0.5925925925925926,-0.051851851851851816,0.5872946232010952
0.6296296296296295,-0.051851851851851816,0.5053679480377814
0.6666666666666665,-0.051851851851851816,0.4179862758769656
0.7037037037037037,-0.051851851851851816,0.35223561884826377
0.7407407407407407,-0.051851851851851816,0.3079483666000235
0.7777777777777777,-0.051851851851851816,0.24193203717880618
0.8148148148148147,-0.051851851851851816,0.20770348595722177
0.8518518518518516,-0.051851851851851816,0.1855573672703524
0.8888888888888888,-0.051851851851851816,0.12192447598281787
0.9259259259259258,-0.051851851851851816,0.08925393371024386
0.9629629629629628,-0.051851851851851816,0.09157039079082205
1.0,-0.051851851851851816,0.06251344671430831
-1.0,-0.025925925925925908,-0.08113508374284993
-0.962962962962963,-0.025925925925925908,-0.11285771467099853
-0.9259259259259259,-0.025925925925925908,-0.07106255693895344
-0.8888888888888888,-0.025925925925925908,-0.08532597295980011
-0.8518518518518519,-0.025925925925925908,-0.13366489027862577
-0.8148148148148149,-0.025925925925925908,-0.14215362221219613
-0.7777777777777778,-0.025925925925925908,-0.16494267444735106
-0.7407407407407407,-0.025925925925925908,-0.17936663996932214
-0.7037037037037037,-0.025925925925925908,-0.17807133216010146
-0.6666666666666667,-0.025925925925925908,-0.21190282654016804
-0.6296296296296297,-0.025925925925925908,-0.23353376698288747
-0.5925925925925926,-0.025925925925925908,-0.23583863197530955
-0.5555555555555556,-0.025925925925925908,-0.2427355764556899
-0.5185185185185186,-0.025925925925925908,-0.23296152950351665
-0.4814814814814815,-0.025925925925925908,-0.23942489135516154
-0.4444444444444444,-0.025925925925925908,-0.22929401928722434
-0.40740740740740744,-0.025925925925925908,-0.16613052641700632
-0.37037037037037046,-0.025925925925925908,-0.14891843364304402
-0.33333333333333337,-0.025925925925925908,-0.10289970204302633
-0.2962962962962963,-0.025925925925925908,-0.027844311986603018
-0.2592592592592593,-0.025925925925925908,0.0038785980353594676
-0.22222222222222232,-0.025925925925925908,0.07484124998076211
-0.18518518518518523,-0.025925925925925908,0.16658342366503773
-0.14814814814814814,-0.025925925925925908,0.2360361381622984
-0.11111111111111116,-0.025925925925925908,0.3328802770434481
-0.07407407407407418,-0.025925925925925908,0.43052997079090904
-0.03703703703703709,-0.025925925925925908,0.5556309851057025
0.0,-0.025925925925925908,0.6205215343290192
0.03703703703703698,-0.025925925925925908,0.7384778033335735
0.07407407407407396,-0.025925925925925908,0.8211066070940854
0.11111111111111116,-0.025925925925925908,0.9208472658174911
0.14814814814814814,-0.025925925925925908,0.9545088151183239
0.18518518518518512,-0.025925925925925908,1.0216760751439702
0.2222222222222221,-0.025925925925925908,1.0511823684389603
0.2592592592592591,-0.025925925925925908,1.0639015799889795
0.2962962962962963,-0.025925925925925908,1.0720036350796842
0.33333333333333326,-0.025925925925925908,1.0033231509039051
0.37037037037037024,-0.025925925925925908,1.0023705379991383
0.40740740740740744,-0.025925925925925908,0.9426359827887743
0.4444444444444444,-0.025925925925925908,0.8837483919636898
0.4814814814814814,-0.025925925925925908,0.8419092979871013
0.5185185185185184,-0.025925925925925908,0.740154216715416
0.5555555555555554,-0.025925925925925908,0.6621767198012586
0.5925925925925926,-0.025925925925925908,0.6138343789465159
0.6296296296296295,-0.025925925925925908,0.48970792529953566
0.6666666666666665,-0.025925925925925908,0.4677622778051869
0.7037037037037037,-0.025925925925925908,0.36380737205700203
0.7407407407407407,-0.025925925925925908,0.3465838124586841
0.7777777777777777,-0.025925925925925908,0.25147720148507224
0.8148148148148147,-0.025925925925925908,0.22349135740059864
0.8518518518518516,-0.025925925925925908,0.17768700118637165
0.8888888888888888,-0.025925925925925908,0.13927753707095147
0.9259259259259258,-0.025925925925925908,0.11630665635930226
0.9629629629629628,-0.025925925925925908,0.08395900917947235
1.0,-0.025925925925925908,0.08161884841598403
-1.0,0.0,-0.06510598942916994
-0.962962962962963,0.0,-0.11607568200981419
-0.9259259259259259,0.0,-0.14584790522806176
-0.8888888888888888,0.0,-0.08748470272694035
-0.8518518518518519,0.0,-0.1758053017187285
-0.8148148148148149,0.0,-0.15876872744313295
-0.7777777777777778,0.0,-0.18831640252103488
-0.7407407407407407,0.0,-0.207665784801432
-0.7037037037037037,0.0,-0.22924619652637385
-0.6666666666666667,0.0,-0.1989902948815237
-0.6296296296296297,0.0,-0.2291165424197507
-0.5925925925925926,0.0,-0.269573710892543
-0.5555555555555556,0.0,-0.24617924045499812
-0.5185185185185186,0.0,-0.25147087868346657
-0.4814814814814815,0.0,-0.21480077778210793
-0.4444444444444444,0.0,-0.22641800206932478
-0.40740740740740744,0.0,-0.22753535293626376
-0.37037037037037046,0.0,-0.13863504376188046
-0.33333333333333337,0.0,-0.09060093661325468
-0.2962962962962963,0.0,-0.03230358383276657
-0.2592592592592593,0.0,0.0178740976167382
-0.22222222222222232,0.0,0.05379233462951656
-0.18518518518518523,0.0,0.15210462895258708
-0.14814814814814814,0.0,0.2573530192589769
-0.11111111111111116,0.0,0.3637841966753918
-0.07407407407407418,0.0,0.45718549557372856
-0.03703703703703709,0.0,0.5757124020844099
0.0,0.0,0.650727301108041
0.03703703703703698,0.0,0.7555218996213542
0.07407407407407396,0.0,0.8402528445167932
0.11111111111111116,0.0,0.9269916162066029
0.14814814814814814,0.0,0.9696957512486639
0.18518518518518512,0.0,1.0745840075325737
0.2222222222222221,0.0,1.0598924810735597
0.2592592592592591,0.0,1.0806233113598596
0.2962962962962963,0.0,1.0955511588779816
0.33333333333333326,0.0,1.0566573869514329
0.37037037037037024,0.0,1.049251487321938
0.40740740740740744,0.0,1.0002079249762992
0.4444444444444444,0.0,0.9418189672688477
0.4814814814814814,0.0,0.84523098601334
0.5185185185185184,0.0,0.7688147356905166
0.5555555555555554,0.0,0.6976592452156767
0.5925925925925926,0.0,0.616541826539746
0.6296296296296295,0.0,0.5459188980141991
0.6666666666666665,0.0,0.47538278138967294
0.7037037037037037,0.0,0.4010327325119741
0.7407407407407407,0.0,0.3300876586106914
0.7777777777777777,0.0,0.2979545812131873
0.8148148148148147,0.0,0.24873616807652038
0.8518518518518516,0.0,0.19891327618168228
0.8888888888888888,0.0,0.15760337093494498
0.9259259259259258,0.0,0.12431780977124206
0.9629629629629628,0.0,0.11693202354071552
1.0,0.0,0.06198366531767897
-1.0,0.025925925925925908,-0.09895372718353984
-0.962962962962963,0.025925925925925908,-0.09714761217106038
-0.9259259259259259,0.025925925925925908,-0.1110637579056252
-0.8888888888888888,0.025925925925925908,-0.13286229974722047
-0.8518518518518519,0.025925925925925908,-0.150468673480502
-0.8148148148148149,0.025925925925925908,-0.169171187748971
-0.7777777777777778,0.025925925925925908,-0.18002313922031427
-0.7407407407407407,0.025925925925925908,-0.2144228256286969
-0.7037037037037037,0.025925925925925908,-0.23706192195922673
-0.6666666666666667,0.025925925925925908,-0.2384353908113946
-0.6296296296296297,0.025925925925925908,-0.24219170163306983
-0.5925925925925926,0.025925925925925908,-0.2616587473583106
-0.5555555555555556,0.025925925925925908,-0.28243915642607254
-0.5185185185185186,0.025925925925925908,-0.261124203805204
-0.4814814814814815,0.025925925925925908,-0.25990504303587186
-0.4444444444444444,0.025925925925925908,-0.2263511935072436
-0.40740740740740744,0.025925925925925908,-0.21406061439629542
-0.37037037037037046,0.025925925925925908,-0.17069442025768963
-0.33333333333333337,0.025925925925925908,-0.10866948009229879
-0.2962962962962963,0.025925925925925908,-0.06296304656723875
-0.2592592592592593,0.025925925925925908,0.0021499645718785574
-0.22222222222222232,0.025925925925925908,0.07779002078517178
-0.18518518518518523,0.025925925925925908,0.1570611370739718
-0.14814814814814814,0.025925925925925908,0.27331748212749
-0.11111111111111116,0.025925925925925908,0.3444940633586925
-0.07407407407407418,0.025925925925925908,0.4608497639075291
-0.03703703703703709,0.025925925925925908,0.5609421244109769
0.0,0.025925925925925908,0.6877049609987358
0.03703703703703698,0.025925925925925908,0.814258642096901
0.07407407407407396,0.025925925925925908,0.8511776696995588
0.11111111111111116,0.025925925925925908,0.9613434674294784
0.14814814814814814,0.025925925925925908,1.0172315640381355
0.18518518518518512,0.025925925925925908,1.101120780928118
0.2222222222222221,0.025925925925925908,1.0664345756430547
0.2592592592592591,0.025925925925925908,1.108292076872013
0.2962962962962963,0.025925925925925908,1.1305626657255157
0.33333333333333326,0.025925925925925908,1.1043998487047475
0.37037037037037024,0.025925925925925908,1.077219642803687
0.40740740740740744,0.025925925925925908,0.9951596586032996
0.4444444444444444,0.025925925925925908,0.9587862950473188
0.4814814814814814,0.025925925925925908,0.8846578360703132
0.5185185185185184,0.025925925925925908,0.8523907249391405
0.5555555555555554,0.025925925925925908,0.7464879880211757
0.5925925925925926,0.025925925925925908,0.6667782698666737
0.6296296296296295,0.025925925925925908,0.5771289581754789
0.6666666666666665,0.025925925925925908,0.5279498458684565
0.7037037037037037,0.025925925925925908,0.43537683332072386
0.7407407407407407,0.025925925925925908,0.3732719785140989
0.7777777777777777,0.025925925925925908,0.2931346495159823
0.8148148148148147,0.025925925925925908,0.270192061875368
0.8518518518518516,0.025925925925925908,0.22343819746258264
0.8888888888888888,0.025925925925925908,0.15266348837903712
0.9259259259259258,0.025925925925925908,0.1235989193894473
0.9629629629629628,0.025925925925925908,0.1138223880851846
1.0,0.025925925925925908,0.08229527625606096
-1.0,0.05185185185185193,-0.09054620061841002
-0.962962962962963,0.05185185185185193,-0.08827985275634395
-0.9259259259259259,0.05185185185185193,-0.09577127248928115
-0.8888888888888888,0.05185185185185193,-0.12377509202657475
-0.8518518518518519,0.05185185185185193,-0.14867634261796223
-0.8148148148148149,0.05185185185185193,-0.15441249137116705
-0.7777777777777778,0.05185185185185193,-0.1828178036995019
-0.7407407407407407,0.05185185185185193,-0.2029331094091633
-0.7037037037037037,0.05185185185185193,-0.20926544465777042
-0.6666666666666667,0.05185185185185193,-0.20993959799473538
-0.6296296296296297,0.05185185185185193,-0.22375714492240512
-0.5925925925925926,0.05185185185185193,-0.25016240555196756
-0.5555555555555556,0.05185185185185193,-0.2620148131421218
-0.5185185185185186,0.05185185185185193,-0.2553484731135989
-0.4814814814814815,0.05185185185185193,-0.24289482228285605
-0.4444444444444444,0.05185185185185193,-0.22005425894261044
-0.40740740740740744,0.05185185185185193,-0.20777131139427746
-0.37037037037037046,0.05185185185185193,-0.1695849677823427
-0.33333333333333337,0.05185185185185193,-0.11797643848559022
-0.2962962962962963,0.05185185185185193,-0.08165042588367996
-0.2592592592592593,0.05185185185185193,0.0005400869008207307
-0.22222222222222232,0.05185185185185193,0.082945240806521
-0.18518518518518523,0.05185185185185193,0.17746267959306766
-0.14814814814814814,0.05185185185185193,0.2645290948584567
-0.11111111111111116,0.05185185185185193,0.3522064101998871
-0.07407407407407418,0.05185185185185193,0.4471287133417672
-0.03703703703703709,0.05185185185185193,0.5595666952159961
0.0,0.05185185185185193,0.6553347866599524
0.03703703703703698,0.05185185185185193,0.7589973490779834
0.07407407407407396,0.05185185185185193,0.8574429923726036
0.11111111111111116,0.05185185185185193,0.9426473360907572
0.14814814814814814,0.05185185185185193,1.02883400824768
0.18518518518518512,0.05185185185185193,1.0710006767108229
0.2222222222222221,0.05185185185185193,1.10970617389012
0.2592592592592591,0.05185185185185193,1.1349297045939117
0.2962962962962963,0.05185185185185193,1.122540905668412
0.33333333333333326,0.05185185185185193,1.100395726430825
0.37037037037037024,0.05185185185185193,1.079191572259592
0.40740740740740744,0.05185185185185193,1.0280019811479268
0.4444444444444444,0.05185185185185193,1.010022262472601
0.4814814814814814,0.05185185185185193,0.9432321649014707
0.5185185185185184,0.05185185185185193,0.8457559786187513
0.5555555555555554,0.05185185185185193,0.7747673419165156
0.5925925925925926,0.05185185185185193,0.7125935223788279
0.6296296296296295,0.05185185185185193,0.6330654574273915
0.6666666666666665,0.05185185185185193,0.5508999989274912
0.7037037037037037,0.05185185185185193,0.4743680620187822
0.7407407407407407,0.05185185185185193,0.4139306477908411
0.7777777777777777,0.05185185185185193,0.31880017308596903
0.8148148148148147,0.05185185185185193,0.24977824292417006
0.8518518518518516,0.05185185185185193,0.22095119599202856
0.8888888888888888,0.05185185185185193,0.19902814833161953
0.9259259259259258,0.05185185185185193,0.14291153200423812
0.9629629629629628,0.05185185185185193,0.12046233768603072
1.0,0.05185185185185193,0.10239569111965903
-1.0,0.07777777777777783,-0.07353570132389309
-0.962962962962963,0.07777777777777783,-0.10256556461620644
-0.9259259259259259,0.07777777777777783,-0.10430377598919528
-0.8888888888888888,0.07777777777777783,-0.10338779409023285
-0.8518518518518519,0.07777777777777783,-0.1251156367302239
-0.8148148148148149,0.07777777777777783,-0.15239581672381433
-0.7777777777777778,0.07777777777777783,-0.17347749675060167
-0.7407407407407407,0.07777777777777783,-0.16636606075761937
-0.7037037037037037,0.07777777777777783,-0.18020504708279184
-0.6666666666666667,0.07777777777777783,-0.2358634724212759
-0.6296296296296297,0.07777777777777783,-0.2429427281661734
-0.5925925925925926,0.07777777777777783,-0.25042875975648526
-0.5555555555555556,0.07777777777777783,-0.23834654122636056
-0.5185185185185186,0.07777777777777783,-0.24666182807534295
-0.4814814814814815,0.07777777777777783,-0.24368529878555883
-0.4444444444444444,0.07777777777777783,-0.19848475810853256
-0.40740740740740744,0.07777777777777783,-0.1919264945981457
-0.37037037037037046,0.07777777777777783,-0.17786575806211263
-0.33333333333333337,0.07777777777777783,-0.12108591573578176
-0.2962962962962963,0.07777777777777783,-0.06876747276744416
-0.2592592592592593,0.07777777777777783,0.020650010063224367
-0.22222222222222232,0.07777777777777783,0.044259408750400984
-0.18518518518518523,0.07777777777777783,0.15660939929012654
-0.14814814814814814,0.07777777777777783,0.2526057467091519
-0.11111111111111116,0.07777777777777783,0.36697945681227695
-0.07407407407407418,0.07777777777777783,0.45171518406848665
-0.03703703703703709,0.07777777777777783,0.568036085338412
0.0,0.07777777777777783,0.6721875643429456
0.03703703703703698,0.07777777777777783,0.7340332081877102
0.07407407407407396,0.07777777777777783,0.8440650413110375
0.11111111111111116,0.07777777777777783,0.9262055089264722
0.14814814814814814,0.07777777777777783,1.0077953243119218
0.18518518518518512,0.07777777777777783,1.0429986839759717
0.2222222222222221,0.07777777777777783,1.108698249892283
0.2592592592592591,0.07777777777777783,1.1208986903364795
0.2962962962962963,0.07777777777777783,1.1349123609408966
0.33333333333333326,0.07777777777777783,1.0863444305304986
0.37037037037037024,0.07777777777777783,1.0984404833754722
0.40740740740740744,0.07777777777777783,1.056608071417834
0.4444444444444444,0.07777777777777783,0.9777171063506055
0.4814814814814814,0.07777777777777783,0.9323400922975214
0.5185185185185184,0.07777777777777783,0.8737308795058585
0.5555555555555554,0.07777777777777783,0.822080010701876
0.5925925925925926,0.07777777777777783,0.7042303037294053
0.6296296296296295,0.07777777777777783,0.6379062581608419
0.6666666666666665,0.07777777777777783,0.5497404780189239
0.7037037037037037,0.07777777777777783,0.4993483073439306
0.7407407407407407,0.07777777777777783,0.4039003993765074
0.7777777777777777,0.07777777777777783,0.3547745445288517
0.8148148148148147,0.07777777777777783,0.31119313951825345
0.8518518518518516,0.07777777777777783,0.26094630007671116
0.8888888888888888,0.07777777777777783,0.212866506883343
0.9259259259259258,0.07777777777777783,0.17600579274894373
0.9629629629629628,0.07777777777777783,0.1403058599645528
1.0,0.07777777777777783,0.13765401445683173
-1.0,0.10370370370370374,-0.06837081958914812
-0.962962962962963,0.10370370370370374,-0.10129760072426303
-0.9259259259259259,0.10370370370370374,-0.08747360231515379
-0.8888888888888888,0.10370370370370374,-0.10145035563410602
-0.8518518518518519,0.10370370370370374,-0.10541968948345534
-0.8148148148148149,0.10370370370370374,-0.11508810210238055
-0.7777777777777778,0.10370370370370374,-0.15794188602800327
-0.7407407407407407,0.10370370370370374,-0.15374835016056443
-0.7037037037037037,0.10370370370370374,-0.18604082122521415
-0.6666666666666667,0.10370370370370374,-0.1955973656021895
-0.6296296296296297,0.10370370370370374,-0.2236191782328761
-0.5925925925925926,0.10370370370370374,-0.22584971694175954
-0.5555555555555556,0.10370370370370374,-0.23547942258199508
-0.5185185185185186,0.10370370370370374,-0.2600790870836096
-0.4814814814814815,0.10370370370370374,-0.22736811854783445
-0.4444444444444444,0.10370370370370374,-0.2318308736971465
-0.40740740740740744,0.10370370370370374,-0.18212682631214816
-0.37037037037037046,0.10370370370370374,-0.19166361303097745
-0.33333333333333337,0.10370370370370374,-0.1116807267154092
-0.2962962962962963,0.10370370370370374,-0.088651890276642
-0.2592592592592593,0.10370370370370374,-0.015074437442219694
-0.22222222222222232,0.10370370370370374,0.06559337832764074
-0.18518518518518523,0.10370370370370374,0.1554938782364381
-0.14814814814814814,0.10370370370370374,0.22255565890614754
-0.11111111111111116,0.10370370370370374,0.3312757046857655
-0.07407407407407418,0.10370370370370374,0.44735374740009254
-0.03703703703703709,0.10370370370370374,0.531822178635319
0.0,0.10370370370370374,0.6420579010356264
0.03703703703703698,0.10370370370370374,0.7309719624866838
0.07407407407407396,0.10370370370370374,0.8405283785013057
0.11111111111111116,0.10370370370370374,0.9172806412054307
0.14814814814814814,0.10370370370370374,0.9944991094484065
0.18518518518518512,0.10370370370370374,1.031780550442209
0.2222222222222221,0.10370370370370374,1.071665528539083
0.2592592592592591,0.10370370370370374,1.0565598367471993
0.2962962962962963,0.10370370370370374,1.0923361880468028
0.33333333333333326,0.10370370370370374,1.086158086761321
0.37037037037037024,0.10370370370370374,1.0934066346599762
0.40740740740740744,0.10370370370370374,1.0364955183823739
0.4444444444444444,0.10370370370370374,0.9792603699256451
0.4814814814814814,0.10370370370370374,0.9330544842620808
0.5185185185185184,0.10370370370370374,0.8609209700002769
0.5555555555555554,0.10370370370370374,0.78511313453148
0.5925925925925926,0.10370370370370374,0.710604983438239
0.6296296296296295,0.10370370370370374,0.6712993993286277
0.6666666666666665,0.10370370370370374,0.6082130511772323
0.7037037037037037,0.10370370370370374,0.5157775567530973
0.7407407407407407,0.10370370370370374,0.45821136165929316
0.7777777777777777,0.10370370370370374,0.40780843989286136
0.8148148148148147,0.10370370370370374,0.3346692896431194
0.8518518518518516,0.10370370370370374,0.2979453830106977
0.8888888888888888,0.10370370370370374,0.23149142903566367
0.9259259259259258,0.10370370370370374,0.18340611114516536
0.9629629629629628,0.10370370370370374,0.1692715100924111
1.0,0.10370370370370374,0.1698418283926774
-1.0,0.12962962962962965,-0.06272186167199614
-0.962962962962963,0.12962962962962965,-0.09142981512290022
-0.9259259259259259,0.12962962962962965,-0.07820494920219899
-0.8888888888888888,0.12962962962962965,-0.0796003144050552
-0.8518518518518519,0.12962962962962965,-0.12603411909105633
-0.8148148148148149,0.12962962962962965,-0.11805886166788679
-0.7777777777777778,0.12962962962962965,-0.10967997286705745
-0.7407407407407407,0.12962962962962965,-0.1627932454073883
-0.7037037037037037,0.12962962962962965,-0.16992602261482836
-0.6666666666666667,0.12962962962962965,-0.19588527894765084
-0.6296296296296297,0.12962962962962965,-0.21774847405212172
-0.5925925925925926,0.12962962962962965,-0.22476125482555392
-0.5555555555555556,0.12962962962962965,-0.19413326063936368
-0.5185185185185186,0.12962962962962965,-0.20068861427189544
-0.4814814814814815,0.12962962962962965,-0.20481023171309296
-0.4444444444444444,0.12962962962962965,-0.15873959052329445
-0.40740740740740744,0.12962962962962965,-0.17328956635740017
-0.37037037037037046,0.12962962962962965,-0.1368736190646903
-0.33333333333333337,0.12962962962962965,-0.08899618168581709
-0.2962962962962963,0.12962962962962965,-0.06287861800766212
-0.2592592592592593,0.12962962962962965,-0.011173292269219579
-0.22222222222222232,0.12962962962962965,0.0626290635832286
-0.18518518518518523,0.12962962962962965,0.12934923774848947
-0.14814814814814814,0.12962962962962965,0.23087239560758163
-0.11111111111111116,0.12962962962962965,0.3215820173533332
-0.07407407407407418,0.12962962962962965,0.4030231240638634
-0.03703703703703709,0.12962962962962965,0.47620458008277544
0.0,0.12962962962962965,0.595455467105175
0.03703703703703698,0.12962962962962965,0.6770212121548876
0.07407407407407396,0.12962962962962965,0.7777858189008714
0.11111111111111116,0.12962962962962965,0.8687799677305255
0.14814814814814814,0.12962962962962965,0.9558077791192544
0.18518518518518512,0.12962962962962965,1.0099112636460879
0.2222222222222221,0.12962962962962965,1.011483545063827
0.2592592592592591,0.12962962962962965,1.0609722325498856
0.2962962962962963,0.12962962962962965,1.0615947180882364
0.33333333333333326,0.12962962962962965,1.0694199520186678
0.37037037037037024,0.12962962962962965,1.0749471449263983
0.40740740740740744,0.12962962962962965,1.027125119435746
0.4444444444444444,0.12962962962962965,0.9805408258040545
0.4814814814814814,0.12962962962962965,0.9156453158157976
0.5185185185185184,0.12962962962962965,0.8530438718815853
0.5555555555555554,0.12962962962962965,0.7950743427267958
0.5925925925925926,0.12962962962962965,0.74246144294196
0.6296296296296295,0.12962962962962965,0.6900646557051918
0.6666666666666665,0.12962962962962965,0.6095350613383228
0.7037037037037037,0.12962962962962965,0.5346986255195361
0.7407407407407407,0.12962962962962965,0.4766035920687932
0.7777777777777777,0.12962962962962965,0.43353960808540765
0.8148148148148147,0.12962962962962965,0.3972546487222965
0.8518518518518516,0.12962962962962965,0.35622818762532615
0.8888888888888888,0.12962962962962965,0.27044865144287805
0.9259259259259258,0.12962962962962965,0.22675073629825593
0.9629629629629628,0.12962962962962965,0.23026248646033293
1.0,0.12962962962962965,0.20094816697970397
-1.0,0.15555555555555556,-0.03524258490283878
-0.962962962962963,0.15555555555555556,-0.035272776221568644
-0.9259259259259259,0.15555555555555556,-0.07493758775057563
-0.8888888888888888,0.15555555555555556,-0.07139793677423462
-0.8518518518518519,0.15555555555555556,-0.11279228838387984
-0.8148148148148149,0.15555555555555556,-0.0908388606879961
-0.7777777777777778,0.15555555555555556,-0.1253427270888269
-0.7407407407407407,0.15555555555555556,-0.1392485022252208
-0.7037037037037037,0.15555555555555556,-0.16687516664907415
-0.6666666666666667,0.15555555555555556,-0.14040729810609226
-0.6296296296296297,0.15555555555555556,-0.15697106037880662
-0.5925925925925926,0.15555555555555556,-0.16867788145934318
-0.5555555555555556,0.15555555555555556,-0.2026862620805135
-0.5185185185185186,0.15555555555555556,-0.1932310011713924
-0.4814814814814815,0.15555555555555556,-0.15964425078223166
-0.4444444444444444,0.15555555555555556,-0.16615302911406904
-0.40740740740740744,0.15555555555555556,-0.1422854185830441
-0.37037037037037046,0.15555555555555556,-0.11321552914565428
-0.33333333333333337,0.15555555555555556,-0.08976524284356421
-0.2962962962962963,0.15555555555555556,-0.022956929710720997
-0.2592592592592593,0.15555555555555556,-0.01707712155541524
-0.22222222222222232,0.15555555555555556,0.09957543997709885
-0.18518518518518523,0.15555555555555556,0.16848045125251843
-0.14814814814814814,0.15555555555555556,0.228890193772623
-0.11111111111111116,0.15555555555555556,0.31666064977142405
-0.07407407407407418,0.15555555555555556,0.39075474219091283
-0.03703703703703709,0.15555555555555556,0.510403456174476
0.0,0.15555555555555556,0.5634566567316704
0.03703703703703698,0.15555555555555556,0.6454325810633201
0.07407407407407396,0.15555555555555556,0.748961252906717
0.11111111111111116,0.15555555555555556,0.8097853207882882
0.14814814814814814,0.15555555555555556,0.8782155930515639
0.18518518518518512,0.15555555555555556,0.9618990034632959
0.2222222222222221,0.15555555555555556,0.9471762539921992
0.2592592592592591,0.15555555555555556,1.015192787733485
0.2962962962962963,0.15555555555555556,1.0009299768290616
0.33333333333333326,0.15555555555555556,1.0180671549219433
0.37037037037037024,0.15555555555555556,1.0076957250918486
0.40740740740740744,0.15555555555555556,0.9780108671128516
0.4444444444444444,0.15555555555555556,0.9119377265305553
0.4814814814814814,0.15555555555555556,0.8900139778899631
0.5185185185185184,0.15555555555555556,0.845307150797586
0.5555555555555554,0.15555555555555556,0.8087735533345645
0.5925925925925926,0.15555555555555556,0.724370116176127
0.6296296296296295,0.15555555555555556,0.6408364768066451
0.6666666666666665,0.15555555555555556,0.5876089301632457
0.7037037037037037,0.15555555555555556,0.5283518175985064
0.7407407407407407,0.15555555555555556,0.5080002246821693
0.7777777777777777,0.15555555555555556,0.4505504621432395
0.8148148148148147,0.15555555555555556,0.3670353126008805
0.8518518518518516,0.15555555555555556,0.3414259410379181
0.8888888888888888,0.15555555555555556,0.3324618103515034
0.9259259259259258,0.15555555555555556,0.2645688838841762
0.9629629629629628,0.15555555555555556,0.25588239177104805
1.0,0.15555555555555556,0.21555669762298352
-1.0,0.18148148148148147,-0.041657904964811504
-0.962962962962963,0.18148148148148147,-0.06094366333263322
-0.9259259259259259,0.18148148148148147,-0.08406673095637478
-0.8888888888888888,0.18148148148148147,-0.0882058873412895
-0.8518518518518519,0.18148148148148147,-0.0776683194209963
-0.8148148148148149,0.18148148148148147,-0.07433928537391236
-0.7777777777777778,0.18148148148148147,-0.1103835968024103
-0.7407407407407407,0.18148148148148147,-0.11239436159937558
-0.7037037037037037,0.18148148148148147,-0.12197084095427616
-0.6666666666666667,0.18148148148148147,-0.15667536437492963
-0.6296296296296297,0.18148148148148147,-0.1635203810892896
-0.5925925925925926,0.18148148148148147,-0.14443338881557363
-0.5555555555555556,0.18148148148148147,-0.1502303903078506
-0.5185185185185186,0.18148148148148147,-0.1683521934550934
-0.4814814814814815,0.18148148148148147,-0.178634326855276
-0.4444444444444444,0.18148148148148147,-0.1492083477275459
-0.40740740740740744,0.18148148148148147,-0.1309323670909563
-0.37037037037037046,0.18148148148148147,-0.09056800103198039
-0.33333333333333337,0.18148148148148147,-0.07104004450342224
-0.2962962962962963,0.18148148148148147,-0.026184630854317444
-0.2592592592592593,0.18148148148148147,0.03775714460555806
-0.22222222222222232,0.18148148148148147,0.08812489381065197
-0.18518518518518523,0.18148148148148147,0.1380786490469902
-0.14814814814814814,0.18148148148148147,0.23237768928297448
-0.11111111111111116,0.18148148148148147,0.3002026613010445
-0.07407407407407418,0.18148148148148147,0.39951363521042643
-0.03703703703703709,0.18148148148148147,0.44704181365731355
0.0,0.18148148148148147,0.5422520182403957
0.03703703703703698,0.18148148148148147,0.6146217221217123
0.07407407407407396,0.18148148148148147,0.6799515455193308
0.11111111111111116,0.18148148148148147,0.7514085025558678
0.14814814814814814,0.18148148148148147,0.8302126072365934
0.18518518518518512,0.18148148148148147,0.8872350238303709
0.2222222222222221,0.18148148148148147,0.9092540995824919
0.2592592592592591,0.18148148148148147,0.9388537632659655
0.2962962962962963,0.18148148148148147,0.9729402376797976
0.33333333333333326,0.18148148148148147,0.9510779593039904
0.37037037037037024,0.18148148148148147,0.9333828166501231
0.40740740740740744,0.18148148148148147,0.9297664806035865
0.4444444444444444,0.18148148148148147,0.8750075950670704
0.4814814814814814,0.18148148148148147,0.8500151916404326
0.5185185185185184,0.18148148148148147,0.7875919905769705
0.5555555555555554,0.18148148148148147,0.7441227017253981
0.5925925925925926,0.18148148148148147,0.6863924638398864
0.6296296296296295,0.18148148148148147,0.6290068466403783
0.6666666666666665,0.18148148148148147,0.5866779626096551
0.7037037037037037,0.18148148148148147,0.5615591956864086
0.7407407407407407,0.18148148148148147,0.49749574406039077
0.7777777777777777,0.18148148148148147,0.4426710123243292
0.8148148148148147,0.18148148148148147,0.422164715727813
0.8518518518518516,0.18148148148148147,0.3382010486282123
0.8888888888888888,0.18148148148148147,0.3347454947737017
0.9259259259259258,0.18148148148148147,0.2913035879773214
0.9629629629629628,0.18148148148148147,0.2576868953111849
1.0,0.18148148148148147,0.24264712452980913
-1.0,0.20740740740740737,-0.040728996577978245
-0.962962962962963,0.20740740740740737,-0.061704010464220416
-0.9259259259259259,0.20740740740740737,-0.05181742036098312
-0.8888888888888888,0.20740740740740737,-0.08666725955526432
-0.8518518518518519,0.20740740740740737,-0.06388119382169319
-0.8148148148148149,0.20740740740740737,-0.0735021635151872
-0.7777777777777778,0.20740740740740737,-0.06079649859503657
-0.7407407407407407,0.20740740740740737,-0.09124532955146127
-0.7037037037037037,0.20740740740740737,-0.1161192851154461
-0.6666666666666667,0.20740740740740737,-0.12698173748669164
-0.6296296296296297,0.20740740740740737,-0.11911554161270416
-0.5925925925925926,0.20740740740740737,-0.12380862190166114
-0.5555555555555556,0.20740740740740737,-0.1531341112701238
-0.5185185185185186,0.20740740740740737,-0.1563843709687323
-0.4814814814814815,0.20740740740740737,-0.11369806652314533
-0.4444444444444444,0.20740740740740737,-0.10794838568608565
-0.40740740740740744,0.20740740740740737,-0.11496086276809096
-0.37037037037037046,0.20740740740740737,-0.05372647918997134
-0.33333333333333337,0.20740740740740737,-0.040750211733738814
-0.2962962962962963,0.20740740740740737,-0.012820537122675692
-0.2592592592592593,0.20740740740740737,0.033703965038724935
-0.22222222222222232,0.20740740740740737,0.09723041060622552
-0.18518518518518523,0.20740740740740737,0.14607565448552032
-0.14814814814814814,0.20740740740740737,0.21041246220357243
-0.11111111111111116,0.20740740740740737,0.2966909542271267
-0.07407407407407418,0.20740740740740737,0.3425099141745349
-0.03703703703703709,0.20740740740740737,0.43776761071945547
0.0,0.20740740740740737,0.5139102906639791
0.03703703703703698,0.20740740740740737,0.6013286492741281
0.07407407407407396,0.20740740740740737,0.6597032856401986
0.11111111111111116,0.20740740740740737,0.7303051706626714
0.14814814814814814,0.20740740740740737,0.787346906725018
0.18518518518518512,0.20740740740740737,0.8366431031850602
0.2222222222222221,0.20740740740740737,0.8420136797169024
0.2592592592592591,0.20740740740740737,0.8723401497689358
0.2962962962962963,0.20740740740740737,0.8845609944776213
0.33333333333333326,0.20740740740740737,0.9149183765151101
0.37037037037037024,0.20740740740740737,0.8902774857874228
0.40740740740740744,0.20740740740740737,0.8591137948272309
0.4444444444444444,0.20740740740740737,0.8298828855597643
0.4814814814814814,0.20740740740740737,0.7846742591429796
0.5185185185185184,0.20740740740740737,0.7617448875378312
0.5555555555555554,0.20740740740740737,0.6940370296767727
0.5925925925925926,0.20740740740740737,0.6607232105064963
0.6296296296296295,0.20740740740740737,0.607883143496425
0.6666666666666665,0.20740740740740737,0.5438411671799899
0.7037037037037037,0.20740740740740737,0.5310143234759399
0.7407407407407407,0.20740740740740737,0.48204361942789425
0.7777777777777777,0.20740740740740737,0.4362691084592142
0.8148148148148147,0.20740740740740737,0.38738001094505936
0.8518518518518516,0.20740740740740737,0.38161396605140985
0.8888888888888888,0.20740740740740737,0.33385396625399216
0.9259259259259258,0.20740740740740737,0.3007027757120059
0.9629629629629628,0.20740740740740737,0.3138180641954134
1.0,0.20740740740740737,0.2747555223850505
-1.0,0.2333333333333334,-0.026268866769573223
-0.962962962962963,0.2333333333333334,-0.025886122202327385
-0.9259259259259259,0.2333333333333334,-0.022859860929905267
-0.8888888888888888,0.2333333333333334,-0.06704681995859435
-0.8518518518518519,0.2333333333333334,-0.08430637459505304
-0.8148148148148149,0.2333333333333334,-0.05089280552802993
-0.7777777777777778,0.2333333333333334,-0.08078652860854679
-0.7407407407407407,0.2333333333333334,-0.08009854173131757
-0.7037037037037037,0.2333333333333334,-0.0788726948842655
-0.6666666666666667,0.2333333333333334,-0.07534366844772702
-0.6296296296296297,0.2333333333333334,-0.11420455088354375
-0.5925925925925926,0.2333333333333334,-0.11402547325908376
-0.5555555555555556,0.2333333333333334,-0.13850955835521395
-0.5185185185185186,0.2333333333333334,-0.101116187568662
-0.4814814814814815,0.2333333333333334,-0.09987287900294178
-0.4444444444444444,0.2333333333333334,-0.08833708925591725
-0.40740740740740744,0.2333333333333334,-0.046733546206662965
-0.37037037037037046,0.2333333333333334,-0.06876381077507518
-0.33333333333333337,0.2333333333333334,-0.04848074474689922
-0.2962962962962963,0.2333333333333334,-0.005438310314286645
-0.2592592592592593,0.2333333333333334,0.06034444649493402
-0.22222222222222232,0.2333333333333334,0.07496540526556
-0.18518518518518523,0.2333333333333334,0.1357228319568202
-0.14814814814814814,0.2333333333333334,0.2181706229943556
-0.11111111111111116,0.2333333333333334,0.25828730923558735
-0.07407407407407418,0.2333333333333334,0.3317732544176476
-0.03703703703703709,0.2333333333333334,0.3948802011127855
0.0,0.2333333333333334,0.48948164539107236
0.03703703703703698,0.2333333333333334,0.5364862116223775
0.07407407407407396,0.2333333333333334,0.6221152549992357
0.11111111111111116,0.2333333333333334,0.6588726842095483
0.14814814814814814,0.2333333333333334,0.7212675616319661
0.18518518518518512,0.2333333333333334,0.74531849939567
0.2222222222222221,0.2333333333333334,0.7999895791657272
0.2592592592592591,0.2333333333333334,0.7699189987313259
0.2962962962962963,0.2333333333333334,0.8481584300919169
0.33333333333333326,0.2333333333333334,0.8188669626232916
0.37037037037037024,0.2333333333333334,0.7826770260189685
0.40740740740740744,0.2333333333333334,0.7679277611890711
0.4444444444444444,0.2333333333333334,0.7496923498893933
0.4814814814814814,0.2333333333333334,0.7183315477811898
0.5185185185185184,0.2333333333333334,0.6671962300977488
0.5555555555555554,0.2333333333333334,0.6548523774810328
0.5925925925925926,0.2333333333333334,0.5927164678613619
0.6296296296296295,0.2333333333333334,0.5423539062725236
0.6666666666666665,0.2333333333333334,0.5140537409055177
0.7037037037037037,0.2333333333333334,0.49049528866929376
0.7407407407407407,0.2333333333333334,0.42037542064633954
0.7777777777777777,0.2333333333333334,0.39854812504104836
0.8148148148148147,0.2333333333333334,0.4007830534483552
0.8518518518518516,0.2333333333333334,0.36488808776510867
0.8888888888888888,0.2333333333333334,0.3391988457773742
0.9259259259259258,0.2333333333333334,0.34868493634481396
0.9629629629629628,0.2333333333333334,0.32691357265678134
1.0,0.2333333333333334,0.2686001492451217
-1.0,0.2592592592592593,-0.047818078790971524
-0.962962962962963,0.2592592592592593,-0.0245264819127299
-0.9259259259259259,0.2592592592592593,-0.022317980175356168
-0.8888888888888888,0.2592592592592593,-0.04633905369604146
-0.8518518518518519,0.2592592592592593,-0.042089035965060737
-0.8148148148148149,0.2592592592592593,-0.06609152441063038
-0.7777777777777778,0.2592592592592593,-0.0500982868027593
-0.7407407407407407,0.2592592592592593,-0.08761961293861925
-0.7037037037037037,0.2592592592592593,-0.07114394500294352
-0.6666666666666667,0.2592592592592593,-0.07067210414729547
-0.6296296296296297,0.2592592592592593,-0.08740202267041944
-0.5925925925925926,0.2592592592592593,-0.08631853486343459
-0.5555555555555556,0.2592592592592593,-0.08589502301364454
-0.5185185185185186,0.2592592592592593,-0.07020226309960609
-0.4814814814814815,0.2592592592592593,-0.08911700306871685
-0.4444444444444444,0.2592592592592593,-0.0494244347108469
-0.40740740740740744,0.2592592592592593,-0.07694984105080915
-0.37037037037037046,0.2592592592592593,-0.013785448052970696
-0.33333333333333337,0.2592592592592593,-0.001979691286793643
-0.2962962962962963,0.2592592592592593,0.03742874718370436
-0.2592592592592593,0.2592592592592593,0.08006957198323589
-0.22222222222222232,0.2592592592592593,0.11240047815598556
-0.18518518518518523,0.2592592592592593,0.17514043963300463
-0.14814814814814814,0.2592592592592593,0.21935405521337847
-0.11111111111111116,0.2592592592592593,0.26884326824790283
-0.07407407407407418,0.2592592592592593,0.34470531128724935
-0.03703703703703709,0.2592592592592593,0.4127382997405553
0.0,0.2592592592592593,0.4281246567912177
0.03703703703703698,0.2592592592592593,0.5185421344856473
0.07407407407407396,0.2592592592592593,0.5404568903376549
0.11111111111111116,0.2592592592592593,0.6245799538554002
0.14814814814814814,0.2592592592592593,0.6680025019418557
0.18518518518518512,0.2592592592592593,0.7021306272337543
0.2222222222222221,0.2592592592592593,0.7470173865149982
0.2592592592592591,0.2592592592592593,0.762094974778353
0.2962962962962963,0.2592592592592593,0.7633076337021474
0.33333333333333326,0.2592592592592593,0.7054982118826977
0.37037037037037024,0.2592592592592593,0.755312150585109
0.40740740740740744,0.2592592592592593,0.7024693674442586
0.4444444444444444,0.2592592592592593,0.6426132353768892
0.4814814814814814,0.2592592592592593,0.6535278621068012
0.5185185185185184,0.2592592592592593,0.6113076872788725
0.5555555555555554,0.2592592592592593,0.5707981019803177
0.5925925925925926,0.2592592592592593,0.560260809929879
0.6296296296296295,0.2592592592592593,0.4962812407773204
0.6666666666666665,0.2592592592592593,0.45095920909302634
0.7037037037037037,0.2592592592592593,0.44673691242638897
0.7407407407407407,0.2592592592592593,0.3880961758350892
0.7777777777777777,0.2592592592592593,0.3930140017321391
0.8148148148148147,0.2592592592592593,0.34069781783744546
0.8518518518518516,0.2592592592592593,0.34760728697973564
0.8888888888888888,0.2592592592592593,0.3505119450608668
0.9259259259259258,0.2592592592592593,0.32308861105350484
0.9629629629629628,0.2592592592592593,0.2865511387607357
1.0,0.2592592592592593,0.26257683375984514
-1.0,0.2851851851851852,-0.027415543919298353
-0.962962962962963,0.2851851851851852,-0.04866228281138144
-0.9259259259259259,0.2851851851851852,-0.007529382468675978
-0.8888888888888888,0.2851851851851852,-0.018542448066786687
-0.8518518518518519,0.2851851851851852,-0.07290319830928993
-0.8148148148148149,0.2851851851851852,-0.051119009960240644
-0.7777777777777778,0.2851851851851852,-0.042326416040601944
-0.7407407407407407,0.2851851851851852,-0.04071437062421137
-0.7037037037037037,0.2851851851851852,-0.07768152827628097
-0.6666666666666667,0.2851851851851852,-0.06323201872817265
-0.6296296296296297,0.2851851851851852,-0.08417037198629346
-0.5925925925925926,0.2851851851851852,-0.07378355912087033
-0.5555555555555556,0.2851851851851852,-0.05559799055179817
-0.5185185185185186,0.2851851851851852,-0.09501004730975524
-0.4814814814814815,0.2851851851851852,-0.05828410570281109
-0.4444444444444444,0.2851851851851852,-0.0358674990106356
-0.40740740740740744,0.2851851851851852,-0.05994361261963961
-0.37037037037037046,0.2851851851851852,-0.02876673206210071
-0.33333333333333337,0.2851851851851852,0.031082459146485088
-0.2962962962962963,0.2851851851851852,0.037031009456191165
-0.2592592592592593,0.2851851851851852,0.08575661143579884
-0.22222222222222232,0.2851851851851852,0.12097820203029976
-0.18518518518518523,0.2851851851851852,0.1768006346887205
-0.14814814814814814,0.2851851851851852,0.22079593670252642
-0.11111111111111116,0.2851851851851852,0.2600614533255133
-0.07407407407407418,0.2851851851851852,0.30486565604871085
-0.03703703703703709,0.2851851851851852,0.3828113340682149
0.0,0.2851851851851852,0.4138584300542217
0.03703703703703698,0.2851851851851852,0.4732271189898826
0.07407407407407396,0.2851851851851852,0.527091389002774
0.11111111111111116,0.2851851851851852,0.5745892720150659
0.14814814814814814,0.2851851851851852,0.6007636375116805
0.18518518518518512,0.2851851851851852,0.6476150995132035
0.2222222222222221,0.2851851851851852,0.6830749908416177
0.2592592592592591,0.2851851851851852,0.6582383990012787
0.2962962962962963,0.2851851851851852,0.6551251546166916
0.33333333333333326,0.2851851851851852,0.671412026734219
0.37037037037037024,0.2851851851851852,0.6673906937386996
0.40740740740740744,0.2851851851851852,0.6511801914069353
0.4444444444444444,0.2851851851851852,0.6216386476083775
0.4814814814814814,0.2851851851851852,0.5837382861995561
0.5185185185185184,0.2851851851851852,0.5809068815208647
0.5555555555555554,0.2851851851851852,0.524738286838599
0.5925925925925926,0.2851851851851852,0.47962848295225113
0.6296296296296295,0.2851851851851852,0.4532894449761369
0.6666666666666665,0.2851851851851852,0.415915591522072
0.7037037037037037,0.2851851851851852,0.3794325037179137
0.7407407407407407,0.2851851851851852,0.3613191364957424
0.7777777777777777,0.2851851851851852,0.3294051559918122
0.8148148148148147,0.2851851851851852,0.31114670959161894
0.8518518518518516,0.2851851851851852,0.3229018871382182
0.8888888888888888,0.2851851851851852,0.2666359848872649
0.9259259259259258,0.2851851851851852,0.2754297330791095
0.9629629629629628,0.2851851851851852,0.2675575035358404
1.0,0.2851851851851852,0.2824615387453858
-1.0,0.3111111111111111,-0.033419112386687426
-0.962962962962963,0.3111111111111111,-0.016768373791676224
-0.9259259259259259,0.3111111111111111,-0.018638856429811754
-0.8888888888888888,0.3111111111111111,-0.017473413397198684
-0.8518518518518519,0.3111111111111111,-0.018708142429418626
-0.8148148148148149,0.3111111111111111,-0.03497080471366341
-0.7777777777777778,0.3111111111111111,-0.04916707399712911
-0.7407407407407407,0.3111111111111111,-0.04420309254543708
-0.7037037037037037,0.3111111111111111,-0.07146873703636443
-0.6666666666666667,0.3111111111111111,-0.0349716421316648
-0.6296296296296297,0.3111111111111111,-0.06685258092759276
-0.5925925925925926,0.3111111111111111,-0.05730888151972678
-0.5555555555555556,0.3111111111111111,-0.05828467244585746
-0.5185185185185186,0.3111111111111111,-0.01940428166012381
-0.4814814814814815,0.3111111111111111,-0.050887172289067396
-0.4444444444444444,0.3111111111111111,-0.036293761813858606
-0.40740740740740744,0.3111111111111111,-3.627447983073004e-05
-0.37037037037037046,0.3111111111111111,0.003217428789510779
-0.33333333333333337,0.3111111111111111,0.00977072169962203
-0.2962962962962963,0.3111111111111111,0.060711951226229785
-0.2592592592592593,0.3111111111111111,0.0742363251625518
-0.22222222222222232,0.3111111111111111,0.12584574435927345
-0.18518518518518523,0.3111111111111111,0.1745731479340211
-0.14814814814814814,0.3111111111111111,0.18960796531457516
-0.11111111111111116,0.3111111111111111,0.23246291044287423
-0.07407407407407418,0.3111111111111111,0.28997969483668784
-0.03703703703703709,0.3111111111111111,0.35900439818500607
0.0,0.3111111111111111,0.43106317838030384
0.03703703703703698,0.3111111111111111,0.45947048939927265
0.07407407407407396,0.3111111111111111,0.5071188944716752
0.11111111111111116,0.3111111111111111,0.5308450004127371
0.14814814814814814,0.3111111111111111,0.571907660245916
0.18518518518518512,0.3111111111111111,0.6024304147536319
0.2222222222222221,0.3111111111111111,0.5893461033800818
0.2592592592592591,0.3111111111111111,0.6205300631681415
0.2962962962962963,0.3111111111111111,0.6201773310374727
0.33333333333333326,0.3111111111111111,0.6209327784545609
0.37037037037037024,0.3111111111111111,0.6199480587369374
0.40740740740740744,0.3111111111111111,0.5855011305348666
0.4444444444444444,0.3111111111111111,0.56851198793217
0.4814814814814814,0.3111111111111111,0.5330417878562362
0.5185185185185184,0.3111111111111111,0.4988089527948669
0.5555555555555554,0.3111111111111111,0.44976005445519884
0.5925925925925926,0.3111111111111111,0.4191467799898566
0.6296296296296295,0.3111111111111111,0.3896290148253977
0.6666666666666665,0.3111111111111111,0.35302445292113693
0.7037037037037037,0.3111111111111111,0.3365992824971528
0.7407407407407407,0.3111111111111111,0.29622703098278386
0.7777777777777777,0.3111111111111111,0.3021481638291045
0.8148148148148147,0.3111111111111111,0.27442626761373295
0.8518518518518516,0.3111111111111111,0.24354119039488037
0.8888888888888888,0.3111111111111111,0.2731724631135299
0.9259259259259258,0.3111111111111111,0.27161957091558286
0.9629629629629628,0.3111111111111111,0.2665197543805926
1.0,0.3111111111111111,0.2375525919297102
-1.0,0.337037037037037,-0.02568314300699221
-0.962962962962963,0.337037037037037,-0.018510610584605815
-0.9259259259259259,0.337037037037037,-0.028309561786338373
-0.8888888888888888,0.337037037037037,-0.01024906504782291
-0.8518518518518519,0.337037037037037,-0.034525409351858244
-0.8148148148148149,0.337037037037037,-0.033385274387623544
-0.7777777777777778,0.337037037037037,-0.025064667063186136
-0.7407407407407407,0.337037037037037,-0.03612944235225017
-0.7037037037037037,0.337037037037037,-0.05202347225439459
-0.6666666666666667,0.337037037037037,-0.035023878600539904
-0.6296296296296297,0.337037037037037,-0.047493452571788976
-0.5925925925925926,0.337037037037037,-0.035485308141180276
-0.5555555555555556,0.337037037037037,-0.035148641427324566
-0.5185185185185186,0.337037037037037,-0.03232643470574899
-0.4814814814814815,0.337037037037037,-0.04223315026440436
-0.4444444444444444,0.337037037037037,-0.028499163856732977
-0.40740740740740744,0.337037037037037,-0.0031805260728084836
-0.37037037037037046,0.337037037037037,-0.010261173426478193
-0.33333333333333337,0.337037037037037,0.049979887377471166
-0.2962962962962963,0.337037037037037,0.05530930144761492
-0.2592592592592593,0.337037037037037,0.0847912967925856
-0.22222222222222232,0.337037037037037,0.10045088596061613
-0.18518518518518523,0.337037037037037,0.14586175128851034
-0.14814814814814814,0.337037037037037,0.1852590566992383
-0.11111111111111116,0.337037037037037,0.21230672774662893
-0.07407407407407418,0.337037037037037,0.26573655357245707
-0.03703703703703709,0.337037037037037,0.3465891286366825
0.0,0.337037037037037,0.3589476112677477
0.03703703703703698,0.337037037037037,0.41989260238380144
0.07407407407407396,0.337037037037037,0.47256189093005624
0.11111111111111116,0.337037037037037,0.4884127193492463
0.14814814814814814,0.337037037037037,0.5296716476390675
0.18518518518518512,0.337037037037037,0.5451446425707754
0.2222222222222221,0.337037037037037,0.5581912216396258
0.2592592592592591,0.337037037037037,0.5863166583729261
0.2962962962962963,0.337037037037037,0.5658878789223416
0.33333333333333326,0.337037037037037,0.5322010923355315
0.37037037037037024,0.337037037037037,0.5302910557926096
0.40740740740740744,0.337037037037037,0.5213757021293622
0.4444444444444444,0.337037037037037,0.5083139685613305
0.4814814814814814,0.337037037037037,0.4563160417025792
0.5185185185185184,0.337037037037037,0.4525709642175302
0.5555555555555554,0.337037037037037,0.3742711746654888
0.5925925925925926,0.337037037037037,0.35814074225527887
0.6296296296296295,0.337037037037037,0.3355611093705367
0.6666666666666665,0.337037037037037,0.30126176291282836
0.7037037037037037,0.337037037037037,0.27147376050408034
0.7407407407407407,0.337037037037037,0.27080253377414987
0.7777777777777777,0.337037037037037,0.22418145304246775
0.8148148148148147,0.337037037037037,0.21910008348020601
0.8518518518518516,0.337037037037037,0.21465526572652596
0.8888888888888888,0.337037037037037,0.1886879831517962
0.9259259259259258,0.337037037037037,0.20965548750302268
0.9629629629629628,0.337037037037037,0.2132790341420861
1.0,0.337037037037037,0.21679860379773755
-1.0,0.36296296296296293,0.0036742724334701358
-0.962962962962963,0.36296296296296293,-0.023086043436897664
-0.9259259259259259,0.36296296296296293,-0.004306617693332546
-0.8888888888888888,0.36296296296296293,-0.015373850110567956
-0.8518518518518519,0.36296296296296293,-0.028968958684283994
-0.8148148148148149,0.36296296296296293,-0.03951928909998943
-0.7777777777777778,0.36296296296296293,-0.011450753409903789
-0.7407407407407407,0.36296296296296293,-0.054613928639568016
-0.7037037037037037,0.36296296296296293,-0.01973055918111538
-0.6666666666666667,0.36296296296296293,-0.030498992191262373
-0.6296296296296297,0.36296296296296293,-0.0168448568170912
-0.5925925925925926,0.36296296296296293,-0.04376824710739022
-0.5555555555555556,0.36296296296296293,-0.0536476675669382
-0.5185185185185186,0.36296296296296293,-0.022144510215520996
-0.4814814814814815,0.36296296296296293,-0.012239727388066609
-0.4444444444444444,0.36296296296296293,-0.0005255353259044655
-0.40740740740740744,0.36296296296296293,0.0008148355880888102
-0.37037037037037046,0.36296296296296293,0.011427275472260853
-0.33333333333333337,0.36296296296296293,0.029256702859827892
-0.2962962962962963,0.36296296296296293,0.06178171827366179
-0.2592592592592593,0.36296296296296293,0.06434768416598063
-0.22222222222222232,0.36296296296296293,0.1106769490436721
-0.18518518518518523,0.36296296296296293,0.14903129239529045
-0.14814814814814814,0.36296296296296293,0.20520159574023814
-0.11111111111111116,0.36296296296296293,0.21672036100299394
-0.07407407407407418,0.36296296296296293,0.24810671892388045
-0.03703703703703709,0.36296296296296293,0.3283791507029876
0.0,0.36296296296296293,0.3499677163744803
0.03703703703703698,0.36296296296296293,0.39875469005214387
0.07407407407407396,0.36296296296296293,0.41104817845485425
0.11111111111111116,0.36296296296296293,0.43122057569879263
0.14814814814814814,0.36296296296296293,0.4750635288951388
0.18518518518518512,0.36296296296296293,0.5072943261878389
0.2222222222222221,0.36296296296296293,0.52387144402365
0.2592592592592591,0.36296296296296293,0.5326058279613535
0.2962962962962963,0.36296296296296293,0.5065724699514409
0.33333333333333326,0.36296296296296293,0.5091679952549298
0.37037037037037024,0.36296296296296293,0.46800169861987273
0.40740740740740744,0.36296296296296293,0.45433361134006567
0.4444444444444444,0.36296296296296293,0.4375576601129616
0.4814814814814814,0.36296296296296293,0.41343826370633113
0.5185185185185184,0.36296296296296293,0.4006932503790498
0.5555555555555554,0.36296296296296293,0.35966310947833285
0.5925925925925926,0.36296296296296293,0.3381543975772434
0.6296296296296295,0.36296296296296293,0.26328956142780663
0.6666666666666665,0.36296296296296293,0.26417935605085086
0.7037037037037037,0.36296296296296293,0.21924072301239914
0.7407407407407407,0.36296296296296293,0.2282211941002512
0.7777777777777777,0.36296296296296293,0.19299202885271147
0.8148148148148147,0.36296296296296293,0.1891491277687335
0.8518518518518516,0.36296296296296293,0.18773744317729632
0.8888888888888888,0.36296296296296293,0.17253034976921408
0.9259259259259258,0.36296296296296293,0.15428582188459564
0.9629629629629628,0.36296296296296293,0.1595978199845885
1.0,0.36296296296296293,0.15875620137136875
-1.0,0.38888888888888884,-0.023068354374704912
-0.962962962962963,0.38888888888888884,-0.021014104672055417
-0.9259259259259259,0.38888888888888884,-0.005275776852879462
-0.8888888888888888,0.38888888888888884,-0.046810544785452476
-0.8518518518518519,0.38888888888888884,0.01877304039292458
-0.8148148148148149,0.38888888888888884,-0.02201966654677832
-0.7777777777777778,0.38888888888888884,-0.020345185057693727
-0.7407407407407407,0.38888888888888884,-0.03244638249256273
-0.7037037037037037,0.38888888888888884,-0.030569774442258724
-0.6666666666666667,0.38888888888888884,-0.030305997454306424
-0.6296296296296297,0.38888888888888884,-0.03680078837867086
-0.5925925925925926,0.38888888888888884,-0.007207877323104281
-0.5555555555555556,0.38888888888888884,-0.025292011772693496
-0.5185185185185186,0.38888888888888884,-0.01771083869981158
-0.4814814814814815,0.38888888888888884,-0.01900064895921231
-0.4444444444444444,0.38888888888888884,0.039268940776248734
-0.40740740740740744,0.38888888888888884,-0.0014713353939862905
-0.37037037037037046,0.38888888888888884,0.02840590070200978
-0.33333333333333337,0.38888888888888884,0.05479965194009338
-0.2962962962962963,0.38888888888888884,0.04216050767791438
-0.2592592592592593,0.38888888888888884,0.06927149857932394
-0.22222222222222232,0.38888888888888884,0.09285193459313565
-0.18518518518518523,0.38888888888888884,0.1446855269538366
-0.14814814814814814,0.38888888888888884,0.1799231736902498
-0.11111111111111116,0.38888888888888884,0.22265537772575
-0.07407407407407418,0.38888888888888884,0.231788632705997
-0.03703703703703709,0.38888888888888884,0.2837037748577036
0.0,0.38888888888888884,0.3129316728977431
0.03703703703703698,0.38888888888888884,0.3616332898946742
0.07407407407407396,0.38888888888888884,0.34755693266328647
0.11111111111111116,0.38888888888888884,0.44348692531387435
0.14814814814814814,0.38888888888888884,0.42989498999828235
0.18518518518518512,0.38888888888888884,0.4693520338266505
0.2222222222222221,0.38888888888888884,0.45492154240408916
0.2592592592592591,0.38888888888888884,0.47694244674643105
0.2962962962962963,0.38888888888888884,0.4621684463737798
0.33333333333333326,0.38888888888888884,0.4534007549776662
0.37037037037037024,0.38888888888888884,0.46799956138723886
0.40740740740740744,0.38888888888888884,0.4514298963501512
0.4444444444444444,0.38888888888888884,0.3855933276813019
0.4814814814814814,0.38888888888888884,0.3676149177208439
0.5185185185185184,0.38888888888888884,0.32206552511375597
0.5555555555555554,0.38888888888888884,0.33102649068634904
0.5925925925925926,0.38888888888888884,0.2946425077365197
0.6296296296296295,0.38888888888888884,0.2631084691880857
0.6666666666666665,0.38888888888888884,0.2090514402277552
0.7037037037037037,0.38888888888888884,0.20500185242579522
0.7407407407407407,0.38888888888888884,0.17631981101292127
0.7777777777777777,0.38888888888888884,0.15809547462769039
0.8148148148148147,0.38888888888888884,0.15293963201774552
0.8518518518518516,0.38888888888888884,0.15498812471293963
0.8888888888888888,0.38888888888888884,0.1551687220087842
0.9259259259259258,0.38888888888888884,0.14259081463199982
0.9629629629629628,0.38888888888888884,0.1547076173493262
1.0,0.38888888888888884,0.14338415977959987
-1.0,0.41481481481481475,-0.0072956439425219686
-0.962962962962963,0.41481481481481475,-0.00047646711999075556
-0.9259259259259259,0.41481481481481475,-0.006125906715264367
-0.8888888888888888,0.41481481481481475,-0.008131141273417944
-0.8518518518518519,0.41481481481481475,0.01041740446664123
-0.8148148148148149,0.41481481481481475,0.002674351134409749
-0.7777777777777778,0.41481481481481475,-0.010903563421746245
-0.7407407407407407,0.41481481481481475,-0.01740603508548247
-0.7037037037037037,0.41481481481481475,-0.00696763206782593
-0.6666666666666667,0.41481481481481475,-0.0041213123971031405
-0.6296296296296297,0.41481481481481475,-0.018411002191066818
-0.5925925925925926,0.41481481481481475,-0.026893976781230317
-0.5555555555555556,0.41481481481481475,-0.039573416805658346
-0.5185185185185186,0.41481481481481475,0.01807307187583327
-0.4814814814814815,0.41481481481481475,-0.0012937302988643763
-0.4444444444444444,0.41481481481481475,0.0031449942783137773
-0.40740740740740744,0.41481481481481475,0.028299861175942423
-0.37037037037037046,0.41481481481481475,0.05172558322370839
-0.33333333333333337,0.41481481481481475,0.02787462611904193
-0.2962962962962963,0.41481481481481475,0.0833674105612639
-0.2592592592592593,0.41481481481481475,0.1001259241075946
-0.22222222222222232,0.41481481481481475,0.12158797975909347
-0.18518518518518523,0.41481481481481475,0.12790929248909882
-0.14814814814814814,0.41481481481481475,0.16123970136867827
-0.11111111111111116,0.41481481481481475,0.20219087652614678
-0.07407407407407418,0.41481481481481475,0.23085463485649793
-0.03703703703703709,0.41481481481481475,0.2610697012687467
0.0,0.41481481481481475,0.30680918981208455
0.03703703703703698,0.41481481481481475,0.33349618015387567
0.07407407407407396,0.41481481481481475,0.34397944158254734
0.11111111111111116,0.41481481481481475,0.3572210009624013
0.14814814814814814,0.41481481481481475,0.3986451492512944
0.18518518518518512,0.41481481481481475,0.41479818008065944
0.2222222222222221,0.41481481481481475,0.40856353099308207
0.2592592592592591,0.41481481481481475,0.4144778763616247
0.2962962962962963,0.41481481481481475,0.4053369374598434
0.33333333333333326,0.41481481481481475,0.41295136204235006
0.37037037037037024,0.41481481481481475,0.37684500580845315
0.40740740740740744,0.41481481481481475,0.3948289635325612
0.4444444444444444,0.41481481481481475,0.35510605036636633
0.4814814814814814,0.41481481481481475,0.3353090058778281
0.5185185185185184,0.41481481481481475,0.335701388768769
0.5555555555555554,0.41481481481481475,0.278454447419412
0.5925925925925926,0.41481481481481475,0.22598765967253684
0.6296296296296295,0.41481481481481475,0.23660045971648636
0.6666666666666665,0.41481481481481475,0.1937270850372667
0.7037037037037037,0.41481481481481475,0.1514081170374539
0.7407407407407407,0.41481481481481475,0.13255977628140897
0.7777777777777777,0.41481481481481475,0.1332040236285534
0.8148148148148147,0.41481481481481475,0.11708318973306864
0.8518518518518516,0.41481481481481475,0.134122146078637
0.8888888888888888,0.41481481481481475,0.09564008484766885
0.9259259259259258,0.41481481481481475,0.11161392389105197
0.9629629629629628,0.41481481481481475,0.11006321966316424
1.0,0.41481481481481475,0.09328943232495918
-1.0,0.44074074074074066,0.0015340624877674056
-0.962962962962963,0.44074074074074066,-0.00798531245089719
-0.9259259259259259,0.44074074074074066,-0.008977884078214109
-0.8888888888888888,0.44074074074074066,-0.0073873464196994995
-0.8518518518518519,0.44074074074074066,0.006114107734075716
-0.8148148148148149,0.44074074074074066,-0.002812325111771154
-0.7777777777777778,0.44074074074074066,0.01977091532934445
-0.7407407407407407,0.44074074074074066,-0.012773216505106037
-0.7037037037037037,0.44074074074074066,-0.02234247866545857
-0.6666666666666667,0.44074074074074066,-0.0009593018492187865
-0.6296296296296297,0.44074074074074066,-0.03934060854403874
-0.5925925925925926,0.44074074074074066,0.016978013512981248
-0.5555555555555556,0.44074074074074066,0.026880698838762526
-0.5185185185185186,0.44074074074074066,0.019117856052476408
-0.4814814814814815,0.44074074074074066,0.011242349143926526
-0.4444444444444444,0.44074074074074066,0.006677158070747958
-0.40740740740740744,0.44074074074074066,0.02746810783224368
-0.37037037037037046,0.44074074074074066,0.01831013814755064
-0.33333333333333337,0.44074074074074066,0.04926295152298387
-0.2962962962962963,0.44074074074074066,0.06175956748443007
-0.2592592592592593,0.44074074074074066,0.08759170864944615
-0.22222222222222232,0.44074074074074066,0.08389879409021336
-0.18518518518518523,0.44074074074074066,0.1296839148454263
-0.14814814814814814,0.44074074074074066,0.1457437275612638
-0.11111111111111116,0.44074074074074066,0.16534513993577543
-0.07407407407407418,0.44074074074074066,0.19757670760323517
-0.03703703703703709,0.44074074074074066,0.2394652550728267
0.0,0.44074074074074066,0.2724263049104432
0.03703703703703698,0.44074074074074066,0.24812826279065336
0.07407407407407396,0.44074074074074066,0.31101821432680726
0.11111111111111116,0.44074074074074066,0.36442731636859765
0.14814814814814814,0.44074074074074066,0.38735133724584336
0.18518518518518512,0.44074074074074066,0.38034143249176744
0.2222222222222221,0.44074074074074066,0.3795779038699515
0.2592592592592591,0.44074074074074066,0.3749720482161113
0.2962962962962963,0.44074074074074066,0.40805036571814174
0.33333333333333326,0.44074074074074066,0.3725240387103489
0.37037037037037024,0.44074074074074066,0.37137804259910406
0.40740740740740744,0.44074074074074066,0.32095675806361823
0.4444444444444444,0.44074074074074066,0.31027230501809405
0.4814814814814814,0.44074074074074066,0.3194787240249448
0.5185185185185184,0.44074074074074066,0.28209451835774313
0.5555555555555554,0.44074074074074066,0.24699597697807002
0.5925925925925926,0.44074074074074066,0.19471896479056117
0.6296296296296295,0.44074074074074066,0.19906899696303143
0.6666666666666665,0.44074074074074066,0.17634732222008356
0.7037037037037037,0.44074074074074066,0.1636207577451761
0.7407407407407407,0.44074074074074066,0.10915185890471613
0.7777777777777777,0.44074074074074066,0.09563249928284787
0.8148148148148147,0.44074074074074066,0.10018934377669508
0.8518518518518516,0.44074074074074066,0.08937470273820104
0.8888888888888888,0.44074074074074066,0.07803986888733193
0.9259259259259258,0.44074074074074066,0.07047037364062245
0.9629629629629628,0.44074074074074066,0.0628475600494481
1.0,0.44074074074074066,0.0781655607827528
-1.0,0.4666666666666668,-0.020274331184167355
-0.962962962962963,0.4666666666666668,-0.010012865869234012
-0.9259259259259259,0.4666666666666668,0.0037095814347002844
-0.8888888888888888,0.4666666666666668,-0.01815399105021671
-0.8518518518518519,0.4666666666666668,-0.01011079541906387
-0.8148148148148149,0.4666666666666668,0.023479963743833234
-0.7777777777777778,0.4666666666666668,-0.025644361373495524
-0.7407407407407407,0.4666666666666668,-0.015894720943573682
-0.7037037037037037,0.4666666666666668,-0.005716713043402344
-0.6666666666666667,0.4666666666666668,0.011479764764237206
-0.6296296296296297,0.4666666666666668,0.00415382722341084
-0.5925925925925926,0.4666666666666668,0.013223256555663842
-0.5555555555555556,0.4666666666666668,0.008622967774263742
-0.5185185185185186,0.4666666666666668,-0.010481837806456718
-0.4814814814814815,0.4666666666666668,-0.003646025296056301
-0.4444444444444444,0.4666666666666668,0.009417071945832538
-0.40740740740740744,0.4666666666666668,0.021473106333917233
-0.37037037037037046,0.4666666666666668,0.04495467893546168
-0.33333333333333337,0.4666666666666668,0.03446791459066441
-0.2962962962962963,0.4666666666666668,0.059883847188689956
-0.2592592592592593,0.4666666666666668,0.08426482523827251
-0.22222222222222232,0.4666666666666668,0.06713463949867271
-0.18518518518518523,0.4666666666666668,0.11686283532447199
-0.14814814814814814,0.4666666666666668,0.13676871256926126
-0.11111111111111116,0.4666666666666668,0.15504359085285563
-0.07407407407407418,0.4666666666666668,0.1791636415670235
-0.03703703703703709,0.4666666666666668,0.1803116962791595
0.0,0.4666666666666668,0.21682822806086038
0.03703703703703698,0.4666666666666668,0.2626907669755845
0.07407407407407396,0.4666666666666668,0.2756302409430153
0.11111111111111116,0.4666666666666668,0.32104109070656656
0.14814814814814814,0.4666666666666668,0.3082427048753669
0.18518518518518512,0.4666666666666668,0.32137413841485557
0.2222222222222221,0.4666666666666668,0.3545318168383706
0.2592592592592591,0.4666666666666668,0.3420259403959151
0.2962962962962963,0.4666666666666668,0.3529459981364838
0.33333333333333326,0.4666666666666668,0.3216063314959849
0.37037037037037024,0.4666666666666668,0.3052754750036525
0.40740740740740744,0.4666666666666668,0.32157447477067436
0.4444444444444444,0.4666666666666668,0.29574679458757386
0.4814814814814814,0.4666666666666668,0.24531424661072784
0.5185185185185184,0.4666666666666668,0.22657948574000736
0.5555555555555554,0.4666666666666668,0.24791620139980394
0.5925925925925926,0.4666666666666668,0.19428132156756056
0.6296296296296295,0.4666666666666668,0.20385851927371684
0.6666666666666665,0.4666666666666668,0.14809926011960575
0.7037037037037037,0.4666666666666668,0.12586184405632073
0.7407407407407407,0.4666666666666668,0.1157014633983812
0.7777777777777777,0.4666666666666668,0.11377631336734878
0.8148148148148147,0.4666666666666668,0.08098912246977807
0.8518518518518516,0.4666666666666668,0.0677139287999003
0.8888888888888888,0.4666666666666668,0.060080807149194
0.9259259259259258,0.4666666666666668,0.0541511793711987
0.9629629629629628,0.4666666666666668,0.06252808384322202
1.0,0.4666666666666668,0.0782097654643983
-1.0,0.4925925925925927,0.0058708277452097345
-0.962962962962963,0.4925925925925927,-0.011215495759230764
-0.9259259259259259,0.4925925925925927,-0.006810922752183677
-0.8888888888888888,0.4925925925925927,-0.014186332935892772
-0.8518518518518519,0.4925925925925927,-0.00485615546107194
-0.8148148148148149,0.4925925925925927,-0.025741283870805445
-0.7777777777777778,0.4925925925925927,0.00673237277536703
-0.7407407407407407,0.4925925925925927,-0.002820816317827464
-0.7037037037037037,0.4925925925925927,-0.011788596023432137
-0.6666666666666667,0.4925925925925927,-0.006078201866957673
-0.6296296296296297,0.4925925925925927,-0.004969675023998377
-0.5925925925925926,0.4925925925925927,-0.0004293751700983682
-0.5555555555555556,0.4925925925925927,0.0005002750600378087
-0.5185185185185186,0.4925925925925927,0.016475573843585566
-0.4814814814814815,0.4925925925925927,0.018147806908523356
-0.4444444444444444,0.4925925925925927,-0.01776472832002953
-0.40740740740740744,0.4925925925925927,0.022860020825890677
-0.37037037037037046,0.4925925925925927,0.06020855906687021
-0.33333333333333337,0.4925925925925927,0.029469680124751315
-0.2962962962962963,0.4925925925925927,0.05682160888210279
-0.2592592592592593,0.4925925925925927,0.0598338392249655
-0.22222222222222232,0.4925925925925927,0.05938714331659846
-0.18518518518518523,0.4925925925925927,0.11977050725179066
-0.14814814814814814,0.4925925925925927,0.13328266778510045
-0.11111111111111116,0.4925925925925927,0.11229373503413068
-0.07407407407407418,0.4925925925925927,0.16361583162941926
-0.03703703703703709,0.4925925925925927,0.19833336560087697
0.0,0.4925925925925927,0.22258915980572502
0.03703703703703698,0.4925925925925927,0.21380506410514086
0.07407407407407396,0.4925925925925927,0.26517577628353706
0.11111111111111116,0.4925925925925927,0.27452928929169435
0.14814814814814814,0.4925925925925927,0.26592905864506494
0.18518518518518512,0.4925925925925927,0.29288604223239595
0.2222222222222221,0.4925925925925927,0.31250935935485485
0.2592592592592591,0.4925925925925927,0.31907913399597476
0.2962962962962963,0.4925925925925927,0.2994281615065041
0.33333333333333326,0.4925925925925927,0.31531190793329184
0.37037037037037024,0.4925925925925927,0.283980187477094
0.40740740740740744,0.4925925925925927,0.2748420185081871
0.4444444444444444,0.4925925925925927,0.2639118274443411
0.4814814814814814,0.4925925925925927,0.21846281234195455
0.5185185185185184,0.4925925925925927,0.21250855745357697
0.5555555555555554,0.4925925925925927,0.17261843900117899
0.5925925925925926,0.4925925925925927,0.14529118460272764
0.6296296296296295,0.4925925925925927,0.1370578835298631
0.6666666666666665,0.4925925925925927,0.11573136932495767
0.7037037037037037,0.4925925925925927,0.10744823336436196
0.7407407407407407,0.4925925925925927,0.10016403405423849
0.7777777777777777,0.4925925925925927,0.07699733270769715
0.8148148148148147,0.4925925925925927,0.0562518194176103
0.8518518518518516,0.4925925925925927,0.06003277105683586
0.8888888888888888,0.4925925925925927,0.03517789190385893
0.9259259259259258,0.4925925925925927,0.04365587299736028
0.9629629629629628,0.4925925925925927,0.0585899719602219
1.0,0.4925925925925927,0.037930886835590656
-1.0,0.5185185185185186,-0.03274341152130067
-0.962962962962963,0.5185185185185186,-0.03856809411639176
-0.9259259259259259,0.5185185185185186,0.010309123466077283
-0.8888888888888888,0.5185185185185186,0.007272034987758837
-0.8518518518518519,0.5185185185185186,-0.003773198909074071
-0.8148148148148149,0.5185185185185186,0.012672750829525683
-0.7777777777777778,0.5185185185185186,0.0026770516501875216
-0.7407407407407407,0.5185185185185186,0.0048320097017147765
-0.7037037037037037,0.5185185185185186,-0.016431790811324735
-0.6666666666666667,0.5185185185185186,0.014504985303583847
-0.6296296296296297,0.5185185185185186,0.02600460148317981
-0.5925925925925926,0.5185185185185186,0.022478580127420707
-0.5555555555555556,0.5185185185185186,0.004272289964717455
-0.5185185185185186,0.5185185185185186,0.009712346091379923
-0.4814814814814815,0.5185185185185186,0.02585970476472722
-0.4444444444444444,0.5185185185185186,0.008505282398016057
-0.40740740740740744,0.5185185185185186,0.03326465055222224
-0.37037037037037046,0.5185185185185186,0.016726813668354823
-0.33333333333333337,0.5185185185185186,0.05760688357269708
-0.2962962962962963,0.5185185185185186,0.0673143089540608
-0.2592592592592593,0.5185185185185186,0.08306424642769623
-0.22222222222222232,0.5185185185185186,0.08393855698796424
-0.18518518518518523,0.5185185185185186,0.07602768919578022
-0.14814814814814814,0.5185185185185186,0.11546573769623858
-0.11111111111111116,0.5185185185185186,0.13416610866096867
-0.07407407407407418,0.5185185185185186,0.14785701142342084
-0.03703703703703709,0.5185185185185186,0.1698608235241279
0.0,0.5185185185185186,0.22115002287353783
0.03703703703703698,0.5185185185185186,0.21565818299585765
0.07407407407407396,0.5185185185185186,0.24299954933192447
0.11111111111111116,0.5185185185185186,0.25097996613137596
0.14814814814814814,0.5185185185185186,0.24572949447892894
0.18518518518518512,0.5185185185185186,0.26910188661961404
0.2222222222222221,0.5185185185185186,0.26517883982056034
0.2592592592592591,0.5185185185185186,0.2838456910529535
0.2962962962962963,0.5185185185185186,0.25613019928676045
0.33333333333333326,0.5185185185185186,0.24433318256441605
0.37037037037037024,0.5185185185185186,0.2512065428030324
0.40740740740740744,0.5185185185185186,0.24167288773036535
0.4444444444444444,0.5185185185185186,0.2158898034813164
0.4814814814814814,0.5185185185185186,0.1991117083373222
0.5185185185185184,0.5185185185185186,0.18865912948721061
0.5555555555555554,0.5185185185185186,0.16667446638737454
0.5925925925925926,0.5185185185185186,0.14333467774114833
0.6296296296296295,0.5185185185185186,0.1420151092627298
0.6666666666666665,0.5185185185185186,0.11366393261779383
0.7037037037037037,0.5185185185185186,0.10830519238836442
0.7407407407407407,0.5185185185185186,0.08809098844185281
0.7777777777777777,0.5185185185185186,0.05600985404309966
0.8148148148148147,0.5185185185185186,0.05405850660027773
0.8518518518518516,0.5185185185185186,0.061704849275701364
0.8888888888888888,0.5185185185185186,0.04346900337968204
0.9259259259259258,0.5185185185185186,0.06007865381679102
0.9629629629629628,0.5185185185185186,0.03125643933387857
1.0,0.5185185185185186,0.025667887955249602
-1.0,0.5444444444444445,-0.015293057592906976
-0.962962962962963,0.5444444444444445,-0.028848094885032836
-0.9259259259259259,0.5444444444444445,-0.015477212391226128
-0.8888888888888888,0.5444444444444445,0.023016313044066164
-0.8518518518518519,0.5444444444444445,-0.026392967286026046
-0.8148148148148149,0.5444444444444445,0.020717539096866168
-0.7777777777777778,0.5444444444444445,0.010459317704821799
-0.7407407407407407,0.5444444444444445,-0.033871916773729714
-0.7037037037037037,0.5444444444444445,-0.012157739813467726
-0.6666666666666667,0.5444444444444445,0.01604300215718122
-0.6296296296296297,0.5444444444444445,0.018130059248334284
-0.5925925925925926,0.5444444444444445,0.012308241559706598
-0.5555555555555556,0.5444444444444445,0.00784178594549796
-0.5185185185185186,0.5444444444444445,0.021335772621371304
-0.4814814814814815,0.5444444444444445,0.015339946280279201
-0.4444444444444444,0.5444444444444445,-0.014772719361485264
-0.40740740740740744,0.5444444444444445,0.0072424956323053746
-0.37037037037037046,0.5444444444444445,0.0009326936108545458
-0.33333333333333337,0.5444444444444445,0.029035608090002635
-0.2962962962962963,0.5444444444444445,0.06734290189821206
-0.2592592592592593,0.5444444444444445,0.03811320120535622
-0.22222222222222232,0.5444444444444445,0.03962218680135034
-0.18518518518518523,0.5444444444444445,0.08760268927942617
-0.14814814814814814,0.5444444444444445,0.06089089290165429
-0.11111111111111116,0.5444444444444445,0.11066670434874662
-0.07407407407407418,0.5444444444444445,0.13407810042994597
-0.03703703703703709,0.5444444444444445,0.17204593733114984
0.0,0.5444444444444445,0.17249072589717077
0.03703703703703698,0.5444444444444445,0.211706844027993
0.07407407407407396,0.5444444444444445,0.190215875977662
0.11111111111111116,0.5444444444444445,0.22047298060588763
0.14814814814814814,0.5444444444444445,0.2083939937804209
0.18518518518518512,0.5444444444444445,0.23811632047675607
0.2222222222222221,0.5444444444444445,0.24910108650363524
0.2592592592592591,0.5444444444444445,0.22590334499122047
0.2962962962962963,0.5444444444444445,0.23402833987021082
0.33333333333333326,0.5444444444444445,0.22871574010319093
0.37037037037037024,0.5444444444444445,0.24387651347453979
0.40740740740740744,0.5444444444444445,0.208682732323613
0.4444444444444444,0.5444444444444445,0.19026523085991826
0.4814814814814814,0.5444444444444445,0.1749215351172429
0.5185185185185184,0.5444444444444445,0.12308381812334529
0.5555555555555554,0.5444444444444445,0.13923277651221172
0.5925925925925926,0.5444444444444445,0.13557064475705513
0.6296296296296295,0.5444444444444445,0.10480388836166059
0.6666666666666665,0.5444444444444445,0.09158714543085454
0.7037037037037037,0.5444444444444445,0.0833672482847188
0.7407407407407407,0.5444444444444445,0.08203537536434372
0.7777777777777777,0.5444444444444445,0.06000634383609534
0.8148148148148147,0.5444444444444445,0.049234299472354616
0.8518518518518516,0.5444444444444445,0.04209206242770318
0.8888888888888888,0.5444444444444445,0.017028035713623886
0.9259259259259258,0.5444444444444445,0.009441906545922755
0.9629629629629628,0.5444444444444445,0.005713731097795997
1.0,0.5444444444444445,0.02377082609270315
-1.0,0.5703703703703704,-0.017458012422854288
-0.962962962962963,0.5703703703703704,0.007408839061599986
-0.9259259259259259,0.5703703703703704,-0.01482657967293824
-0.8888888888888888,0.5703703703703704,-0.004128942584676217
-0.8518518518518519,0.5703703703703704,0.013244732602137241
-0.8148148148148149,0.5703703703703704,0.03322620927892396
-0.7777777777777778,0.5703703703703704,0.0038703563952077738
-0.7407407407407407,0.5703703703703704,-0.03383178569724932
-0.7037037037037037,0.5703703703703704,-0.006588613330740768
-0.6666666666666667,0.5703703703703704,0.006311763618840557
-0.6296296296296297,0.5703703703703704,0.010046334203849098
-0.5925925925925926,0.5703703703703704,-0.011729495493388134
-0.5555555555555556,0.5703703703703704,-0.028451977372340446
-0.5185185185185186,0.5703703703703704,0.0025299119784960794
-0.4814814814814815,0.5703703703703704,-0.004027033872309795
-0.4444444444444444,0.5703703703703704,-0.001717352611035899
-0.40740740740740744,0.5703703703703704,-0.010637233590668108
-0.37037037037037046,0.5703703703703704,0.02180945344221868
-0.33333333333333337,0.5703703703703704,-0.0009092480939596852
-0.2962962962962963,0.5703703703703704,0.026853642154636124
-0.2592592592592593,0.5703703703703704,0.0419649586466621
-0.22222222222222232,0.5703703703703704,0.05146763112596933
-0.18518518518518523,0.5703703703703704,0.06905874783305474
-0.14814814814814814,0.5703703703703704,0.10465886009749106
-0.11111111111111116,0.5703703703703704,0.12145649088300037
-0.07407407407407418,0.5703703703703704,0.1107458460171874
-0.03703703703703709,0.5703703703703704,0.11558314971505755
0.0,0.5703703703703704,0.12538253429908686
0.03703703703703698,0.5703703703703704,0.14071685096552783
0.07407407407407396,0.5703703703703704,0.15709174950961333
0.11111111111111116,0.5703703703703704,0.19254504676456805
0.14814814814814814,0.5703703703703704,0.19740502449378677
0.18518518518518512,0.5703703703703704,0.18207294437704705
0.2222222222222221,0.5703703703703704,0.19080135737501125
0.2592592592592591,0.5703703703703704,0.22047143619674314
0.2962962962962963,0.5703703703703704,0.17335833918627297
0.33333333333333326,0.5703703703703704,0.20193917387396668
0.37037037037037024,0.5703703703703704,0.2043799687663
0.40740740740740744,0.5703703703703704,0.17017245284775648
0.4444444444444444,0.5703703703703704,0.1752922192909711
0.4814814814814814,0.5703703703703704,0.16028174840101556
0.5185185185185184,0.5703703703703704,0.14032766964896481
0.5555555555555554,0.5703703703703704,0.10675293360266985
0.5925925925925926,0.5703703703703704,0.10741817525591307
0.6296296296296295,0.5703703703703704,0.07546012321392678
0.6666666666666665,0.5703703703703704,0.065214607248722
0.7037037037037037,0.5703703703703704,0.08686033070627026
0.7407407407407407,0.5703703703703704,0.04995967597824255
0.7777777777777777,0.5703703703703704,0.021755343949903846
0.8148148148148147,0.5703703703703704,0.04895037824982751
0.8518518518518516,0.5703703703703704,0.04771527882941988
0.8888888888888888,0.5703703703703704,0.042823656640660845
0.9259259259259258,0.5703703703703704,0.029380372747881852
0.9629629629629628,0.5703703703703704,0.020831636050307724
1.0,0.5703703703703704,-0.023198398416064223
-1.0,0.5962962962962963,0.009147848001661138
-0.962962962962963,0.5962962962962963,-0.014025286917145646
-0.9259259259259259,0.5962962962962963,-0.004988440849360235
-0.8888888888888888,0.5962962962962963,0.00925798239593976
-0.8518518518518519,0.5962962962962963,0.005296215849088925
-0.8148148148148149,0.5962962962962963,0.000399351659676486
-0.7777777777777778,0.5962962962962963,0.016918652036675644
-0.7407407407407407,0.5962962962962963,0.024021418774818233
-0.7037037037037037,0.5962962962962963,-0.008429985043644079
-0.6666666666666667,0.5962962962962963,-0.01044370364992455
-0.6296296296296297,0.5962962962962963,0.03390892050633621
-0.5925925925925926,0.5962962962962963,0.01657912481013261
-0.5555555555555556,0.5962962962962963,0.0037953186214985677
-0.5185185185185186,0.5962962962962963,-0.005083941538997281
-0.4814814814814815,0.5962962962962963,0.01645742400765421
-0.4444444444444444,0.5962962962962963,0.040270582892061986
-0.40740740740740744,0.5962962962962963,0.007885212950840069
-0.37037037037037046,0.5962962962962963,0.032293170425071085
-0.33333333333333337,0.5962962962962963,0.012903939279353363
-0.2962962962962963,0.5962962962962963,0.051133170654209456
-0.2592592592592593,0.5962962962962963,0.04762069188552406
-0.22222222222222232,0.5962962962962963,0.07905851761062288
-0.18518518518518523,0.5962962962962963,0.07385308213637888
-0.14814814814814814,0.5962962962962963,0.07985688903527483
-0.11111111111111116,0.5962962962962963,0.07946380669631738
-0.07407407407407418,0.5962962962962963,0.08974648461192088
-0.03703703703703709,0.5962962962962963,0.11070848276987408
0.0,0.5962962962962963,0.13843065324928452
0.03703703703703698,0.5962962962962963,0.14275400443150477
0.07407407407407396,0.5962962962962963,0.15696473437324535
0.11111111111111116,0.5962962962962963,0.1654521711676031
0.14814814814814814,0.5962962962962963,0.1834988547775449
0.18518518518518512,0.5962962962962963,0.20130109734119117
0.2222222222222221,0.5962962962962963,0.18303926838436388
0.2592592592592591,0.5962962962962963,0.19263871771647825
0.2962962962962963,0.5962962962962963,0.1560480088951449
0.33333333333333326,0.5962962962962963,0.14506135371207815
0.37037037037037024,0.5962962962962963,0.15295671483250634
0.40740740740740744,0.5962962962962963,0.16589370396462175
0.4444444444444444,0.5962962962962963,0.13144326035327353
0.4814814814814814,0.5962962962962963,0.1189072579646846
0.5185185185185184,0.5962962962962963,0.13384634139709517
0.5555555555555554,0.5962962962962963,0.11011017117081226
0.5925925925925926,0.5962962962962963,0.09590511288493984
0.6296296296296295,0.5962962962962963,0.07514400427273034
0.6666666666666665,0.5962962962962963,0.08336711169543592
0.7037037037037037,0.5962962962962963,0.06573537251413437
0.7407407407407407,0.5962962962962963,0.05195171403166246
0.7777777777777777,0.5962962962962963,0.0277417751366624
0.8148148148148147,0.5962962962962963,0.016360479296918612
0.8518518518518516,0.5962962962962963,0.05241463269323923
0.8888888888888888,0.5962962962962963,0.013966996439288766
0.9259259259259258,0.5962962962962963,0.012501481544345282
0.9629629629629628,0.5962962962962963,0.0059760874070240114
1.0,0.5962962962962963,-0.006629015649424086
-1.0,0.6222222222222222,-0.016982524482403647
-0.962962962962963,0.6222222222222222,0.00488418743871641
-0.9259259259259259,0.6222222222222222,-0.0294466641087407
-0.8888888888888888,0.6222222222222222,0.016020185163784496
-0.8518518518518519,0.6222222222222222,-0.021551739584914183
-0.8148148148148149,0.6222222222222222,-0.027396806628677706
-0.7777777777777778,0.6222222222222222,-0.03155677492941943
-0.7407407407407407,0.6222222222222222,5.1039620631995785e-05
-0.7037037037037037,0.6222222222222222,0.032717595343487706
-0.6666666666666667,0.6222222222222222,0.015477590755763266
-0.6296296296296297,0.6222222222222222,0.010159969314225746
-0.5925925925925926,0.6222222222222222,-0.0012617141795439179
-0.5555555555555556,0.6222222222222222,0.015079731174797453
-0.5185185185185186,0.6222222222222222,0.010054295875386487
-0.4814814814814815,0.6222222222222222,0.011351070571365765
-0.4444444444444444,0.6222222222222222,0.016721259005401785
-0.40740740740740744,0.6222222222222222,0.040624325618904236
-0.37037037037037046,0.6222222222222222,0.037108092205821515
-0.33333333333333337,0.6222222222222222,0.05005229396887447
-0.2962962962962963,0.6222222222222222,0.03124873099866966
-0.2592592592592593,0.6222222222222222,0.056341564421162726
-0.22222222222222232,0.6222222222222222,0.05848473702469324
-0.18518518518518523,0.6222222222222222,0.03716031785966745
-0.14814814814814814,0.6222222222222222,0.05382356844822327
-0.11111111111111116,0.6222222222222222,0.08984713687173566
-0.07407407407407418,0.6222222222222222,0.0888985437459648
-0.03703703703703709,0.6222222222222222,0.11451083080924375
0.0,0.6222222222222222,0.11251992011771055
0.03703703703703698,0.6222222222222222,0.12053474028773163
0.07407407407407396,0.6222222222222222,0.11902358486317377
0.11111111111111116,0.6222222222222222,0.10966340470858733
0.14814814814814814,0.6222222222222222,0.15921860042096325
0.18518518518518512,0.6222222222222222,0.14240034808004243
0.2222222222222221,0.6222222222222222,0.15069224020994565
0.2592592592592591,0.6222222222222222,0.14392546187103117
0.2962962962962963,0.6222222222222222,0.15969481660055238
0.33333333333333326,0.6222222222222222,0.14335345742648
0.37037037037037024,0.6222222222222222,0.1332350147468766
0.40740740740740744,0.6222222222222222,0.1261796679480337
0.4444444444444444,0.6222222222222222,0.11765242369238495
0.4814814814814814,0.6222222222222222,0.11544649987341066
0.5185185185185184,0.6222222222222222,0.11093841235418793
0.5555555555555554,0.6222222222222222,0.05441305633221182
0.5925925925925926,0.6222222222222222,0.0694841045643303
0.6296296296296295,0.6222222222222222,0.06818297119484434
0.6666666666666665,0.6222222222222222,0.07750507727413632
0.7037037037037037,0.6222222222222222,0.06369054533765767
0.7407407407407407,0.6222222222222222,0.035114433148213456
0.7777777777777777,0.6222222222222222,0.021621965436830176
0.8148148148148147,0.6222222222222222,0.029028443493643207
0.8518518518518516,0.6222222222222222,0.009727259963583734
0.8888888888888888,0.6222222222222222,0.028158959308242165
0.9259259259259258,0.6222222222222222,0.040099821754242246
0.9629629629629628,0.6222222222222222,0.029080225159853878
1.0,0.6222222222222222,0.02396608587404151
-1.0,0.6481481481481481,-0.01078846756714109
-0.962962962962963,0.6481481481481481,-0.029320195081796122
-0.9259259259259259,0.6481481481481481,-0.015594710746859565
-0.8888888888888888,0.6481481481481481,0.007656749588952749
-0.8518518518518519,0.6481481481481481,0.02917218569931124
-0.8148148148148149,0.6481481481481481,0.017929088082144065
-0.7777777777777778,0.6481481481481481,0.006793323013931683
-0.7407407407407407,0.6481481481481481,-0.01047639573496815
-0.7037037037037037,0.6481481481481481,0.008521335591551736
-0.6666666666666667,0.6481481481481481,-0.008512399917921031
-0.6296296296296297,0.6481481481481481,-0.017696510502187266
-0.5925925925925926,0.6481481481481481,-0.008676308610279734
-0.5555555555555556,0.6481481481481481,-0.010141068142301899
-0.5185185185185186,0.6481481481481481,0.029817349449754456
-0.4814814814814815,0.6481481481481481,-0.002049822594323865
-0.4444444444444444,0.6481481481481481,0.025763090645361416
-0.40740740740740744,0.6481481481481481,0.016653323184195976
-0.37037037037037046,0.6481481481481481,0.017883587476500644
-0.33333333333333337,0.6481481481481481,0.027963877786305495
-0.2962962962962963,0.6481481481481481,0.03258637734383729
-0.2592592592592593,0.6481481481481481,0.06501677778427963
-0.22222222222222232,0.6481481481481481,0.025611178662449476
-0.18518518518518523,0.6481481481481481,0.04239994503202871
-0.14814814814814814,0.6481481481481481,0.06304780461706681
-0.11111111111111116,0.6481481481481481,0.07836755042604332
-0.07407407407407418,0.6481481481481481,0.05755242680388932
-0.03703703703703709,0.6481481481481481,0.08047763675198465
0.0,0.6481481481481481,0.11447557749484531
0.03703703703703698,0.6481481481481481,0.10212487060716208
0.07407407407407396,0.6481481481481481,0.10888037493101366
0.11111111111111116,0.6481481481481481,0.11477730763754904
0.14814814814814814,0.6481481481481481,0.11470183336597929
0.18518518518518512,0.6481481481481481,0.14235215810331128
0.2222222222222221,0.6481481481481481,0.11516999283996182
0.2592592592592591,0.6481481481481481,0.13911881423023628
0.2962962962962963,0.6481481481481481,0.1358323768873216
0.33333333333333326,0.6481481481481481,0.1069375960306336
0.37037037037037024,0.6481481481481481,0.12971591612946232
0.40740740740740744,0.6481481481481481,0.12832803545033333
0.4444444444444444,0.6481481481481481,0.13513614619228703
0.4814814814814814,0.6481481481481481,0.10797888682613531
0.5185185185185184,0.6481481481481481,0.09084124053489685
0.5555555555555554,0.6481481481481481,0.08649137680386937
0.5925925925925926,0.6481481481481481,0.053759112467486575
0.6296296296296295,0.6481481481481481,0.07411131340517867
0.6666666666666665,0.6481481481481481,0.06594543092021796
0.7037037037037037,0.6481481481481481,0.028666476936384876
0.7407407407407407,0.6481481481481481,0.01063960644417547
0.7777777777777777,0.6481481481481481,0.011066376499867855
0.8148148148148147,0.6481481481481481,0.0206464727329968
0.8518518518518516,0.6481481481481481,0.012587996583028336
0.8888888888888888,0.6481481481481481,0.035278360301857235
0.9259259259259258,0.6481481481481481,0.017563860898157042
0.9629629629629628,0.6481481481481481,0.0043094514221444355
1.0,0.6481481481481481,0.018341438885774584
-1.0,0.674074074074074,0.002835655782926558
-0.962962962962963,0.674074074074074,-0.009198784311297038
-0.9259259259259259,0.674074074074074,-0.012565185785380153
-0.8888888888888888,0.674074074074074,-0.004416477714749315
-0.8518518518518519,0.674074074074074,0.020717546309283304
-0.8148148148148149,0.674074074074074,0.01374402160872609
-0.7777777777777778,0.674074074074074,0.031205511072210597
-0.7407407407407407,0.674074074074074,-0.004862559781851983
-0.7037037037037037,0.674074074074074,0.009149487552586863
-0.6666666666666667,0.674074074074074,-0.007854982493953444
-0.6296296296296297,0.674074074074074,-0.006747351092325507
-0.5925925925925926,0.674074074074074,-0.01110789859179843
-0.5555555555555556,0.674074074074074,-0.01785522187775103
-0.5185185185185186,0.674074074074074,0.020737858547056256
-0.4814814814814815,0.674074074074074,0.00256140296139687
-0.4444444444444444,0.674074074074074,-0.011478939904984439
-0.40740740740740744,0.674074074074074,-0.010007910940585793
-0.37037037037037046,0.674074074074074,0.011614907700271314
-0.33333333333333337,0.674074074074074,0.019661515627082366
-0.2962962962962963,0.674074074074074,0.025463909509962013
-0.2592592592592593,0.674074074074074,0.010194481535234862
-0.22222222222222232,0.674074074074074,0.01383688363052855
-0.18518518518518523,0.674074074074074,0.012958834802478017
-0.14814814814814814,0.674074074074074,0.05309401964148003
-0.11111111111111116,0.674074074074074,0.053129710650861466
-0.07407407407407418,0.674074074074074,0.0837821186051687
-0.03703703703703709,0.674074074074074,0.06545493838643686
0.0,0.674074074074074,0.08271260132364372
0.03703703703703698,0.674074074074074,0.07792163670571432
0.07407407407407396,0.674074074074074,0.06959400964113123
0.11111111111111116,0.674074074074074,0.11519183720442872
0.14814814814814814,0.674074074074074,0.08021369015447126
0.18518518518518512,0.674074074074074,0.11856286264647481
0.2222222222222221,0.674074074074074,0.12699120651701198
0.2592592592592591,0.674074074074074,0.0941241009701035
0.2962962962962963,0.674074074074074,0.10177324965762198
0.33333333333333326,0.674074074074074,0.10379416453445592
0.37037037037037024,0.674074074074074,0.09420551527338328
0.40740740740740744,0.674074074074074,0.10825614141183475
0.4444444444444444,0.674074074074074,0.0655292219655905
0.4814814814814814,0.674074074074074,0.06204260444248404
0.5185185185185184,0.674074074074074,0.07724937979119069
0.5555555555555554,0.674074074074074,0.05302523121928536
0.5925925925925926,0.674074074074074,0.06879631941771756
0.6296296296296295,0.674074074074074,0.036607718634386166
0.6666666666666665,0.674074074074074,0.032585580202391884
0.7037037037037037,0.674074074074074,0.056766535605851806
0.7407407407407407,0.674074074074074,0.020124163535835675
0.7777777777777777,0.674074074074074,0.009641257160427727
0.8148148148148147,0.674074074074074,0.017152866409043475
0.8518518518518516,0.674074074074074,0.016919920237239993
0.8888888888888888,0.674074074074074,0.012525930111663239
0.9259259259259258,0.674074074074074,0.006554720201981321
0.9629629629629628,0.674074074074074,0.03239917623369705
1.0,0.674074074074074,-0.008929386799476982
-1.0,0.7,-0.001665492804651083
-0.962962962962963,0.7,0.008669396001706952
-0.9259259259259259,0.7,-0.018244514330149078
-0.8888888888888888,0.7,0.012347639094679286
-0.8518518518518519,0.7,0.0077046404579791585
-0.8148148148148149,0.7,-0.016936618728291178
-0.7777777777777778,0.7,0.017950953822919436
-0.7407407407407407,0.7,0.018305234297097725
-0.7037037037037037,0.7,-0.018239054241782023
-0.6666666666666667,0.7,0.011491232736031948
-0.6296296296296297,0.7,-0.008591703307575686
-0.5925925925925926,0.7,-0.0005928266143687135
-0.5555555555555556,0.7,0.008877876358272207
-0.5185185185185186,0.7,0.010638514779848339
-0.4814814814814815,0.7,0.0007939561720889448
-0.4444444444444444,0.7,-0.005893605945639023
-0.40740740740740744,0.7,0.02396825042053065
-0.37037037037037046,0.7,0.0014587385463362152
-0.33333333333333337,0.7,0.011938211194067025
-0.2962962962962963,0.7,0.009178348790407949
-0.2592592592592593,0.7,0.023522086705219273
-0.22222222222222232,0.7,0.014687809568039147
-0.18518518518518523,0.7,0.03513825630595415
-0.14814814814814814,0.7,0.04032888481438426
-0.11111111111111116,0.7,0.05204915724757135
-0.07407407407407418,0.7,0.061712801135374994
-0.03703703703703709,0.7,0.08844983179859847
0.0,0.7,0.06546527672478414
0.03703703703703698,0.7,0.07196202625944118
0.07407407407407396,0.7,0.07169598124388495
0.11111111111111116,0.7,0.07084845217006389
0.14814814814814814,0.7,0.10852122488562739
0.18518518518518512,0.7,0.08267060482192001
0.2222222222222221,0.7,0.06919345208245409
0.2592592592592591,0.7,0.08210500903716611
0.2962962962962963,0.7,0.10395413216521865
0.33333333333333326,0.7,0.07203973535800559
0.37037037037037024,0.7,0.10774971068570591
0.40740740740740744,0.7,0.09323312855037341
0.4444444444444444,0.7,0.07793330181937251
0.4814814814814814,0.7,0.059710676850372735
0.5185185185185184,0.7,0.053461628598912785
0.5555555555555554,0.7,0.06762231163558435
0.5925925925925926,0.7,0.05458568120213115
0.6296296296296295,0.7,0.03682463616301972
0.6666666666666665,0.7,0.012892128409201589
0.7037037037037037,0.7,0.038260316462711996
0.7407407407407407,0.7,0.005250154953093916
0.7777777777777777,0.7,0.027883363840373137
0.8148148148148147,0.7,0.012288533413064871
0.8518518518518516,0.7,0.008760824965916538
0.8888888888888888,0.7,0.0063518981750449195
0.9259259259259258,0.7,-0.004389574399588696
0.9629629629629628,0.7,0.0031907058328536327
1.0,0.7,0.012975116499694989
