hc,hu,rho
-1.0,-0.7,0.004277300983077239
-0.962962962962963,-0.7,0.026569406226681178
-0.9259259259259259,-0.7,0.007608651560498304
-0.8888888888888888,-0.7,-0.023788378022110045
-0.8518518518518519,-0.7,-0.01736667573705932
-0.8148148148148149,-0.7,0.0035838843180869134
-0.7777777777777778,-0.7,-0.010837469817836095
-0.7407407407407407,-0.7,0.006923601133706771
-0.7037037037037037,-0.7,-0.04078872907613144
-0.6666666666666667,-0.7,0.019480162269966565
-0.6296296296296297,-0.7,0.015679208480605077
-0.5925925925925926,-0.7,-0.034477469314698424
-0.5555555555555556,-0.7,-0.017081742767779195
-0.5185185185185186,-0.7,-0.021264451600781872
-0.4814814814814815,-0.7,-0.016946391056171354
-0.4444444444444444,-0.7,0.004734655431137836
-0.40740740740740744,-0.7,-0.0158429160065412
-0.37037037037037046,-0.7,-0.019753186246051786
-0.33333333333333337,-0.7,0.007559194974254401
-0.2962962962962963,-0.7,0.02041220235728976
-0.2592592592592593,-0.7,-0.002908472284102691
-0.22222222222222232,-0.7,0.01236105803596568
-0.18518518518518523,-0.7,-0.009443311932383947
-0.14814814814814814,-0.7,0.03235364935141831
-0.11111111111111116,-0.7,0.057029349100049094
-0.07407407407407418,-0.7,0.03660433721194418
-0.03703703703703709,-0.7,0.03172341334000842
0.0,-0.7,0.006491750336531283
0.03703703703703698,-0.7,0.037668019711684285
0.07407407407407396,-0.7,0.015398960037906317
0.11111111111111116,-0.7,0.06281222396467061
0.14814814814814814,-0.7,0.08163168661015921
0.18518518518518512,-0.7,0.07828760418762708
0.2222222222222221,-0.7,0.061258635312596184
0.2592592592592591,-0.7,0.067344750203055
0.2962962962962963,-0.7,0.049560421324045645
0.33333333333333326,-0.7,0.06294995960981328
0.37037037037037024,-0.7,0.06162436686203606
0.40740740740740744,-0.7,0.05583762689063429
0.4444444444444444,-0.7,0.012116124970084442
0.4814814814814814,-0.7,0.05420259234207393
0.5185185185185184,-0.7,0.05353337173164255
0.5555555555555554,-0.7,0.031003382324260642
0.5925925925925926,-0.7,0.04528211451356576
0.6296296296296295,-0.7,0.04710766291210227
0.6666666666666665,-0.7,-0.002747486594652255
0.7037037037037037,-0.7,0.04063544011606173
0.7407407407407407,-0.7,0.014934107878207863
0.7777777777777777,-0.7,0.0013443345302582566
0.8148148148148147,-0.7,0.018321725319655237
0.8518518518518516,-0.7,0.0007867965819882052
0.8888888888888888,-0.7,0.0031181407234869597
0.9259259259259258,-0.7,-0.007425645578229929
0.9629629629629628,-0.7,-0.0040701179059590585
1.0,-0.7,-0.0139573803089699
-1.0,-0.674074074074074,-0.01692444012209133
-0.962962962962963,-0.674074074074074,-0.025746670944895127
-0.9259259259259259,-0.674074074074074,-0.03087391970434
-0.8888888888888888,-0.674074074074074,0.00553011160690371
-0.8518518518518519,-0.674074074074074,-0.011695629211682006
-0.8148148148148149,-0.674074074074074,-0.00666749592879549
-0.7777777777777778,-0.674074074074074,0.012458567080761053
-0.7407407407407407,-0.674074074074074,-0.005001164999530301
-0.7037037037037037,-0.674074074074074,-0.01606137469111886
-0.6666666666666667,-0.674074074074074,-0.03408134331584781
-0.6296296296296297,-0.674074074074074,-0.0052987773648196235
-0.5925925925925926,-0.674074074074074,-0.010523762635590923
-0.5555555555555556,-0.674074074074074,-0.0017933098824451724
-0.5185185185185186,-0.674074074074074,-0.019380067234466763
-0.4814814814814815,-0.674074074074074,-0.0222207287253119
-0.4444444444444444,-0.674074074074074,-0.04753829456693261
-0.40740740740740744,-0.674074074074074,-0.004544143787944328
-0.37037037037037046,-0.674074074074074,-0.034569647059724845
-0.33333333333333337,-0.674074074074074,-0.015222043396824588
-0.2962962962962963,-0.674074074074074,0.003825646421986702
-0.2592592592592593,-0.674074074074074,0.0016016829148603965
-0.22222222222222232,-0.674074074074074,0.004004386901632521
-0.18518518518518523,-0.674074074074074,0.017871251845871596
-0.14814814814814814,-0.674074074074074,-0.010724272627561815
-0.11111111111111116,-0.674074074074074,0.023761914220983296
-0.07407407407407418,-0.674074074074074,0.048926050923611936
-0.03703703703703709,-0.674074074074074,0.05375455122615873
0.0,-0.674074074074074,0.01877987566658844
0.03703703703703698,-0.674074074074074,0.06269757086412821
0.07407407407407396,-0.674074074074074,0.060311744743171455
0.11111111111111116,-0.674074074074074,0.04315203766431619
0.14814814814814814,-0.674074074074074,0.04150385785506648
0.18518518518518512,-0.674074074074074,0.06364755253009949
0.2222222222222221,-0.674074074074074,0.08987471951814775
0.2592592592592591,-0.674074074074074,0.07720969834073761
0.2962962962962963,-0.674074074074074,0.055434456586893506
0.33333333333333326,-0.674074074074074,0.07117646555701079
0.37037037037037024,-0.674074074074074,0.08432546311088394
0.40740740740740744,-0.674074074074074,0.06426941822080591
0.4444444444444444,-0.674074074074074,0.05535130342925522
0.4814814814814814,-0.674074074074074,0.06598067280436189
0.5185185185185184,-0.674074074074074,0.022165892033575954
0.5555555555555554,-0.674074074074074,0.056808366549591656
0.5925925925925926,-0.674074074074074,0.024021864533305116
0.6296296296296295,-0.674074074074074,0.03905936198179194
0.6666666666666665,-0.674074074074074,0.04121412276871497
0.7037037037037037,-0.674074074074074,0.02880663186403196
0.7407407407407407,-0.674074074074074,0.015010753003064885
0.7777777777777777,-0.674074074074074,0.01662966253241212
0.8148148148148147,-0.674074074074074,0.03156333566866075
0.8518518518518516,-0.674074074074074,-0.005421802542542008
0.8888888888888888,-0.674074074074074,-0.00124166798047037
0.9259259259259258,-0.674074074074074,0.015069537465974746
0.9629629629629628,-0.674074074074074,0.02034851782232252
1.0,-0.674074074074074,0.005889809160715067
-1.0,-0.6481481481481481,-0.01800554079600835
-0.962962962962963,-0.6481481481481481,-0.0003329899632124895
-0.9259259259259259,-0.6481481481481481,-0.018839626150478444
-0.8888888888888888,-0.6481481481481481,0.017484112524620975
-0.8518518518518519,-0.6481481481481481,0.004705681195848407
-0.8148148148148149,-0.6481481481481481,0.011734810698367428
-0.7777777777777778,-0.6481481481481481,-0.033964133436042515
-0.7407407407407407,-0.6481481481481481,-0.028041197602406455
-0.7037037037037037,-0.6481481481481481,-0.026168394344563663
-0.6666666666666667,-0.6481481481481481,-0.04240039691212685
-0.6296296296296297,-0.6481481481481481,-0.03208893853214522
-0.5925925925925926,-0.6481481481481481,-0.009630006961435882
-0.5555555555555556,-0.6481481481481481,-0.0401860046743192
-0.5185185185185186,-0.6481481481481481,-0.028588032167096853
-0.4814814814814815,-0.6481481481481481,0.00026521778676864144
-0.4444444444444444,-0.6481481481481481,-0.016559761401887977
-0.40740740740740744,-0.6481481481481481,-0.01115158536029432
-0.37037037037037046,-0.6481481481481481,-0.01562625180676679
-0.33333333333333337,-0.6481481481481481,-0.0217937957560852
-0.2962962962962963,-0.6481481481481481,-0.013049225224205997
-0.2592592592592593,-0.6481481481481481,0.0021374953934150324
-0.22222222222222232,-0.6481481481481481,-0.004932231220365768
-0.18518518518518523,-0.6481481481481481,0.01163250495455
-0.14814814814814814,-0.6481481481481481,0.011165696793249743
-0.11111111111111116,-0.6481481481481481,0.02446366355412844
-0.07407407407407418,-0.6481481481481481,0.05796786127492251
-0.03703703703703709,-0.6481481481481481,0.05117556752369818
0.0,-0.6481481481481481,0.02913947798666037
0.03703703703703698,-0.6481481481481481,0.053842754045933826
0.07407407407407396,-0.6481481481481481,0.09222037296955493
0.11111111111111116,-0.6481481481481481,0.09803091410081483
0.14814814814814814,-0.6481481481481481,0.056906518359567476
0.18518518518518512,-0.6481481481481481,0.08605445349813544
0.2222222222222221,-0.6481481481481481,0.08237218630285768
0.2592592592592591,-0.6481481481481481,0.04499864740855927
0.2962962962962963,-0.6481481481481481,0.0893244183905023
0.33333333333333326,-0.6481481481481481,0.11509596143676201
0.37037037037037024,-0.6481481481481481,0.07128649346226335
0.40740740740740744,-0.6481481481481481,0.07492168207718991
0.4444444444444444,-0.6481481481481481,0.0907370695896856
0.4814814814814814,-0.6481481481481481,0.06452345034968601
0.5185185185185184,-0.6481481481481481,0.05948761205019609
0.5555555555555554,-0.6481481481481481,0.0653017472816615
0.5925925925925926,-0.6481481481481481,0.03286289364949403
0.6296296296296295,-0.6481481481481481,0.0571270919278584
0.6666666666666665,-0.6481481481481481,0.023208865370184736
0.7037037037037037,-0.6481481481481481,0.03897398256220306
0.7407407407407407,-0.6481481481481481,0.04559621739523463
0.7777777777777777,-0.6481481481481481,0.05368259594609033
0.8148148148148147,-0.6481481481481481,0.011494919198623933
0.8518518518518516,-0.6481481481481481,0.023172907435601367
0.8888888888888888,-0.6481481481481481,0.01983537509492078
0.9259259259259258,-0.6481481481481481,-0.015069732799574834
0.9629629629629628,-0.6481481481481481,0.008814364850937173
1.0,-0.6481481481481481,0.011686391766568684
-1.0,-0.6222222222222222,-0.003098149043898166
-0.962962962962963,-0.6222222222222222,0.017083981043372637
-0.9259259259259259,-0.6222222222222222,-0.01391908619699446
-0.8888888888888888,-0.6222222222222222,-0.018681881245373084
-0.8518518518518519,-0.6222222222222222,-0.02125140897472961
-0.8148148148148149,-0.6222222222222222,-0.022390694318346064
-0.7777777777777778,-0.6222222222222222,-0.016807772884221382
-0.7407407407407407,-0.6222222222222222,-0.0018744504779246753
-0.7037037037037037,-0.6222222222222222,-0.04433429748532604
-0.6666666666666667,-0.6222222222222222,-0.029293700925868915
-0.6296296296296297,-0.6222222222222222,-0.06790963123634249
-0.5925925925925926,-0.6222222222222222,-0.05760166198058478
-0.5555555555555556,-0.6222222222222222,-0.029629695088221518
-0.5185185185185186,-0.6222222222222222,-0.06443722905027835
-0.4814814814814815,-0.6222222222222222,-0.025529580935758432
-0.4444444444444444,-0.6222222222222222,-0.00883525218242101
-0.40740740740740744,-0.6222222222222222,-0.03933548153316602
-0.37037037037037046,-0.6222222222222222,-0.03347816122076978
-0.33333333333333337,-0.6222222222222222,-0.017665147982508785
-0.2962962962962963,-0.6222222222222222,-0.020213791176736287
-0.2592592592592593,-0.6222222222222222,-0.006517669974822383
-0.22222222222222232,-0.6222222222222222,-0.00910160317796739
-0.18518518518518523,-0.6222222222222222,0.02331651872888523
-0.14814814814814814,-0.6222222222222222,0.023544797665214633
-0.11111111111111116,-0.6222222222222222,0.027092527541294216
-0.07407407407407418,-0.6222222222222222,0.0029931841220658326
-0.03703703703703709,-0.6222222222222222,0.03653508196794239
0.0,-0.6222222222222222,0.05754389533600096
0.03703703703703698,-0.6222222222222222,0.07680713797806031
0.07407407407407396,-0.6222222222222222,0.06430175701426442
0.11111111111111116,-0.6222222222222222,0.09129090198509598
0.14814814814814814,-0.6222222222222222,0.10150965883974877
0.18518518518518512,-0.6222222222222222,0.08443184531599647
0.2222222222222221,-0.6222222222222222,0.10870769814484013
0.2592592592592591,-0.6222222222222222,0.09709344575317448
0.2962962962962963,-0.6222222222222222,0.08370538334513192
0.33333333333333326,-0.6222222222222222,0.09946488551738233
0.37037037037037024,-0.6222222222222222,0.11835034524952397
0.40740740740740744,-0.6222222222222222,0.10102754585786106
0.4444444444444444,-0.6222222222222222,0.09096366885221584
0.4814814814814814,-0.6222222222222222,0.0982318126990377
0.5185185185185184,-0.6222222222222222,0.09034783108441741
0.5555555555555554,-0.6222222222222222,0.07595102249424857
0.5925925925925926,-0.6222222222222222,0.0378159112406731
0.6296296296296295,-0.6222222222222222,0.02031879201609102
0.6666666666666665,-0.6222222222222222,0.027183618658965833
0.7037037037037037,-0.6222222222222222,0.07064737039544136
0.7407407407407407,-0.6222222222222222,0.04957360639299106
0.7777777777777777,-0.6222222222222222,0.00920810439962957
0.8148148148148147,-0.6222222222222222,0.039523457656487286
0.8518518518518516,-0.6222222222222222,0.0011348956511866189
0.8888888888888888,-0.6222222222222222,0.021178030488366608
0.9259259259259258,-0.6222222222222222,0.028657650490666424
0.9629629629629628,-0.6222222222222222,0.009483779319805416
1.0,-0.6222222222222222,0.020849141056740045
-1.0,-0.5962962962962962,-0.00198690672338612
-0.962962962962963,-0.5962962962962962,-0.04396835120228991
-0.9259259259259259,-0.5962962962962962,-0.022475171847306075
-0.8888888888888888,-0.5962962962962962,-0.016854944734453058
-0.8518518518518519,-0.5962962962962962,-0.03504695666059763
-0.8148148148148149,-0.5962962962962962,-0.05095841785943438
-0.7777777777777778,-0.5962962962962962,-0.010952637556009729
-0.7407407407407407,-0.5962962962962962,-0.03198902057115633
-0.7037037037037037,-0.5962962962962962,-0.047219125975040716
-0.6666666666666667,-0.5962962962962962,-0.054174573611330976
-0.6296296296296297,-0.5962962962962962,-0.04307686956084508
-0.5925925925925926,-0.5962962962962962,-0.025555229029009086
-0.5555555555555556,-0.5962962962962962,-0.051334702611409794
-0.5185185185185186,-0.5962962962962962,-0.035954730540151754
-0.4814814814814815,-0.5962962962962962,-0.037804760209802835
-0.4444444444444444,-0.5962962962962962,-0.04343854037189756
-0.40740740740740744,-0.5962962962962962,-0.03663261648358486
-0.37037037037037046,-0.5962962962962962,-0.031423079128672794
-0.33333333333333337,-0.5962962962962962,-0.04113892052275508
-0.2962962962962963,-0.5962962962962962,-0.04168771070134557
-0.2592592592592593,-0.5962962962962962,-0.0016204709482143202
-0.22222222222222232,-0.5962962962962962,0.018626127454314367
-0.18518518518518523,-0.5962962962962962,0.015577759693541774
-0.14814814814814814,-0.5962962962962962,0.004855539726249096
-0.11111111111111116,-0.5962962962962962,0.029483457904620522
-0.07407407407407418,-0.5962962962962962,0.032740050322862126
-0.03703703703703709,-0.5962962962962962,0.03162805333472933
0.0,-0.5962962962962962,0.04888403033195994
0.03703703703703698,-0.5962962962962962,0.06669185172378557
0.07407407407407396,-0.5962962962962962,0.09369420384385185
0.11111111111111116,-0.5962962962962962,0.07780127092316394
0.14814814814814814,-0.5962962962962962,0.11985698799570253
0.18518518518518512,-0.5962962962962962,0.1097246723785163
0.2222222222222221,-0.5962962962962962,0.1320489486226289
0.2592592592592591,-0.5962962962962962,0.1320189938437507
0.2962962962962963,-0.5962962962962962,0.12136012618209856
0.33333333333333326,-0.5962962962962962,0.11977933383869387
0.37037037037037024,-0.5962962962962962,0.12057437455350885
0.40740740740740744,-0.5962962962962962,0.11673236253579854
0.4444444444444444,-0.5962962962962962,0.11796007431105733
0.4814814814814814,-0.5962962962962962,0.12867185155125907
0.5185185185185184,-0.5962962962962962,0.1036689093089146
0.5555555555555554,-0.5962962962962962,0.11021305929076984
0.5925925925925926,-0.5962962962962962,0.0927833095068287
0.6296296296296295,-0.5962962962962962,0.06496846108166235
0.6666666666666665,-0.5962962962962962,0.0697680503540552
0.7037037037037037,-0.5962962962962962,0.06403014550808142
0.7407407407407407,-0.5962962962962962,0.060016235126914855
0.7777777777777777,-0.5962962962962962,0.03422571524501261
0.8148148148148147,-0.5962962962962962,0.04978964284193045
0.8518518518518516,-0.5962962962962962,0.018919257596818305
0.8888888888888888,-0.5962962962962962,0.02011902363606902
0.9259259259259258,-0.5962962962962962,0.028104232568573653
0.9629629629629628,-0.5962962962962962,0.017029496969137865
1.0,-0.5962962962962962,-0.001490230287779646
-1.0,-0.5703703703703703,-0.03583980326386417
-0.962962962962963,-0.5703703703703703,-0.028269803206884506
-0.9259259259259259,-0.5703703703703703,-0.034865958718988954
-0.8888888888888888,-0.5703703703703703,0.0036511436186375673
-0.8518518518518519,-0.5703703703703703,-0.047879630058612996
-0.8148148148148149,-0.5703703703703703,-0.05735687864260572
-0.7777777777777778,-0.5703703703703703,-0.006907163317569007
-0.7407407407407407,-0.5703703703703703,-0.06841557343506546
-0.7037037037037037,-0.5703703703703703,-0.05551484159094155
-0.6666666666666667,-0.5703703703703703,-0.04205999312322434
-0.6296296296296297,-0.5703703703703703,-0.05158587736846756
-0.5925925925925926,-0.5703703703703703,-0.048797678380257635
-0.5555555555555556,-0.5703703703703703,-0.03115171243451595
-0.5185185185185186,-0.5703703703703703,-0.019186243324092807
-0.4814814814814815,-0.5703703703703703,-0.04969210356798935
-0.4444444444444444,-0.5703703703703703,-0.04513502241437435
-0.40740740740740744,-0.5703703703703703,-0.051511176627890704
-0.37037037037037046,-0.5703703703703703,-0.04986169603450491
-0.33333333333333337,-0.5703703703703703,-0.04195032839972503
-0.2962962962962963,-0.5703703703703703,-0.024213605984249834
-0.2592592592592593,-0.5703703703703703,-0.025458089269723583
-0.22222222222222232,-0.5703703703703703,-0.0031700896339537242
-0.18518518518518523,-0.5703703703703703,-0.002736089338872979
-0.14814814814814814,-0.5703703703703703,0.0007492365856685106
-0.11111111111111116,-0.5703703703703703,0.02536404088517781
-0.07407407407407418,-0.5703703703703703,0.04053699027761484
-0.03703703703703709,-0.5703703703703703,0.05087387545472941
0.0,-0.5703703703703703,0.0659357023076733
0.03703703703703698,-0.5703703703703703,0.09370647728889682
0.07407407407407396,-0.5703703703703703,0.07859538101591253
0.11111111111111116,-0.5703703703703703,0.12304774784232524
0.14814814814814814,-0.5703703703703703,0.10991444826048138
0.18518518518518512,-0.5703703703703703,0.12482292607080754
0.2222222222222221,-0.5703703703703703,0.1514134606687694
0.2592592592592591,-0.5703703703703703,0.15049400149216155
0.2962962962962963,-0.5703703703703703,0.11079751926372178
0.33333333333333326,-0.5703703703703703,0.14293813805500016
0.37037037037037024,-0.5703703703703703,0.15559854666914555
0.40740740740740744,-0.5703703703703703,0.11682084116718126
0.4444444444444444,-0.5703703703703703,0.11842076695632091
0.4814814814814814,-0.5703703703703703,0.13827575110318488
0.5185185185185184,-0.5703703703703703,0.0906341174459146
0.5555555555555554,-0.5703703703703703,0.12722611407579534
0.5925925925925926,-0.5703703703703703,0.0713753732312877
0.6296296296296295,-0.5703703703703703,0.07093220643318673
0.6666666666666665,-0.5703703703703703,0.06387013842532815
0.7037037037037037,-0.5703703703703703,0.05627977636587411
0.7407407407407407,-0.5703703703703703,0.06551257955976363
0.7777777777777777,-0.5703703703703703,0.052076408112929545
0.8148148148148147,-0.5703703703703703,0.04091931314203295
0.8518518518518516,-0.5703703703703703,0.034824073380818756
0.8888888888888888,-0.5703703703703703,0.001327540712388036
0.9259259259259258,-0.5703703703703703,0.010843873102541
0.9629629629629628,-0.5703703703703703,0.03216212254818854
1.0,-0.5703703703703703,-0.005788604696632059
-1.0,-0.5444444444444444,0.0015547979160584133
-0.962962962962963,-0.5444444444444444,-0.027414510923662604
-0.9259259259259259,-0.5444444444444444,-0.045469699763400234
-0.8888888888888888,-0.5444444444444444,-0.02349845333014776
-0.8518518518518519,-0.5444444444444444,-0.029152366811919093
-0.8148148148148149,-0.5444444444444444,-0.05555468184992302
-0.7777777777777778,-0.5444444444444444,-0.05905121625978759
-0.7407407407407407,-0.5444444444444444,-0.06801707296920506
-0.7037037037037037,-0.5444444444444444,-0.06878739081531514
-0.6666666666666667,-0.5444444444444444,-0.09790102102966958
-0.6296296296296297,-0.5444444444444444,-0.07652386251289156
-0.5925925925925926,-0.5444444444444444,-0.04941211552311419
-0.5555555555555556,-0.5444444444444444,-0.07743666773948926
-0.5185185185185186,-0.5444444444444444,-0.06406789269390809
-0.4814814814814815,-0.5444444444444444,-0.05620780813286115
-0.4444444444444444,-0.5444444444444444,-0.06347501478135933
-0.40740740740740744,-0.5444444444444444,-0.0689544753441578
-0.37037037037037046,-0.5444444444444444,-0.0638727661683303
-0.33333333333333337,-0.5444444444444444,-0.05626073623696132
-0.2962962962962963,-0.5444444444444444,-0.03365321482229648
-0.2592592592592593,-0.5444444444444444,-0.03300629124693597
-0.22222222222222232,-0.5444444444444444,-0.003258587056764451
-0.18518518518518523,-0.5444444444444444,0.026414846794888026
-0.14814814814814814,-0.5444444444444444,0.02275540221583891
-0.11111111111111116,-0.5444444444444444,0.009954493649875471
-0.07407407407407418,-0.5444444444444444,0.05334357954010832
-0.03703703703703709,-0.5444444444444444,0.06223129170385547
0.0,-0.5444444444444444,0.07584003537250529
0.03703703703703698,-0.5444444444444444,0.0869206399909874
0.07407407407407396,-0.5444444444444444,0.10899359532380383
0.11111111111111116,-0.5444444444444444,0.1748236591720495
0.14814814814814814,-0.5444444444444444,0.18515329654165916
0.18518518518518512,-0.5444444444444444,0.1742098149523576
0.2222222222222221,-0.5444444444444444,0.14142592104549345
0.2592592592592591,-0.5444444444444444,0.16237749943592072
0.2962962962962963,-0.5444444444444444,0.17831760485023845
0.33333333333333326,-0.5444444444444444,0.15681751525249185
0.37037037037037024,-0.5444444444444444,0.1685391556245873
0.40740740740740744,-0.5444444444444444,0.17115938970853878
0.4444444444444444,-0.5444444444444444,0.1711468539075738
0.4814814814814814,-0.5444444444444444,0.14612976870034936
0.5185185185185184,-0.5444444444444444,0.13488466462126056
0.5555555555555554,-0.5444444444444444,0.1157138106931885
0.5925925925925926,-0.5444444444444444,0.10316308485438615
0.6296296296296295,-0.5444444444444444,0.09896236562101912
0.6666666666666665,-0.5444444444444444,0.08388365384637403
0.7037037037037037,-0.5444444444444444,0.08652841405310721
0.7407407407407407,-0.5444444444444444,0.06921136126676843
0.7777777777777777,-0.5444444444444444,0.05139315857746674
0.8148148148148147,-0.5444444444444444,0.06821377493180418
0.8518518518518516,-0.5444444444444444,0.03308472441375427
0.8888888888888888,-0.5444444444444444,0.040119945505109327
0.9259259259259258,-0.5444444444444444,0.03249638072693376
0.9629629629629628,-0.5444444444444444,0.010922080552780022
1.0,-0.5444444444444444,0.015191686749134617
-1.0,-0.5185185185185185,-0.01497747746382096
-0.962962962962963,-0.5185185185185185,-0.034279529347141645
-0.9259259259259259,-0.5185185185185185,-0.052671827396456775
-0.8888888888888888,-0.5185185185185185,-0.000382351346987532
-0.8518518518518519,-0.5185185185185185,-0.056510320126375524
-0.8148148148148149,-0.5185185185185185,-0.05844411779528493
-0.7777777777777778,-0.5185185185185185,-0.06398153167232705
-0.7407407407407407,-0.5185185185185185,-0.06640060127991414
-0.7037037037037037,-0.5185185185185185,-0.058884744797544256
-0.6666666666666667,-0.5185185185185185,-0.06469231678248581
-0.6296296296296297,-0.5185185185185185,-0.08970724222706619
-0.5925925925925926,-0.5185185185185185,-0.07863976023839846
-0.5555555555555556,-0.5185185185185185,-0.07579212487673008
-0.5185185185185186,-0.5185185185185185,-0.08914258649960266
-0.4814814814814815,-0.5185185185185185,-0.0684074639323709
-0.4444444444444444,-0.5185185185185185,-0.078277674208915
-0.40740740740740744,-0.5185185185185185,-0.06355978535561689
-0.37037037037037046,-0.5185185185185185,-0.08577487666476258
-0.33333333333333337,-0.5185185185185185,-0.034698528487529426
-0.2962962962962963,-0.5185185185185185,-0.05249576962804917
-0.2592592592592593,-0.5185185185185185,-0.051754490597661615
-0.22222222222222232,-0.5185185185185185,-0.03493075397672238
-0.18518518518518523,-0.5185185185185185,-0.01636958046518073
-0.14814814814814814,-0.5185185185185185,0.018265181839181594
-0.11111111111111116,-0.5185185185185185,-0.0009846587738102236
-0.07407407407407418,-0.5185185185185185,0.03832962988164037
-0.03703703703703709,-0.5185185185185185,0.08940355161737978
0.0,-0.5185185185185185,0.11154720213400668
0.03703703703703698,-0.5185185185185185,0.09622739760045732
0.07407407407407396,-0.5185185185185185,0.1324843675273503
0.11111111111111116,-0.5185185185185185,0.1499396568105286
0.14814814814814814,-0.5185185185185185,0.15721910270902023
0.18518518518518512,-0.5185185185185185,0.16381265005143011
0.2222222222222221,-0.5185185185185185,0.19334043428132064
0.2592592592592591,-0.5185185185185185,0.1830835993094487
0.2962962962962963,-0.5185185185185185,0.19305690088287678
0.33333333333333326,-0.5185185185185185,0.20181525377273696
0.37037037037037024,-0.5185185185185185,0.17305826590533457
0.40740740740740744,-0.5185185185185185,0.1682000904863004
0.4444444444444444,-0.5185185185185185,0.2076777855935471
0.4814814814814814,-0.5185185185185185,0.14966737136546454
0.5185185185185184,-0.5185185185185185,0.1705663599078641
0.5555555555555554,-0.5185185185185185,0.1593730011909172
0.5925925925925926,-0.5185185185185185,0.13039121835497613
0.6296296296296295,-0.5185185185185185,0.11114762741283087
0.6666666666666665,-0.5185185185185185,0.10158726307663815
0.7037037037037037,-0.5185185185185185,0.07908038779932608
0.7407407407407407,-0.5185185185185185,0.07849833672696575
0.7777777777777777,-0.5185185185185185,0.06375967034684117
0.8148148148148147,-0.5185185185185185,0.04882297462818531
0.8518518518518516,-0.5185185185185185,0.04212665514446283
0.8888888888888888,-0.5185185185185185,0.05189648939916592
0.9259259259259258,-0.5185185185185185,0.032498027281678436
0.9629629629629628,-0.5185185185185185,0.023045073971620318
1.0,-0.5185185185185185,0.049686569230784405
-1.0,-0.4925925925925926,-0.012999612313363577
-0.962962962962963,-0.4925925925925926,-0.013068698522653166
-0.9259259259259259,-0.4925925925925926,-0.04484698122061417
-0.8888888888888888,-0.4925925925925926,-0.056773124060921984
-0.8518518518518519,-0.4925925925925926,-0.04303929552368441
-0.8148148148148149,-0.4925925925925926,-0.04468238639510361
-0.7777777777777778,-0.4925925925925926,-0.11205455354505887
-0.7407407407407407,-0.4925925925925926,-0.06541168252552965
-0.7037037037037037,-0.4925925925925926,-0.07123821834108834
-0.6666666666666667,-0.4925925925925926,-0.08895806693221382
-0.6296296296296297,-0.4925925925925926,-0.08532056520898187
-0.5925925925925926,-0.4925925925925926,-0.1148237648881863
-0.5555555555555556,-0.4925925925925926,-0.09612445592708625
-0.5185185185185186,-0.4925925925925926,-0.11954275654791643
-0.4814814814814815,-0.4925925925925926,-0.10574170632989559
-0.4444444444444444,-0.4925925925925926,-0.10483512399312148
-0.40740740740740744,-0.4925925925925926,-0.09158632545390218
-0.37037037037037046,-0.4925925925925926,-0.10620170814234021
-0.33333333333333337,-0.4925925925925926,-0.07191049391846618
-0.2962962962962963,-0.4925925925925926,-0.057758808088696975
-0.2592592592592593,-0.4925925925925926,-0.03087587533746416
-0.22222222222222232,-0.4925925925925926,-0.03917294680087698
-0.18518518518518523,-0.4925925925925926,-0.0036361590223532615
-0.14814814814814814,-0.4925925925925926,0.00036155238196908593
-0.11111111111111116,-0.4925925925925926,0.04025792540794897
-0.07407407407407418,-0.4925925925925926,0.04641458172725297
-0.03703703703703709,-0.4925925925925926,0.06364253696433969
0.0,-0.4925925925925926,0.09411879758051046
0.03703703703703698,-0.4925925925925926,0.14864140866918785
0.07407407407407396,-0.4925925925925926,0.1681841792631905
0.11111111111111116,-0.4925925925925926,0.16675614573420444
0.14814814814814814,-0.4925925925925926,0.1838830587061381
0.18518518518518512,-0.4925925925925926,0.20149550895626392
0.2222222222222221,-0.4925925925925926,0.18419957181270663
0.2592592592592591,-0.4925925925925926,0.24290668444948568
0.2962962962962963,-0.4925925925925926,0.20306971882868874
0.33333333333333326,-0.4925925925925926,0.1992755853899497
0.37037037037037024,-0.4925925925925926,0.2115080694721152
0.40740740740740744,-0.4925925925925926,0.19375418122086627
0.4444444444444444,-0.4925925925925926,0.20414732714244585
0.4814814814814814,-0.4925925925925926,0.19816552848129626
0.5185185185185184,-0.4925925925925926,0.1710192001697357
0.5555555555555554,-0.4925925925925926,0.16447163779323198
0.5925925925925926,-0.4925925925925926,0.13833007455058624
0.6296296296296295,-0.4925925925925926,0.10716851668979083
0.6666666666666665,-0.4925925925925926,0.09866693542394157
0.7037037037037037,-0.4925925925925926,0.13224583355423974
0.7407407407407407,-0.4925925925925926,0.08723567259123165
0.7777777777777777,-0.4925925925925926,0.048715284757593166
0.8148148148148147,-0.4925925925925926,0.04741600526343469
0.8518518518518516,-0.4925925925925926,0.04078216666258252
0.8888888888888888,-0.4925925925925926,0.05514823613385062
0.9259259259259258,-0.4925925925925926,0.03761603732103556
0.9629629629629628,-0.4925925925925926,0.050305409019208616
1.0,-0.4925925925925926,0.05123477248924893
-1.0,-0.4666666666666666,0.001945919321110514
-0.962962962962963,-0.4666666666666666,-0.011608530027632144
-0.9259259259259259,-0.4666666666666666,-0.013667943122987969
-0.8888888888888888,-0.4666666666666666,-0.05025772936376572
-0.8518518518518519,-0.4666666666666666,-0.06003191686413301
-0.8148148148148149,-0.4666666666666666,-0.09220321023790767
-0.7777777777777778,-0.4666666666666666,-0.06686533057347258
-0.7407407407407407,-0.4666666666666666,-0.10173756902196324
-0.7037037037037037,-0.4666666666666666,-0.09408654217884233
-0.6666666666666667,-0.4666666666666666,-0.0708218406264884
-0.6296296296296297,-0.4666666666666666,-0.13377382443967786
-0.5925925925925926,-0.4666666666666666,-0.12678889877347835
-0.5555555555555556,-0.4666666666666666,-0.13850048332060444
-0.5185185185185186,-0.4666666666666666,-0.14206005778715203
-0.4814814814814815,-0.4666666666666666,-0.11390797292653153
-0.4444444444444444,-0.4666666666666666,-0.14549362078617473
-0.40740740740740744,-0.4666666666666666,-0.11123778681286174
-0.37037037037037046,-0.4666666666666666,-0.10565431541188011
-0.33333333333333337,-0.4666666666666666,-0.07945124507164536
-0.2962962962962963,-0.4666666666666666,-0.10706216136173634
-0.2592592592592593,-0.4666666666666666,-0.08171567971047368
-0.22222222222222232,-0.4666666666666666,-0.028108351617861158
-0.18518518518518523,-0.4666666666666666,-0.0475655576072533
-0.14814814814814814,-0.4666666666666666,0.006921028537598099
-0.11111111111111116,-0.4666666666666666,0.047311863623746994
-0.07407407407407418,-0.4666666666666666,0.034911315469164594
-0.03703703703703709,-0.4666666666666666,0.06924398446815894
0.0,-0.4666666666666666,0.12543457811276293
0.03703703703703698,-0.4666666666666666,0.11953545737230416
0.07407407407407396,-0.4666666666666666,0.17545991011343562
0.11111111111111116,-0.4666666666666666,0.20288530106572497
0.14814814814814814,-0.4666666666666666,0.20528806881145734
0.18518518518518512,-0.4666666666666666,0.21953941432404442
0.2222222222222221,-0.4666666666666666,0.23248282913476104
0.2592592592592591,-0.4666666666666666,0.23155414928697096
0.2962962962962963,-0.4666666666666666,0.25799826445406343
0.33333333333333326,-0.4666666666666666,0.2572306052992199
0.37037037037037024,-0.4666666666666666,0.24319117213983696
0.40740740740740744,-0.4666666666666666,0.2410510589963
0.4444444444444444,-0.4666666666666666,0.20604777884053332
0.4814814814814814,-0.4666666666666666,0.20016070479785472
0.5185185185185184,-0.4666666666666666,0.1678988913221305
0.5555555555555554,-0.4666666666666666,0.17537655306342206
0.5925925925925926,-0.4666666666666666,0.1802496792929143
0.6296296296296295,-0.4666666666666666,0.15422159760076784
0.6666666666666665,-0.4666666666666666,0.125354251959863
0.7037037037037037,-0.4666666666666666,0.11044533269795374
0.7407407407407407,-0.4666666666666666,0.09439300192143431
0.7777777777777777,-0.4666666666666666,0.10141419237971291
0.8148148148148147,-0.4666666666666666,0.05474264218855421
0.8518518518518516,-0.4666666666666666,0.07813412569471517
0.8888888888888888,-0.4666666666666666,0.057193392831663026
0.9259259259259258,-0.4666666666666666,0.01780012324634857
0.9629629629629628,-0.4666666666666666,0.04118185673312777
1.0,-0.4666666666666666,0.03624960418276652
-1.0,-0.4407407407407407,-0.0027697829250131296
-0.962962962962963,-0.4407407407407407,0.014299712210120549
-0.9259259259259259,-0.4407407407407407,-0.04031265589545671
-0.8888888888888888,-0.4407407407407407,-0.04961659490852652
-0.8518518518518519,-0.4407407407407407,-0.05582079891424593
-0.8148148148148149,-0.4407407407407407,-0.06602478945404272
-0.7777777777777778,-0.4407407407407407,-0.09038784770585956
-0.7407407407407407,-0.4407407407407407,-0.08722283833057787
-0.7037037037037037,-0.4407407407407407,-0.12221274099795436
-0.6666666666666667,-0.4407407407407407,-0.11623713645010861
-0.6296296296296297,-0.4407407407407407,-0.13541402847405723
-0.5925925925925926,-0.4407407407407407,-0.14033167562322946
-0.5555555555555556,-0.4407407407407407,-0.16061088091758402
-0.5185185185185186,-0.4407407407407407,-0.15043844223823014
-0.4814814814814815,-0.4407407407407407,-0.17146996787567315
-0.4444444444444444,-0.4407407407407407,-0.16736666941121064
-0.40740740740740744,-0.4407407407407407,-0.14189356932028468
-0.37037037037037046,-0.4407407407407407,-0.11752806255324173
-0.33333333333333337,-0.4407407407407407,-0.13202500227951144
-0.2962962962962963,-0.4407407407407407,-0.09294215001507039
-0.2592592592592593,-0.4407407407407407,-0.0465254862546576
-0.22222222222222232,-0.4407407407407407,-0.04854184094974587
-0.18518518518518523,-0.4407407407407407,-0.021583111133629474
-0.14814814814814814,-0.4407407407407407,-0.004617118543636791
-0.11111111111111116,-0.4407407407407407,-0.0010869166947579598
-0.07407407407407418,-0.4407407407407407,0.05285703591487328
-0.03703703703703709,-0.4407407407407407,0.0919637945880019
0.0,-0.4407407407407407,0.1056890421982988
0.03703703703703698,-0.4407407407407407,0.15556756729854088
0.07407407407407396,-0.4407407407407407,0.17027015537615128
0.11111111111111116,-0.4407407407407407,0.2197845605963074
0.14814814814814814,-0.4407407407407407,0.23134220251208432
0.18518518518518512,-0.4407407407407407,0.2522395719322731
0.2222222222222221,-0.4407407407407407,0.26901636825670716
0.2592592592592591,-0.4407407407407407,0.2707834275987697
0.2962962962962963,-0.4407407407407407,0.3022494986815452
0.33333333333333326,-0.4407407407407407,0.2628989198479061
0.37037037037037024,-0.4407407407407407,0.26376549224056095
0.40740740740740744,-0.4407407407407407,0.2679173151689804
0.4444444444444444,-0.4407407407407407,0.2598304606945724
0.4814814814814814,-0.4407407407407407,0.22413013275045493
0.5185185185185184,-0.4407407407407407,0.2425945317662344
0.5555555555555554,-0.4407407407407407,0.2069932073058866
0.5925925925925926,-0.4407407407407407,0.20062616965461363
0.6296296296296295,-0.4407407407407407,0.16296510705843212
0.6666666666666665,-0.4407407407407407,0.1445801246054192
0.7037037037037037,-0.4407407407407407,0.1374432809522367
0.7407407407407407,-0.4407407407407407,0.10861337504806251
0.7777777777777777,-0.4407407407407407,0.08847795244824053
0.8148148148148147,-0.4407407407407407,0.08748597637028539
0.8518518518518516,-0.4407407407407407,0.0807561924055156
0.8888888888888888,-0.4407407407407407,0.053466533493953694
0.9259259259259258,-0.4407407407407407,0.05256374442710931
0.9629629629629628,-0.4407407407407407,0.02527177722954791
1.0,-0.4407407407407407,0.0353726472772447
-1.0,-0.4148148148148148,0.007566785156560965
-0.962962962962963,-0.4148148148148148,0.005583254223316443
-0.9259259259259259,-0.4148148148148148,-0.03397824371955416
-0.8888888888888888,-0.4148148148148148,-0.03445603411274922
-0.8518518518518519,-0.4148148148148148,-0.0424761616565611
-0.8148148148148149,-0.4148148148148148,-0.07389148077166227
-0.7777777777777778,-0.4148148148148148,-0.1174221318802853
-0.7407407407407407,-0.4148148148148148,-0.08816922292426081
-0.7037037037037037,-0.4148148148148148,-0.1347227224047582
-0.6666666666666667,-0.4148148148148148,-0.1717632971387245
-0.6296296296296297,-0.4148148148148148,-0.12379440507117483
-0.5925925925925926,-0.4148148148148148,-0.17017413188882946
-0.5555555555555556,-0.4148148148148148,-0.15795765688977753
-0.5185185185185186,-0.4148148148148148,-0.16851655246462863
-0.4814814814814815,-0.4148148148148148,-0.14485001208354037
-0.4444444444444444,-0.4148148148148148,-0.1466287471592259
-0.40740740740740744,-0.4148148148148148,-0.1896413016614609
-0.37037037037037046,-0.4148148148148148,-0.14674121120870137
-0.33333333333333337,-0.4148148148148148,-0.15460002375854814
-0.2962962962962963,-0.4148148148148148,-0.12141038417938042
-0.2592592592592593,-0.4148148148148148,-0.10056184798024295
-0.22222222222222232,-0.4148148148148148,-0.07400559800687734
-0.18518518518518523,-0.4148148148148148,-0.06006283531023378
-0.14814814814814814,-0.4148148148148148,-0.00018807634659520622
-0.11111111111111116,-0.4148148148148148,0.03696647760050937
-0.07407407407407418,-0.4148148148148148,0.07254158537236653
-0.03703703703703709,-0.4148148148148148,0.12499770096134194
0.0,-0.4148148148148148,0.13032667351389046
0.03703703703703698,-0.4148148148148148,0.15431198196771576
0.07407407407407396,-0.4148148148148148,0.20174377366181914
0.11111111111111116,-0.4148148148148148,0.1921767536235202
0.14814814814814814,-0.4148148148148148,0.25185530559407043
0.18518518518518512,-0.4148148148148148,0.2591308521681498
0.2222222222222221,-0.4148148148148148,0.2773064835507585
0.2592592592592591,-0.4148148148148148,0.28624977749212605
0.2962962962962963,-0.4148148148148148,0.2938132322135043
0.33333333333333326,-0.4148148148148148,0.3171642634642638
0.37037037037037024,-0.4148148148148148,0.28422749239652473
0.40740740740740744,-0.4148148148148148,0.2864056959550624
0.4444444444444444,-0.4148148148148148,0.28997060465013286
0.4814814814814814,-0.4148148148148148,0.26937732366315364
0.5185185185185184,-0.4148148148148148,0.27480475686340206
0.5555555555555554,-0.4148148148148148,0.2362173982670677
0.5925925925925926,-0.4148148148148148,0.24341271447662022
0.6296296296296295,-0.4148148148148148,0.20431765293344947
0.6666666666666665,-0.4148148148148148,0.15420003516477526
0.7037037037037037,-0.4148148148148148,0.14610796917594238
0.7407407407407407,-0.4148148148148148,0.15128721778942592
0.7777777777777777,-0.4148148148148148,0.08944323058350234
0.8148148148148147,-0.4148148148148148,0.07744258447412958
0.8518518518518516,-0.4148148148148148,0.0488471127109324
0.8888888888888888,-0.4148148148148148,0.06075506947326784
0.9259259259259258,-0.4148148148148148,0.0644541450471568
0.9629629629629628,-0.4148148148148148,0.056740570672147245
1.0,-0.4148148148148148,0.02858388554097205
-1.0,-0.38888888888888884,0.0195832876361578
-0.962962962962963,-0.38888888888888884,0.02040608207810048
-0.9259259259259259,-0.38888888888888884,-0.008485632225530462
-0.8888888888888888,-0.38888888888888884,-0.017078727349277206
-0.8518518518518519,-0.38888888888888884,-0.048275601709631556
-0.8148148148148149,-0.38888888888888884,-0.056117336981825416
-0.7777777777777778,-0.38888888888888884,-0.10406872165692617
-0.7407407407407407,-0.38888888888888884,-0.11523635499330138
-0.7037037037037037,-0.38888888888888884,-0.13662465766895934
-0.6666666666666667,-0.38888888888888884,-0.15880461508184987
-0.6296296296296297,-0.38888888888888884,-0.16047269191299118
-0.5925925925925926,-0.38888888888888884,-0.20504931387228398
-0.5555555555555556,-0.38888888888888884,-0.21159528232141564
-0.5185185185185186,-0.38888888888888884,-0.2321788354992299
-0.4814814814814815,-0.38888888888888884,-0.19658487564195548
-0.4444444444444444,-0.38888888888888884,-0.18334517578442003
-0.40740740740740744,-0.38888888888888884,-0.18227436752844609
-0.37037037037037046,-0.38888888888888884,-0.1536269028371444
-0.33333333333333337,-0.38888888888888884,-0.15967903502199143
-0.2962962962962963,-0.38888888888888884,-0.1543236934127544
-0.2592592592592593,-0.38888888888888884,-0.11055231640897803
-0.22222222222222232,-0.38888888888888884,-0.08338556346568056
-0.18518518518518523,-0.38888888888888884,-0.050197881616775734
-0.14814814814814814,-0.38888888888888884,-0.00016450443499084304
-0.11111111111111116,-0.38888888888888884,0.009721060649476426
-0.07407407407407418,-0.38888888888888884,0.05099511916763636
-0.03703703703703709,-0.38888888888888884,0.10325279755166233
0.0,-0.38888888888888884,0.1627488656252438
0.03703703703703698,-0.38888888888888884,0.17300880218305698
0.07407407407407396,-0.38888888888888884,0.24128585784729611
0.11111111111111116,-0.38888888888888884,0.27562825526036294
0.14814814814814814,-0.38888888888888884,0.27930426691628246
0.18518518518518512,-0.38888888888888884,0.30038262112772074
0.2222222222222221,-0.38888888888888884,0.3276746981241141
0.2592592592592591,-0.38888888888888884,0.3194459627070712
0.2962962962962963,-0.38888888888888884,0.37308757397853787
0.33333333333333326,-0.38888888888888884,0.3546934042477339
0.37037037037037024,-0.38888888888888884,0.3646698908863215
0.40740740740740744,-0.38888888888888884,0.33000561602390444
0.4444444444444444,-0.38888888888888884,0.3289774577670653
0.4814814814814814,-0.38888888888888884,0.3065857919030455
0.5185185185185184,-0.38888888888888884,0.3128037663824753
0.5555555555555554,-0.38888888888888884,0.25031094829590694
0.5925925925925926,-0.38888888888888884,0.2603162887144208
0.6296296296296295,-0.38888888888888884,0.21841435824104666
0.6666666666666665,-0.38888888888888884,0.19269117106277622
0.7037037037037037,-0.38888888888888884,0.14341955093040484
0.7407407407407407,-0.38888888888888884,0.14431782541605723
0.7777777777777777,-0.38888888888888884,0.11899060412627827
0.8148148148148147,-0.38888888888888884,0.11424079323464362
0.8518518518518516,-0.38888888888888884,0.0807637644522924
0.8888888888888888,-0.38888888888888884,0.06321942267671773
0.9259259259259258,-0.38888888888888884,0.07256886399689202
0.9629629629629628,-0.38888888888888884,0.05072044148973625
1.0,-0.38888888888888884,0.030941365902404663
-1.0,-0.36296296296296293,0.06862169622716337
-0.962962962962963,-0.36296296296296293,0.04840361531395578
-0.9259259259259259,-0.36296296296296293,0.012105527816350556
-0.8888888888888888,-0.36296296296296293,-0.012929894750502359
-0.8518518518518519,-0.36296296296296293,-0.015368532063665556
-0.8148148148148149,-0.36296296296296293,-0.06488028985681872
-0.7777777777777778,-0.36296296296296293,-0.122033331738371
-0.7407407407407407,-0.36296296296296293,-0.1019246772830084
-0.7037037037037037,-0.36296296296296293,-0.11781341119186028
-0.6666666666666667,-0.36296296296296293,-0.1431310133931537
-0.6296296296296297,-0.36296296296296293,-0.16297488553686532
-0.5925925925925926,-0.36296296296296293,-0.22295034332770378
-0.5555555555555556,-0.36296296296296293,-0.2183714757570837
-0.5185185185185186,-0.36296296296296293,-0.21209123205464203
-0.4814814814814815,-0.36296296296296293,-0.21496419228208974
-0.4444444444444444,-0.36296296296296293,-0.21684212530136884
-0.40740740740740744,-0.36296296296296293,-0.22953999453105803
-0.37037037037037046,-0.36296296296296293,-0.2093326446125513
-0.33333333333333337,-0.36296296296296293,-0.18786552875856502
-0.2962962962962963,-0.36296296296296293,-0.14626256485804934
-0.2592592592592593,-0.36296296296296293,-0.10112178171577482
-0.22222222222222232,-0.36296296296296293,-0.12376866076689694
-0.18518518518518523,-0.36296296296296293,-0.06253564309172902
-0.14814814814814814,-0.36296296296296293,-0.03717715404991011
-0.11111111111111116,-0.36296296296296293,0.03401283482313439
-0.07407407407407418,-0.36296296296296293,0.06866861055143068
-0.03703703703703709,-0.36296296296296293,0.1178363550379175
0.0,-0.36296296296296293,0.15818281755344743
0.03703703703703698,-0.36296296296296293,0.19100418780838443
0.07407407407407396,-0.36296296296296293,0.23210620628785866
0.11111111111111116,-0.36296296296296293,0.27613985006855746
0.14814814814814814,-0.36296296296296293,0.32743630303978727
0.18518518518518512,-0.36296296296296293,0.37102373367759117
0.2222222222222221,-0.36296296296296293,0.37878973362444596
0.2592592592592591,-0.36296296296296293,0.37564300685513463
0.2962962962962963,-0.36296296296296293,0.4111117494062502
0.33333333333333326,-0.36296296296296293,0.3951610691534028
0.37037037037037024,-0.36296296296296293,0.3868792494334638
0.40740740740740744,-0.36296296296296293,0.3775254987025351
0.4444444444444444,-0.36296296296296293,0.34776182838663505
0.4814814814814814,-0.36296296296296293,0.32087007080983193
0.5185185185185184,-0.36296296296296293,0.3096652004413698
0.5555555555555554,-0.36296296296296293,0.29212169675932026
0.5925925925925926,-0.36296296296296293,0.27130984446692596
0.6296296296296295,-0.36296296296296293,0.22311403794254908
0.6666666666666665,-0.36296296296296293,0.21112334291640739
0.7037037037037037,-0.36296296296296293,0.16121148668859148
0.7407407407407407,-0.36296296296296293,0.181273760296778
0.7777777777777777,-0.36296296296296293,0.130298905982562
0.8148148148148147,-0.36296296296296293,0.10152314126523145
0.8518518518518516,-0.36296296296296293,0.10733918552404355
0.8888888888888888,-0.36296296296296293,0.08072175591389731
0.9259259259259258,-0.36296296296296293,0.04985139698768879
0.9629629629629628,-0.36296296296296293,0.07782132543655185
1.0,-0.36296296296296293,0.029040487273659914
-1.0,-0.337037037037037,0.0957637968879819
-0.962962962962963,-0.337037037037037,0.0545518654229631
-0.9259259259259259,-0.337037037037037,0.046775641333847304
-0.8888888888888888,-0.337037037037037,0.018215297607388985
-0.8518518518518519,-0.337037037037037,-0.0326957846160392
-0.8148148148148149,-0.337037037037037,-0.06246299309537265
-0.7777777777777778,-0.337037037037037,-0.06354546714100404
-0.7407407407407407,-0.337037037037037,-0.10543392907592102
-0.7037037037037037,-0.337037037037037,-0.12225361630883211
-0.6666666666666667,-0.337037037037037,-0.15543988085266952
-0.6296296296296297,-0.337037037037037,-0.16647023697161778
-0.5925925925925926,-0.337037037037037,-0.1926901222756211
-0.5555555555555556,-0.337037037037037,-0.22386611433182296
-0.5185185185185186,-0.337037037037037,-0.20423048154746826
-0.4814814814814815,-0.337037037037037,-0.23382059477408076
-0.4444444444444444,-0.337037037037037,-0.231972967842285
-0.40740740740740744,-0.337037037037037,-0.2241159997736297
-0.37037037037037046,-0.337037037037037,-0.19855918406826084
-0.33333333333333337,-0.337037037037037,-0.21054477874855038
-0.2962962962962963,-0.337037037037037,-0.17478346742695142
-0.2592592592592593,-0.337037037037037,-0.14768541667261328
-0.22222222222222232,-0.337037037037037,-0.11447711380344516
-0.18518518518518523,-0.337037037037037,-0.08643368556305553
-0.14814814814814814,-0.337037037037037,-0.06675091128973355
-0.11111111111111116,-0.337037037037037,0.009820599046224308
-0.07407407407407418,-0.337037037037037,0.08514773847324977
-0.03703703703703709,-0.337037037037037,0.11992222939071759
0.0,-0.337037037037037,0.16572319934820207
0.03703703703703698,-0.337037037037037,0.2180115568285027
0.07407407407407396,-0.337037037037037,0.2798846515923013
0.11111111111111116,-0.337037037037037,0.30717374958307303
0.14814814814814814,-0.337037037037037,0.34161111336035943
0.18518518518518512,-0.337037037037037,0.3844423831455337
0.2222222222222221,-0.337037037037037,0.41706189350649536
0.2592592592592591,-0.337037037037037,0.4241916060317156
0.2962962962962963,-0.337037037037037,0.4316228954757022
0.33333333333333326,-0.337037037037037,0.4065889773663251
0.37037037037037024,-0.337037037037037,0.40306629733071436
0.40740740740740744,-0.337037037037037,0.41695155816176543
0.4444444444444444,-0.337037037037037,0.3919283823174828
0.4814814814814814,-0.337037037037037,0.3710223884485142
0.5185185185185184,-0.337037037037037,0.3579573320323077
0.5555555555555554,-0.337037037037037,0.33743544160626215
0.5925925925925926,-0.337037037037037,0.3391972966140213
0.6296296296296295,-0.337037037037037,0.2541055113250268
0.6666666666666665,-0.337037037037037,0.2404493713719509
0.7037037037037037,-0.337037037037037,0.24266540653415816
0.7407407407407407,-0.337037037037037,0.16891009919259561
0.7777777777777777,-0.337037037037037,0.16264796565450337
0.8148148148148147,-0.337037037037037,0.11416876012335031
0.8518518518518516,-0.337037037037037,0.12655228028834475
0.8888888888888888,-0.337037037037037,0.07863334956360468
0.9259259259259258,-0.337037037037037,0.08151573000333762
0.9629629629629628,-0.337037037037037,0.07042413127874152
1.0,-0.337037037037037,0.03982964820051518
-1.0,-0.31111111111111106,0.0884388960194713
-0.962962962962963,-0.31111111111111106,0.07149595947281262
-0.9259259259259259,-0.31111111111111106,0.057847078333876915
-0.8888888888888888,-0.31111111111111106,0.03400429744708372
-0.8518518518518519,-0.31111111111111106,0.0066027953720290185
-0.8148148148148149,-0.31111111111111106,-0.04941492385786771
-0.7777777777777778,-0.31111111111111106,-0.04781706705440965
-0.7407407407407407,-0.31111111111111106,-0.0920298000528255
-0.7037037037037037,-0.31111111111111106,-0.12916685076039863
-0.6666666666666667,-0.31111111111111106,-0.16645303387515487
-0.6296296296296297,-0.31111111111111106,-0.19732401849765477
-0.5925925925925926,-0.31111111111111106,-0.2373904494155269
-0.5555555555555556,-0.31111111111111106,-0.23169700295695234
-0.5185185185185186,-0.31111111111111106,-0.23815920755373515
-0.4814814814814815,-0.31111111111111106,-0.22248709502687325
-0.4444444444444444,-0.31111111111111106,-0.236080259106057
-0.40740740740740744,-0.31111111111111106,-0.2600277972296268
-0.37037037037037046,-0.31111111111111106,-0.22234133836817074
-0.33333333333333337,-0.31111111111111106,-0.22981703894559688
-0.2962962962962963,-0.31111111111111106,-0.15830121707092526
-0.2592592592592593,-0.31111111111111106,-0.11899892151664493
-0.22222222222222232,-0.31111111111111106,-0.11411190812355168
-0.18518518518518523,-0.31111111111111106,-0.08416075369072752
-0.14814814814814814,-0.31111111111111106,-0.00796233559256566
-0.11111111111111116,-0.31111111111111106,0.030185820162975413
-0.07407407407407418,-0.31111111111111106,0.08596099160531256
-0.03703703703703709,-0.31111111111111106,0.1376160999125864
0.0,-0.31111111111111106,0.17909163126453825
0.03703703703703698,-0.31111111111111106,0.252205204414686
0.07407407407407396,-0.31111111111111106,0.31149218296481346
0.11111111111111116,-0.31111111111111106,0.34272637227275915
0.14814814814814814,-0.31111111111111106,0.375334851713436
0.18518518518518512,-0.31111111111111106,0.4089107184865306
0.2222222222222221,-0.31111111111111106,0.45168649262589033
0.2592592592592591,-0.31111111111111106,0.4750582241550478
0.2962962962962963,-0.31111111111111106,0.4668791050444735
0.33333333333333326,-0.31111111111111106,0.4558691525786445
0.37037037037037024,-0.31111111111111106,0.47534177087294116
0.40740740740740744,-0.31111111111111106,0.4533212428897446
0.4444444444444444,-0.31111111111111106,0.4432217333950606
0.4814814814814814,-0.31111111111111106,0.4462133974962885
0.5185185185185184,-0.31111111111111106,0.41069531911613893
0.5555555555555554,-0.31111111111111106,0.33155450850010404
0.5925925925925926,-0.31111111111111106,0.3145727502040966
0.6296296296296295,-0.31111111111111106,0.2956720734788082
0.6666666666666665,-0.31111111111111106,0.23708694647684692
0.7037037037037037,-0.31111111111111106,0.20052202080684167
0.7407407407407407,-0.31111111111111106,0.19274531700145336
0.7777777777777777,-0.31111111111111106,0.16264773016061937
0.8148148148148147,-0.31111111111111106,0.13839770726175846
0.8518518518518516,-0.31111111111111106,0.12302706737246691
0.8888888888888888,-0.31111111111111106,0.08762206210974594
0.9259259259259258,-0.31111111111111106,0.07624133915968292
0.9629629629629628,-0.31111111111111106,0.061357885336141754
1.0,-0.31111111111111106,0.06510280407681195
-1.0,-0.28518518518518515,0.09195662208789068
-0.962962962962963,-0.28518518518518515,0.10341870759492285
-0.9259259259259259,-0.28518518518518515,0.042157163380464185
-0.8888888888888888,-0.28518518518518515,0.018455043688564064
-0.8518518518518519,-0.28518518518518515,0.014659597504798498
-0.8148148148148149,-0.28518518518518515,-0.017101807532443506
-0.7777777777777778,-0.28518518518518515,-0.05049543506743284
-0.7407407407407407,-0.28518518518518515,-0.08908286736675458
-0.7037037037037037,-0.28518518518518515,-0.11912104882879061
-0.6666666666666667,-0.28518518518518515,-0.16166429242476424
-0.6296296296296297,-0.28518518518518515,-0.1758580784158185
-0.5925925925925926,-0.28518518518518515,-0.18326152519981917
-0.5555555555555556,-0.28518518518518515,-0.25471152279159115
-0.5185185185185186,-0.28518518518518515,-0.243662792812599
-0.4814814814814815,-0.28518518518518515,-0.2610506076443996
-0.4444444444444444,-0.28518518518518515,-0.27696886372663637
-0.40740740740740744,-0.28518518518518515,-0.2552401645696002
-0.37037037037037046,-0.28518518518518515,-0.24221909402110053
-0.33333333333333337,-0.28518518518518515,-0.26364312454826483
-0.2962962962962963,-0.28518518518518515,-0.2304453734530375
-0.2592592592592593,-0.28518518518518515,-0.16457252994240007
-0.22222222222222232,-0.28518518518518515,-0.12762184509759766
-0.18518518518518523,-0.28518518518518515,-0.05752960740477456
-0.14814814814814814,-0.28518518518518515,-0.03294574833441158
-0.11111111111111116,-0.28518518518518515,0.046411457437727954
-0.07407407407407418,-0.28518518518518515,0.08075501364742416
-0.03703703703703709,-0.28518518518518515,0.12953936027156865
0.0,-0.28518518518518515,0.20999255201867484
0.03703703703703698,-0.28518518518518515,0.25921740849962266
0.07407407407407396,-0.28518518518518515,0.31782402414803373
0.11111111111111116,-0.28518518518518515,0.33241305774553875
0.14814814814814814,-0.28518518518518515,0.4193225564627324
0.18518518518518512,-0.28518518518518515,0.4487152481049906
0.2222222222222221,-0.28518518518518515,0.48310405351054825
0.2592592592592591,-0.28518518518518515,0.5064857924407417
0.2962962962962963,-0.28518518518518515,0.536918468073102
0.33333333333333326,-0.28518518518518515,0.514520619855251
0.37037037037037024,-0.28518518518518515,0.5086846008019922
0.40740740740740744,-0.28518518518518515,0.5122556904246289
0.4444444444444444,-0.28518518518518515,0.49567029883647107
0.4814814814814814,-0.28518518518518515,0.45893389964432235
0.5185185185185184,-0.28518518518518515,0.42024389706975135
0.5555555555555554,-0.28518518518518515,0.38467577628565597
0.5925925925925926,-0.28518518518518515,0.3473597463087709
0.6296296296296295,-0.28518518518518515,0.31026266227218596
0.6666666666666665,-0.28518518518518515,0.2972492908414231
0.7037037037037037,-0.28518518518518515,0.2422044572485517
0.7407407407407407,-0.28518518518518515,0.22506208445550993
0.7777777777777777,-0.28518518518518515,0.17280038691241018
0.8148148148148147,-0.28518518518518515,0.1702307766629282
0.8518518518518516,-0.28518518518518515,0.1291487155914533
0.8888888888888888,-0.28518518518518515,0.12760085228694848
0.9259259259259258,-0.28518518518518515,0.09624361405376931
0.9629629629629628,-0.28518518518518515,0.07589403852166865
1.0,-0.28518518518518515,0.04682837070842087
-1.0,-0.25925925925925924,0.11662436442310575
-0.962962962962963,-0.25925925925925924,0.09781881833223882
-0.9259259259259259,-0.25925925925925924,0.07571963703742296
-0.8888888888888888,-0.25925925925925924,0.04092901565037086
-0.8518518518518519,-0.25925925925925924,0.03081395975938009
-0.8148148148148149,-0.25925925925925924,0.0005188466159229792
-0.7777777777777778,-0.25925925925925924,-0.04474743513417595
-0.7407407407407407,-0.25925925925925924,-0.04983049343779622
-0.7037037037037037,-0.25925925925925924,-0.10617467481030594
-0.6666666666666667,-0.25925925925925924,-0.15894569432530398
-0.6296296296296297,-0.25925925925925924,-0.170194384855425
-0.5925925925925926,-0.25925925925925924,-0.19182037965759954
-0.5555555555555556,-0.25925925925925924,-0.2201783836968988
-0.5185185185185186,-0.25925925925925924,-0.22868169491088564
-0.4814814814814815,-0.25925925925925924,-0.2578665014977516
-0.4444444444444444,-0.25925925925925924,-0.25145686266314426
-0.40740740740740744,-0.25925925925925924,-0.24871672516650328
-0.37037037037037046,-0.25925925925925924,-0.2323408237464945
-0.33333333333333337,-0.25925925925925924,-0.22682897308259356
-0.2962962962962963,-0.25925925925925924,-0.20377617079437346
-0.2592592592592593,-0.25925925925925924,-0.16091131199646724
-0.22222222222222232,-0.25925925925925924,-0.11425751709235894
-0.18518518518518523,-0.25925925925925924,-0.0747209275492835
-0.14814814814814814,-0.25925925925925924,-0.01933423953361272
-0.11111111111111116,-0.25925925925925924,0.0238693879179881
-0.07407407407407418,-0.25925925925925924,0.1251118782312364
-0.03703703703703709,-0.25925925925925924,0.15151305565984263
0.0,-0.25925925925925924,0.26962111798868404
0.03703703703703698,-0.25925925925925924,0.28962174696057635
0.07407407407407396,-0.25925925925925924,0.3704099598943446
0.11111111111111116,-0.25925925925925924,0.39749327446422766
0.14814814814814814,-0.25925925925925924,0.45823987987719544
0.18518518518518512,-0.25925925925925924,0.49316016765197795
0.2222222222222221,-0.25925925925925924,0.5167482056884573
0.2592592592592591,-0.25925925925925924,0.5252622092400625
0.2962962962962963,-0.25925925925925924,0.5490792790908695
0.33333333333333326,-0.25925925925925924,0.5383158825073625
0.37037037037037024,-0.25925925925925924,0.5754127284855193
0.40740740740740744,-0.25925925925925924,0.5257645621091251
0.4444444444444444,-0.25925925925925924,0.5451185234171102
0.4814814814814814,-0.25925925925925924,0.48900136975953423
0.5185185185185184,-0.25925925925925924,0.4342143016562369
0.5555555555555554,-0.25925925925925924,0.45314494442868214
0.5925925925925926,-0.25925925925925924,0.40309623539815626
0.6296296296296295,-0.25925925925925924,0.34208666162145607
0.6666666666666665,-0.25925925925925924,0.30034893018151476
0.7037037037037037,-0.25925925925925924,0.2615412117817848
0.7407407407407407,-0.25925925925925924,0.249868570570269
0.7777777777777777,-0.25925925925925924,0.1801789300924188
0.8148148148148147,-0.25925925925925924,0.16156281529289582
0.8518518518518516,-0.25925925925925924,0.1565477173487568
0.8888888888888888,-0.25925925925925924,0.14565086476189593
0.9259259259259258,-0.25925925925925924,0.08572615110168816
0.9629629629629628,-0.25925925925925924,0.0689980716329299
1.0,-0.25925925925925924,0.04950447790843334
-1.0,-0.23333333333333328,0.1277983079757808
-0.962962962962963,-0.23333333333333328,0.08438455277408258
-0.9259259259259259,-0.23333333333333328,0.07177072641806913
-0.8888888888888888,-0.23333333333333328,0.05832076372737275
-0.8518518518518519,-0.23333333333333328,0.03458750691161402
-0.8148148148148149,-0.23333333333333328,0.008197941857528803
-0.7777777777777778,-0.23333333333333328,-0.04580915270205006
-0.7407407407407407,-0.23333333333333328,-0.06308113450695017
-0.7037037037037037,-0.23333333333333328,-0.0909029836853186
-0.6666666666666667,-0.23333333333333328,-0.11449569813291138
-0.6296296296296297,-0.23333333333333328,-0.13370299681151737
-0.5925925925925926,-0.23333333333333328,-0.16749506583324797
-0.5555555555555556,-0.23333333333333328,-0.21455143609619973
-0.5185185185185186,-0.23333333333333328,-0.21782619220106406
-0.4814814814814815,-0.23333333333333328,-0.24917526159566977
-0.4444444444444444,-0.23333333333333328,-0.217211982699217
-0.40740740740740744,-0.23333333333333328,-0.23883396908138085
-0.37037037037037046,-0.23333333333333328,-0.22817966516183708
-0.33333333333333337,-0.23333333333333328,-0.20311884554133147
-0.2962962962962963,-0.23333333333333328,-0.189141869001618
-0.2592592592592593,-0.23333333333333328,-0.1358105191654213
-0.22222222222222232,-0.23333333333333328,-0.09273641063277654
-0.18518518518518523,-0.23333333333333328,-0.05020461081316631
-0.14814814814814814,-0.23333333333333328,0.002924860263462962
-0.11111111111111116,-0.23333333333333328,0.014322168966892958
-0.07407407407407418,-0.23333333333333328,0.1216137429165836
-0.03703703703703709,-0.23333333333333328,0.20187502723773265
0.0,-0.23333333333333328,0.26473190338989494
0.03703703703703698,-0.23333333333333328,0.2727594880673436
0.07407407407407396,-0.23333333333333328,0.39595277957524366
0.11111111111111116,-0.23333333333333328,0.45630532684246516
0.14814814814814814,-0.23333333333333328,0.4808557036977518
0.18518518518518512,-0.23333333333333328,0.5183997854575203
0.2222222222222221,-0.23333333333333328,0.5655227366895289
0.2592592592592591,-0.23333333333333328,0.5713522102620855
0.2962962962962963,-0.23333333333333328,0.5835912119352981
0.33333333333333326,-0.23333333333333328,0.5819123990357185
0.37037037037037024,-0.23333333333333328,0.6141961596812353
0.40740740740740744,-0.23333333333333328,0.5809158531958116
0.4444444444444444,-0.23333333333333328,0.5475862250946293
0.4814814814814814,-0.23333333333333328,0.510596898770422
0.5185185185185184,-0.23333333333333328,0.5020936969186247
0.5555555555555554,-0.23333333333333328,0.4480174056696964
0.5925925925925926,-0.23333333333333328,0.4088336452760835
0.6296296296296295,-0.23333333333333328,0.3694986279164934
0.6666666666666665,-0.23333333333333328,0.32403218956893065
0.7037037037037037,-0.23333333333333328,0.29454040003315896
0.7407407407407407,-0.23333333333333328,0.2657365452428679
0.7777777777777777,-0.23333333333333328,0.19385015136244826
0.8148148148148147,-0.23333333333333328,0.16553734773836537
0.8518518518518516,-0.23333333333333328,0.15627038494485018
0.8888888888888888,-0.23333333333333328,0.11022606308523014
0.9259259259259258,-0.23333333333333328,0.09953516261928605
0.9629629629629628,-0.23333333333333328,0.10210357609750738
1.0,-0.23333333333333328,0.0716369340890247
-1.0,-0.20740740740740737,0.10742456715169064
-0.962962962962963,-0.20740740740740737,0.09422434511000632
-0.9259259259259259,-0.20740740740740737,0.07609873709321428
-0.8888888888888888,-0.20740740740740737,0.0435431574485917
-0.8518518518518519,-0.20740740740740737,0.039285830892630366
-0.8148148148148149,-0.20740740740740737,-0.01729539843063086
-0.7777777777777778,-0.20740740740740737,-0.04428071944230559
-0.7407407407407407,-0.20740740740740737,-0.05437561474144586
-0.7037037037037037,-0.20740740740740737,-0.10443736956600093
-0.6666666666666667,-0.20740740740740737,-0.11818497602223924
-0.6296296296296297,-0.20740740740740737,-0.1539897421676581
-0.5925925925925926,-0.20740740740740737,-0.15496363194777465
-0.5555555555555556,-0.20740740740740737,-0.18263951270874138
-0.5185185185185186,-0.20740740740740737,-0.19106490740708817
-0.4814814814814815,-0.20740740740740737,-0.22543911166356143
-0.4444444444444444,-0.20740740740740737,-0.2487147261041768
-0.40740740740740744,-0.20740740740740737,-0.2015999600313229
-0.37037037037037046,-0.20740740740740737,-0.18432382835200506
-0.33333333333333337,-0.20740740740740737,-0.20144567780268188
-0.2962962962962963,-0.20740740740740737,-0.17782334602677674
-0.2592592592592593,-0.20740740740740737,-0.15222497564711107
-0.22222222222222232,-0.20740740740740737,-0.06383183073786704
-0.18518518518518523,-0.20740740740740737,-0.04829644297282905
-0.14814814814814814,-0.20740740740740737,0.03181885721064583
-0.11111111111111116,-0.20740740740740737,0.09494278960974782
-0.07407407407407418,-0.20740740740740737,0.1494121474867206
-0.03703703703703709,-0.20740740740740737,0.22342490586923094
0.0,-0.20740740740740737,0.28833885808266124
0.03703703703703698,-0.20740740740740737,0.3743345230171405
0.07407407407407396,-0.20740740740740737,0.44679935113735164
0.11111111111111116,-0.20740740740740737,0.5037207131207839
0.14814814814814814,-0.20740740740740737,0.5129625917579678
0.18518518518518512,-0.20740740740740737,0.5582479560617729
0.2222222222222221,-0.20740740740740737,0.602593637593495
0.2592592592592591,-0.20740740740740737,0.6388344964949438
0.2962962962962963,-0.20740740740740737,0.6562820734047106
0.33333333333333326,-0.20740740740740737,0.6161319988349785
0.37037037037037024,-0.20740740740740737,0.6413794641339478
0.40740740740740744,-0.20740740740740737,0.635523781316768
0.4444444444444444,-0.20740740740740737,0.598123059993186
0.4814814814814814,-0.20740740740740737,0.5641480929761884
0.5185185185185184,-0.20740740740740737,0.5012895736777644
0.5555555555555554,-0.20740740740740737,0.5092322106865024
0.5925925925925926,-0.20740740740740737,0.4509327633321753
0.6296296296296295,-0.20740740740740737,0.3928236838381341
0.6666666666666665,-0.20740740740740737,0.3460324444501839
0.7037037037037037,-0.20740740740740737,0.32204213082088273
0.7407407407407407,-0.20740740740740737,0.28662436776313294
0.7777777777777777,-0.20740740740740737,0.22596668194473124
0.8148148148148147,-0.20740740740740737,0.17339149424152095
0.8518518518518516,-0.20740740740740737,0.1689059474452918
0.8888888888888888,-0.20740740740740737,0.12220808675457731
0.9259259259259258,-0.20740740740740737,0.10602181297659259
0.9629629629629628,-0.20740740740740737,0.0825832997938566
1.0,-0.20740740740740737,0.05241227536339008
-1.0,-0.18148148148148147,0.07990631975682497
-0.962962962962963,-0.18148148148148147,0.03050446669498555
-0.9259259259259259,-0.18148148148148147,0.05535998340396261
-0.8888888888888888,-0.18148148148148147,0.004539036094847975
-0.8518518518518519,-0.18148148148148147,-0.005441795953939979
-0.8148148148148149,-0.18148148148148147,-0.023575597085776043
-0.7777777777777778,-0.18148148148148147,-0.04043721035862736
-0.7407407407407407,-0.18148148148148147,-0.08577390398873748
-0.7037037037037037,-0.18148148148148147,-0.06825134106574213
-0.6666666666666667,-0.18148148148148147,-0.12196568762164596
-0.6296296296296297,-0.18148148148148147,-0.11770898738750052
-0.5925925925925926,-0.18148148148148147,-0.14991790329463325
-0.5555555555555556,-0.18148148148148147,-0.18041444462402184
-0.5185185185185186,-0.18148148148148147,-0.20431338373729477
-0.4814814814814815,-0.18148148148148147,-0.194280795660394
-0.4444444444444444,-0.18148148148148147,-0.19616548658974078
-0.40740740740740744,-0.18148148148148147,-0.20875112241635843
-0.37037037037037046,-0.18148148148148147,-0.18576431907754226
-0.33333333333333337,-0.18148148148148147,-0.15236746963625591
-0.2962962962962963,-0.18148148148148147,-0.11656276154038314
-0.2592592592592593,-0.18148148148148147,-0.09599406925369357
-0.22222222222222232,-0.18148148148148147,-0.050677891169079906
-0.18518518518518523,-0.18148148148148147,-0.006701199515543465
-0.14814814814814814,-0.18148148148148147,0.046727900480650494
-0.11111111111111116,-0.18148148148148147,0.14424490368389825
-0.07407407407407418,-0.18148148148148147,0.20239717700667864
-0.03703703703703709,-0.18148148148148147,0.2655964926438502
0.0,-0.18148148148148147,0.3585097328366379
0.03703703703703698,-0.18148148148148147,0.4220150459943475
0.07407407407407396,-0.18148148148148147,0.44857657188886835
0.11111111111111116,-0.18148148148148147,0.498147116894713
0.14814814814814814,-0.18148148148148147,0.5854200912648119
0.18518518518518512,-0.18148148148148147,0.6185256825030987
0.2222222222222221,-0.18148148148148147,0.6736614932010974
0.2592592592592591,-0.18148148148148147,0.6642738293194933
0.2962962962962963,-0.18148148148148147,0.7033751436328248
0.33333333333333326,-0.18148148148148147,0.7030755848996117
0.37037037037037024,-0.18148148148148147,0.6683410902105613
0.40740740740740744,-0.18148148148148147,0.6977340699132832
0.4444444444444444,-0.18148148148148147,0.6272211733665456
0.4814814814814814,-0.18148148148148147,0.6055074861687172
0.5185185185185184,-0.18148148148148147,0.5568562765598256
0.5555555555555554,-0.18148148148148147,0.5131039383040638
0.5925925925925926,-0.18148148148148147,0.4584878819115118
0.6296296296296295,-0.18148148148148147,0.4133367425087684
0.6666666666666665,-0.18148148148148147,0.38257006978607844
0.7037037037037037,-0.18148148148148147,0.30483692167973275
0.7407407407407407,-0.18148148148148147,0.28304849982450875
0.7777777777777777,-0.18148148148148147,0.243832538012694
0.8148148148148147,-0.18148148148148147,0.20683289859785003
0.8518518518518516,-0.18148148148148147,0.17186572487517396
0.8888888888888888,-0.18148148148148147,0.17070480902672766
0.9259259259259258,-0.18148148148148147,0.1157894118829252
0.9629629629629628,-0.18148148148148147,0.09119121802711687
1.0,-0.18148148148148147,0.06313707151578449
-1.0,-0.15555555555555556,0.045773130784114574
-0.962962962962963,-0.15555555555555556,0.03456766743322209
-0.9259259259259259,-0.15555555555555556,-0.01161347802470555
-0.8888888888888888,-0.15555555555555556,-0.027359177707395363
-0.8518518518518519,-0.15555555555555556,-0.043884842775523694
-0.8148148148148149,-0.15555555555555556,-0.032368088722686865
-0.7777777777777778,-0.15555555555555556,-0.0630619516437981
-0.7407407407407407,-0.15555555555555556,-0.0758813210092701
-0.7037037037037037,-0.15555555555555556,-0.12174203901558812
-0.6666666666666667,-0.15555555555555556,-0.12813023138321952
-0.6296296296296297,-0.15555555555555556,-0.1458096124626722
-0.5925925925925926,-0.15555555555555556,-0.14598934752394774
-0.5555555555555556,-0.15555555555555556,-0.18749756228346526
-0.5185185185185186,-0.15555555555555556,-0.22383999047374462
-0.4814814814814815,-0.15555555555555556,-0.19208219751479952
-0.4444444444444444,-0.15555555555555556,-0.1692306278497091
-0.40740740740740744,-0.15555555555555556,-0.14950623130424343
-0.37037037037037046,-0.15555555555555556,-0.19097549963239785
-0.33333333333333337,-0.15555555555555556,-0.12679322696119805
-0.2962962962962963,-0.15555555555555556,-0.08921277729229643
-0.2592592592592593,-0.15555555555555556,-0.056957732295911806
-0.22222222222222232,-0.15555555555555556,-0.017604222727737845
-0.18518518518518523,-0.15555555555555556,0.052390404220443394
-0.14814814814814814,-0.15555555555555556,0.10713162211635184
-0.11111111111111116,-0.15555555555555556,0.19821317767902963
-0.07407407407407418,-0.15555555555555556,0.2367288918306841
-0.03703703703703709,-0.15555555555555556,0.34576407989558466
0.0,-0.15555555555555556,0.3903030341474658
0.03703703703703698,-0.15555555555555556,0.4518986871064413
0.07407407407407396,-0.15555555555555556,0.5416719330196078
0.11111111111111116,-0.15555555555555556,0.5860311040756611
0.14814814814814814,-0.15555555555555556,0.6503528804622842
0.18518518518518512,-0.15555555555555556,0.6883800192198714
0.2222222222222221,-0.15555555555555556,0.7058031926655078
0.2592592592592591,-0.15555555555555556,0.7300928746360306
0.2962962962962963,-0.15555555555555556,0.7734341171659455
0.33333333333333326,-0.15555555555555556,0.7262729148816868
0.37037037037037024,-0.15555555555555556,0.737111033175099
0.40740740740740744,-0.15555555555555556,0.7271107598740072
0.4444444444444444,-0.15555555555555556,0.689170726933429
0.4814814814814814,-0.15555555555555556,0.6602318044636931
0.5185185185185184,-0.15555555555555556,0.5854003532281796
0.5555555555555554,-0.15555555555555556,0.562525297621445
0.5925925925925926,-0.15555555555555556,0.5170430027980966
0.6296296296296295,-0.15555555555555556,0.42455727453294145
0.6666666666666665,-0.15555555555555556,0.40517644996972735
0.7037037037037037,-0.15555555555555556,0.34209373689190564
0.7407407407407407,-0.15555555555555556,0.29226241564325756
0.7777777777777777,-0.15555555555555556,0.26990151691467873
0.8148148148148147,-0.15555555555555556,0.22300001517759444
0.8518518518518516,-0.15555555555555556,0.20163586195493943
0.8888888888888888,-0.15555555555555556,0.15622748555029728
0.9259259259259258,-0.15555555555555556,0.09549522348110964
0.9629629629629628,-0.15555555555555556,0.08945795308390896
1.0,-0.15555555555555556,0.08364401153223334
-1.0,-0.12962962962962965,0.0006424481701936043
-0.962962962962963,-0.12962962962962965,-0.029742059989755314
-0.9259259259259259,-0.12962962962962965,-0.024462601912579648
-0.8888888888888888,-0.12962962962962965,-0.05622039592637966
-0.8518518518518519,-0.12962962962962965,-0.04237047453188184
-0.8148148148148149,-0.12962962962962965,-0.07285661273917435
-0.7777777777777778,-0.12962962962962965,-0.08743887887154216
-0.7407407407407407,-0.12962962962962965,-0.1501016579216346
-0.7037037037037037,-0.12962962962962965,-0.1263709078210807
-0.6666666666666667,-0.12962962962962965,-0.1403998003054076
-0.6296296296296297,-0.12962962962962965,-0.168667017783656
-0.5925925925925926,-0.12962962962962965,-0.17733429434256692
-0.5555555555555556,-0.12962962962962965,-0.16625368231514573
-0.5185185185185186,-0.12962962962962965,-0.1902864149004456
-0.4814814814814815,-0.12962962962962965,-0.17648859957885035
-0.4444444444444444,-0.12962962962962965,-0.20236016803034554
-0.40740740740740744,-0.12962962962962965,-0.1483639312713799
-0.37037037037037046,-0.12962962962962965,-0.16471384609369746
-0.33333333333333337,-0.12962962962962965,-0.13536120872544946
-0.2962962962962963,-0.12962962962962965,-0.06878059746634582
-0.2592592592592593,-0.12962962962962965,-0.03556374372463855
-0.22222222222222232,-0.12962962962962965,0.009816669461003222
-0.18518518518518523,-0.12962962962962965,0.09421523522526717
-0.14814814814814814,-0.12962962962962965,0.14957588091509033
-0.11111111111111116,-0.12962962962962965,0.24549593787901045
-0.07407407407407418,-0.12962962962962965,0.29920185765328006
-0.03703703703703709,-0.12962962962962965,0.38963252405200005
0.0,-0.12962962962962965,0.4324321929332925
0.03703703703703698,-0.12962962962962965,0.5202892336804984
0.07407407407407396,-0.12962962962962965,0.6264520094930283
0.11111111111111116,-0.12962962962962965,0.6499617324218148
0.14814814814814814,-0.12962962962962965,0.6823166631350814
0.18518518518518512,-0.12962962962962965,0.729211530711833
0.2222222222222221,-0.12962962962962965,0.7618674940601023
0.2592592592592591,-0.12962962962962965,0.7948055108555895
0.2962962962962963,-0.12962962962962965,0.7637647429755396
0.33333333333333326,-0.12962962962962965,0.8039657589268733
0.37037037037037024,-0.12962962962962965,0.7821677587962026
0.40740740740740744,-0.12962962962962965,0.7475448363402244
0.4444444444444444,-0.12962962962962965,0.7309271135580033
0.4814814814814814,-0.12962962962962965,0.6426133900790459
0.5185185185185184,-0.12962962962962965,0.656814749070069
0.5555555555555554,-0.12962962962962965,0.5824279310039545
0.5925925925925926,-0.12962962962962965,0.5411293912735999
0.6296296296296295,-0.12962962962962965,0.45870596402707414
0.6666666666666665,-0.12962962962962965,0.42462177033910736
0.7037037037037037,-0.12962962962962965,0.3662954267050941
0.7407407407407407,-0.12962962962962965,0.3315320112363523
0.7777777777777777,-0.12962962962962965,0.251633522889
0.8148148148148147,-0.12962962962962965,0.26131688526517627
0.8518518518518516,-0.12962962962962965,0.19552945645537362
0.8888888888888888,-0.12962962962962965,0.1819130731680179
0.9259259259259258,-0.12962962962962965,0.13125843865183665
0.9629629629629628,-0.12962962962962965,0.10451325137015059
1.0,-0.12962962962962965,0.08371992238083176
-1.0,-0.10370370370370363,-0.02845860194091474
-0.962962962962963,-0.10370370370370363,-0.04404727865880524
-0.9259259259259259,-0.10370370370370363,-0.07985909732789724
-0.8888888888888888,-0.10370370370370363,-0.08830546656733967
-0.8518518518518519,-0.10370370370370363,-0.08632982901709156
-0.8148148148148149,-0.10370370370370363,-0.12567323132519376
-0.7777777777777778,-0.10370370370370363,-0.1163463912238626
-0.7407407407407407,-0.10370370370370363,-0.14801592126136454
-0.7037037037037037,-0.10370370370370363,-0.13751619218963415
-0.6666666666666667,-0.10370370370370363,-0.15661890923968297
-0.6296296296296297,-0.10370370370370363,-0.16585014663874834
-0.5925925925925926,-0.10370370370370363,-0.1844748400242078
-0.5555555555555556,-0.10370370370370363,-0.16776640142806432
-0.5185185185185186,-0.10370370370370363,-0.187033358330212
-0.4814814814814815,-0.10370370370370363,-0.15373973013989478
-0.4444444444444444,-0.10370370370370363,-0.17991194436321117
-0.40740740740740744,-0.10370370370370363,-0.13775644549395435
-0.37037037037037046,-0.10370370370370363,-0.12180987286201356
-0.33333333333333337,-0.10370370370370363,-0.05734080579619585
-0.2962962962962963,-0.10370370370370363,-0.024943434990189826
-0.2592592592592593,-0.10370370370370363,0.02576062996619896
-0.22222222222222232,-0.10370370370370363,0.0623691984765066
-0.18518518518518523,-0.10370370370370363,0.13539107564530167
-0.14814814814814814,-0.10370370370370363,0.18994540051015443
-0.11111111111111116,-0.10370370370370363,0.26715158449780624
-0.07407407407407418,-0.10370370370370363,0.3757414048247672
-0.03703703703703709,-0.10370370370370363,0.41479137067713434
0.0,-0.10370370370370363,0.5126587375259304
0.03703703703703698,-0.10370370370370363,0.593542644062271
0.07407407407407396,-0.10370370370370363,0.6566858199802601
0.11111111111111116,-0.10370370370370363,0.7308057081287849
0.14814814814814814,-0.10370370370370363,0.7322860207529438
0.18518518518518512,-0.10370370370370363,0.813648681805891
0.2222222222222221,-0.10370370370370363,0.8529916341187763
0.2592592592592591,-0.10370370370370363,0.8298815855062549
0.2962962962962963,-0.10370370370370363,0.8498582014423451
0.33333333333333326,-0.10370370370370363,0.8399693996430095
0.37037037037037024,-0.10370370370370363,0.8153336100623662
0.40740740740740744,-0.10370370370370363,0.8092779650110129
0.4444444444444444,-0.10370370370370363,0.7494052796366412
0.4814814814814814,-0.10370370370370363,0.7209186458322473
0.5185185185185184,-0.10370370370370363,0.673719417478708
0.5555555555555554,-0.10370370370370363,0.5881506793011096
0.5925925925925926,-0.10370370370370363,0.5422097378002272
0.6296296296296295,-0.10370370370370363,0.49303762829767594
0.6666666666666665,-0.10370370370370363,0.4601982411773119
0.7037037037037037,-0.10370370370370363,0.3838359441657605
0.7407407407407407,-0.10370370370370363,0.3359365826982918
0.7777777777777777,-0.10370370370370363,0.2579763050229121
0.8148148148148147,-0.10370370370370363,0.2732490867019182
0.8518518518518516,-0.10370370370370363,0.20326389037354986
0.8888888888888888,-0.10370370370370363,0.1759725684689995
0.9259259259259258,-0.10370370370370363,0.1549061150439492
0.9629629629629628,-0.10370370370370363,0.11668174722572013
1.0,-0.10370370370370363,0.07700186280245416
-1.0,-0.07777777777777772,-0.08379566923980515
-0.962962962962963,-0.07777777777777772,-0.06003302431807949
-0.9259259259259259,-0.07777777777777772,-0.11881226261541453
-0.8888888888888888,-0.07777777777777772,-0.09361107013605886
-0.8518518518518519,-0.07777777777777772,-0.0948527449847083
-0.8148148148148149,-0.07777777777777772,-0.1450564917886081
-0.7777777777777778,-0.07777777777777772,-0.1581984538372804
-0.7407407407407407,-0.07777777777777772,-0.15455324365244621
-0.7037037037037037,-0.07777777777777772,-0.16769429576276665
-0.6666666666666667,-0.07777777777777772,-0.1824270605007337
-0.6296296296296297,-0.07777777777777772,-0.14942840666852686
-0.5925925925925926,-0.07777777777777772,-0.20239262666316973
-0.5555555555555556,-0.07777777777777772,-0.17523960601446403
-0.5185185185185186,-0.07777777777777772,-0.14945920881960784
-0.4814814814814815,-0.07777777777777772,-0.17375983463339514
-0.4444444444444444,-0.07777777777777772,-0.16971094039475518
-0.40740740740740744,-0.07777777777777772,-0.09782391260746326
-0.37037037037037046,-0.07777777777777772,-0.10533389238943754
-0.33333333333333337,-0.07777777777777772,-0.0399852006630476
-0.2962962962962963,-0.07777777777777772,-0.03233885199831357
-0.2592592592592593,-0.07777777777777772,0.0493545315091863
-0.22222222222222232,-0.07777777777777772,0.07469358644271575
-0.18518518518518523,-0.07777777777777772,0.1537507674397783
-0.14814814814814814,-0.07777777777777772,0.22983200523782701
-0.11111111111111116,-0.07777777777777772,0.32606353332634985
-0.07407407407407418,-0.07777777777777772,0.41939992845955515
-0.03703703703703709,-0.07777777777777772,0.5053005544174769
0.0,-0.07777777777777772,0.5588661666478263
0.03703703703703698,-0.07777777777777772,0.6122189230665123
0.07407407407407396,-0.07777777777777772,0.6551006954331479
0.11111111111111116,-0.07777777777777772,0.7716256261605811
0.14814814814814814,-0.07777777777777772,0.8132366633169343
0.18518518518518512,-0.07777777777777772,0.850230975246156
0.2222222222222221,-0.07777777777777772,0.9011912512154338
0.2592592592592591,-0.07777777777777772,0.9153733262167256
0.2962962962962963,-0.07777777777777772,0.9308878878389122
0.33333333333333326,-0.07777777777777772,0.9202483181784139
0.37037037037037024,-0.07777777777777772,0.9004742637708113
0.40740740740740744,-0.07777777777777772,0.8463328744418326
0.4444444444444444,-0.07777777777777772,0.7936878141261693
0.4814814814814814,-0.07777777777777772,0.7424775265692897
0.5185185185185184,-0.07777777777777772,0.6989687238006655
0.5555555555555554,-0.07777777777777772,0.6489865140227666
0.5925925925925926,-0.07777777777777772,0.5574558820755504
0.6296296296296295,-0.07777777777777772,0.5185447864779389
0.6666666666666665,-0.07777777777777772,0.46715913201244746
0.7037037037037037,-0.07777777777777772,0.42685572602634464
0.7407407407407407,-0.07777777777777772,0.3436242492149096
0.7777777777777777,-0.07777777777777772,0.29231827076805256
0.8148148148148147,-0.07777777777777772,0.2447085008144833
0.8518518518518516,-0.07777777777777772,0.22889674352742972
0.8888888888888888,-0.07777777777777772,0.1446963000698453
0.9259259259259258,-0.07777777777777772,0.151476148827802
0.9629629629629628,-0.07777777777777772,0.09289578624503789
1.0,-0.07777777777777772,0.08603803207608163
-1.0,-0.051851851851851816,-0.07522501074006285
-0.962962962962963,-0.051851851851851816,-0.11018875837918177
-0.9259259259259259,-0.051851851851851816,-0.11944619144596641
-0.8888888888888888,-0.051851851851851816,-0.14854984683108982
-0.8518518518518519,-0.051851851851851816,-0.1737803047363139
-0.8148148148148149,-0.051851851851851816,-0.1420574935111841
-0.7777777777777778,-0.051851851851851816,-0.18201720272544608
-0.7407407407407407,-0.051851851851851816,-0.1875772230995945
-0.7037037037037037,-0.051851851851851816,-0.20866708686508
-0.6666666666666667,-0.051851851851851816,-0.212044932773293
-0.6296296296296297,-0.051851851851851816,-0.21468274514028202
-0.5925925925925926,-0.051851851851851816,-0.21042466384420164
-0.5555555555555556,-0.051851851851851816,-0.22904958466103667
-0.5185185185185186,-0.051851851851851816,-0.211993258739276
-0.4814814814814815,-0.051851851851851816,-0.1835160238273582
-0.4444444444444444,-0.051851851851851816,-0.16925509725653395
-0.40740740740740744,-0.051851851851851816,-0.13438567715301364
-0.37037037037037046,-0.051851851851851816,-0.10520009208471023
-0.33333333333333337,-0.051851851851851816,-0.04659760232088482
-0.2962962962962963,-0.051851851851851816,-0.001803056044814678
-0.2592592592592593,-0.051851851851851816,0.032396244983485124
-0.22222222222222232,-0.051851851851851816,0.11833464797611942
-0.18518518518518523,-0.051851851851851816,0.21614436347494637
-0.14814814814814814,-0.051851851851851816,0.32910647666540205
-0.11111111111111116,-0.051851851851851816,0.3589468593179785
-0.07407407407407418,-0.051851851851851816,0.4246211450728789
-0.03703703703703709,-0.051851851851851816,0.548644840755955
0.0,-0.051851851851851816,0.6562204170918219
0.03703703703703698,-0.051851851851851816,0.6857195019502957
0.07407407407407396,-0.051851851851851816,0.7634195968117957
0.11111111111111116,-0.051851851851851816,0.8249236753409688
0.14814814814814814,-0.051851851851851816,0.9008704733492966
0.18518518518518512,-0.051851851851851816,0.8898833198130297
0.2222222222222221,-0.051851851851851816,0.9604377660346294
0.2592592592592591,-0.051851851851851816,0.9631274783189667
0.2962962962962963,-0.051851851851851816,0.9630792942213593
0.33333333333333326,-0.051851851851851816,0.9491840874814853
0.37037037037037024,-0.051851851851851816,0.9392600947150946
0.40740740740740744,-0.051851851851851816,0.9100513880509915
0.4444444444444444,-0.051851851851851816,0.8288356339384493
0.4814814814814814,-0.051851851851851816,0.7943702861602295
0.5185185185185184,-0.051851851851851816,0.7534682355471317
0.5555555555555554,-0.051851851851851816,0.6590713677567233
0.5925925925925926,-0.051851851851851816,0.6298035562028828
0.6296296296296295,-0.051851851851851816,0.5639476942811691
0.6666666666666665,-0.051851851851851816,0.48677897759230176
0.7037037037037037,-0.051851851851851816,0.40244289081365253
0.7407407407407407,-0.051851851851851816,0.35272770189416947
0.7777777777777777,-0.051851851851851816,0.306361761686038
0.8148148148148147,-0.051851851851851816,0.2717890602703609
0.8518518518518516,-0.051851851851851816,0.22146438234848073
0.8888888888888888,-0.051851851851851816,0.18230204809801623
0.9259259259259258,-0.051851851851851816,0.1605870240857129
0.9629629629629628,-0.051851851851851816,0.11945754939055843
1.0,-0.051851851851851816,0.09276392355738998
-1.0,-0.025925925925925908,-0.10306611028418079
-0.962962962962963,-0.025925925925925908,-0.11500200458182946
-0.9259259259259259,-0.025925925925925908,-0.1408789257029277
-0.8888888888888888,-0.025925925925925908,-0.16325628941998344
-0.8518518518518519,-0.025925925925925908,-0.17134812956642345
-0.8148148148148149,-0.025925925925925908,-0.1798672653984388
-0.7777777777777778,-0.025925925925925908,-0.22134749356337652
-0.7407407407407407,-0.025925925925925908,-0.2160527297476066
-0.7037037037037037,-0.025925925925925908,-0.23102211346051457
-0.6666666666666667,-0.025925925925925908,-0.2515859218914499
-0.6296296296296297,-0.025925925925925908,-0.21901235049299075
-0.5925925925925926,-0.025925925925925908,-0.2412939579994964
-0.5555555555555556,-0.025925925925925908,-0.26626670965596705
-0.5185185185185186,-0.025925925925925908,-0.20037521910664635
-0.4814814814814815,-0.025925925925925908,-0.1946729702925122
-0.4444444444444444,-0.025925925925925908,-0.2178283848256378
-0.40740740740740744,-0.025925925925925908,-0.1330964275729163
-0.37037037037037046,-0.025925925925925908,-0.0937782522823767
-0.33333333333333337,-0.025925925925925908,-0.05047144495644388
-0.2962962962962963,-0.025925925925925908,0.020970570882715214
-0.2592592592592593,-0.025925925925925908,0.06551064199216748
-0.22222222222222232,-0.025925925925925908,0.16293009745727396
-0.18518518518518523,-0.025925925925925908,0.21592608582634223
-0.14814814814814814,-0.025925925925925908,0.31259818665919203
-0.11111111111111116,-0.025925925925925908,0.3937833319307254
-0.07407407407407418,-0.025925925925925908,0.4873371680550055
-0.03703703703703709,-0.025925925925925908,0.5707413769789895
0.0,-0.025925925925925908,0.6424346999631991
0.03703703703703698,-0.025925925925925908,0.7421610784160049
0.07407407407407396,-0.025925925925925908,0.8060142458266863
0.11111111111111116,-0.025925925925925908,0.8791348262424119
0.14814814814814814,-0.025925925925925908,0.9064013000793335
0.18518518518518512,-0.025925925925925908,0.9810481283540429
0.2222222222222221,-0.025925925925925908,0.9762907862123269
0.2592592592592591,-0.025925925925925908,0.9906270199152178
0.2962962962962963,-0.025925925925925908,1.0015562718585114
0.33333333333333326,-0.025925925925925908,1.0149578286480068
0.37037037037037024,-0.025925925925925908,0.9744453266712451
0.40740740740740744,-0.025925925925925908,0.9350849904578018
0.4444444444444444,-0.025925925925925908,0.8957631949695785
0.4814814814814814,-0.025925925925925908,0.8254644019451983
0.5185185185185184,-0.025925925925925908,0.775705035275395
0.5555555555555554,-0.025925925925925908,0.7207373788428328
0.5925925925925926,-0.025925925925925908,0.6424366240473056
0.6296296296296295,-0.025925925925925908,0.5559617644608155
0.6666666666666665,-0.025925925925925908,0.5347914780036366
0.7037037037037037,-0.025925925925925908,0.44711567338551034
0.7407407407407407,-0.025925925925925908,0.36067722969499044
0.7777777777777777,-0.025925925925925908,0.316497811090929
0.8148148148148147,-0.025925925925925908,0.33031062148070284
0.8518518518518516,-0.025925925925925908,0.2361730462102255
0.8888888888888888,-0.025925925925925908,0.17586062860612459
0.9259259259259258,-0.025925925925925908,0.12986775363198447
0.9629629629629628,-0.025925925925925908,0.10417908053993133
1.0,-0.025925925925925908,0.09988647441593801
-1.0,0.0,-0.09571944134266261
-0.962962962962963,0.0,-0.11456788087111708
-0.9259259259259259,0.0,-0.13801492694162307
-0.8888888888888888,0.0,-0.15220790065159343
-0.8518518518518519,0.0,-0.17116927421975464
-0.8148148148148149,0.0,-0.19134173256631526
-0.7777777777777778,0.0,-0.19390761655919866
-0.7407407407407407,0.0,-0.22478900937582524
-0.7037037037037037,0.0,-0.22197134738757252
-0.6666666666666667,0.0,-0.27838444226232495
-0.6296296296296297,0.0,-0.27262821677474464
-0.5925925925925926,0.0,-0.23722433219644798
-0.5555555555555556,0.0,-0.2431329734623247
-0.5185185185185186,0.0,-0.2517570762779925
-0.4814814814814815,0.0,-0.18358203864303624
-0.4444444444444444,0.0,-0.15058750273533428
-0.40740740740740744,0.0,-0.14835408471325415
-0.37037037037037046,0.0,-0.10137475454494918
-0.33333333333333337,0.0,-0.065915627755471
-0.2962962962962963,0.0,-0.0195117807543205
-0.2592592592592593,0.0,0.07332095982139619
-0.22222222222222232,0.0,0.13987268409135434
-0.18518518518518523,0.0,0.23438462880892724
-0.14814814814814814,0.0,0.31873049581567287
-0.11111111111111116,0.0,0.40622052480867354
-0.07407407407407418,0.0,0.5061305892803041
-0.03703703703703709,0.0,0.6202554003779233
0.0,0.0,0.6689464334337273
0.03703703703703698,0.0,0.770027889883563
0.07407407407407396,0.0,0.8645883959338971
0.11111111111111116,0.0,0.9193057806697384
0.14814814814814814,0.0,0.9691668682611726
0.18518518518518512,0.0,1.0065237490283245
0.2222222222222221,0.0,1.0256953830321751
0.2592592592592591,0.0,1.0439908314732984
0.2962962962962963,0.0,1.0697229339850969
0.33333333333333326,0.0,1.0375792125889975
0.37037037037037024,0.0,1.0411630280458735
0.40740740740740744,0.0,0.9976214222606119
0.4444444444444444,0.0,0.9418727126504761
0.4814814814814814,0.0,0.8942313035659413
0.5185185185185184,0.0,0.8138019527561834
0.5555555555555554,0.0,0.7777823076992724
0.5925925925925926,0.0,0.6731384498247465
0.6296296296296295,0.0,0.6209672461608572
0.6666666666666665,0.0,0.5430891057815653
0.7037037037037037,0.0,0.4753181148630363
0.7407407407407407,0.0,0.4006939644819482
0.7777777777777777,0.0,0.3556322446039818
0.8148148148148147,0.0,0.2869751869388698
0.8518518518518516,0.0,0.26694312838212453
0.8888888888888888,0.0,0.20928936492727185
0.9259259259259258,0.0,0.18119730312165033
0.9629629629629628,0.0,0.13335080406146665
1.0,0.0,0.11084523440903511
-1.0,0.025925925925925908,-0.10840169407781777
-0.962962962962963,0.025925925925925908,-0.13386688694805446
-0.9259259259259259,0.025925925925925908,-0.14221204359285805
-0.8888888888888888,0.025925925925925908,-0.17758935399319756
-0.8518518518518519,0.025925925925925908,-0.18696346599169364
-0.8148148148148149,0.025925925925925908,-0.183415731207789
-0.7777777777777778,0.025925925925925908,-0.23094096130607172
-0.7407407407407407,0.025925925925925908,-0.26209729330774517
-0.7037037037037037,0.025925925925925908,-0.233032893306976
-0.6666666666666667,0.025925925925925908,-0.221097741322706
-0.6296296296296297,0.025925925925925908,-0.257701671152793
-0.5925925925925926,0.025925925925925908,-0.25288647041909157
-0.5555555555555556,0.025925925925925908,-0.2480327353833921
-0.5185185185185186,0.025925925925925908,-0.2194647754845137
-0.4814814814814815,0.025925925925925908,-0.23321928590322505
-0.4444444444444444,0.025925925925925908,-0.1890705889321652
-0.40740740740740744,0.025925925925925908,-0.15419358695599752
-0.37037037037037046,0.025925925925925908,-0.08279310392790673
-0.33333333333333337,0.025925925925925908,-0.05391155835230131
-0.2962962962962963,0.025925925925925908,-0.0013355170596553705
-0.2592592592592593,0.025925925925925908,0.060685118371176724
-0.22222222222222232,0.025925925925925908,0.13651230673655776
-0.18518518518518523,0.025925925925925908,0.20768660704995262
-0.14814814814814814,0.025925925925925908,0.30612647668884296
-0.11111111111111116,0.025925925925925908,0.41033811641060847
-0.07407407407407418,0.025925925925925908,0.513104723847878
-0.03703703703703709,0.025925925925925908,0.5937664561623603
0.0,0.025925925925925908,0.7076329949649514
0.03703703703703698,0.025925925925925908,0.782117251151725
0.07407407407407396,0.025925925925925908,0.8655045161449996
0.11111111111111116,0.025925925925925908,0.9653014375563477
0.14814814814814814,0.025925925925925908,0.9832673260142848
0.18518518518518512,0.025925925925925908,1.0423332343147353
0.2222222222222221,0.025925925925925908,1.0853473409388033
0.2592592592592591,0.025925925925925908,1.0727049412359262
0.2962962962962963,0.025925925925925908,1.0800572948407146
0.33333333333333326,0.025925925925925908,1.0779565239612932
0.37037037037037024,0.025925925925925908,1.0523129077423548
0.40740740740740744,0.025925925925925908,1.01928483083272
0.4444444444444444,0.025925925925925908,0.9715489362595492
0.4814814814814814,0.025925925925925908,0.9226136470759259
0.5185185185185184,0.025925925925925908,0.8421616505108821
0.5555555555555554,0.025925925925925908,0.7680123122985676
0.5925925925925926,0.025925925925925908,0.7115359125415053
0.6296296296296295,0.025925925925925908,0.6494190774415971
0.6666666666666665,0.025925925925925908,0.554556447773147
0.7037037037037037,0.025925925925925908,0.5049350445980417
0.7407407407407407,0.025925925925925908,0.43597460804360866
0.7777777777777777,0.025925925925925908,0.3711089754550108
0.8148148148148147,0.025925925925925908,0.3151280541995244
0.8518518518518516,0.025925925925925908,0.2762993737739904
0.8888888888888888,0.025925925925925908,0.22968492575559146
0.9259259259259258,0.025925925925925908,0.19268441783182969
0.9629629629629628,0.025925925925925908,0.14516389396497315
1.0,0.025925925925925908,0.12460053918478917
-1.0,0.05185185185185193,-0.10168809457590534
-0.962962962962963,0.05185185185185193,-0.11987128910488407
-0.9259259259259259,0.05185185185185193,-0.15284717508114848
-0.8888888888888888,0.05185185185185193,-0.13721825761463963
-0.8518518518518519,0.05185185185185193,-0.15536659918145979
-0.8148148148148149,0.05185185185185193,-0.18789923559590754
-0.7777777777777778,0.05185185185185193,-0.1841640813424648
-0.7407407407407407,0.05185185185185193,-0.23116905240682423
-0.7037037037037037,0.05185185185185193,-0.22851983380337756
-0.6666666666666667,0.05185185185185193,-0.2533899932005276
-0.6296296296296297,0.05185185185185193,-0.2724415799196074
-0.5925925925925926,0.05185185185185193,-0.24508105878298375
-0.5555555555555556,0.05185185185185193,-0.2490061293558535
-0.5185185185185186,0.05185185185185193,-0.23219521082197236
-0.4814814814814815,0.05185185185185193,-0.19785703691202108
-0.4444444444444444,0.05185185185185193,-0.16675706409072955
-0.40740740740740744,0.05185185185185193,-0.1491945279545991
-0.37037037037037046,0.05185185185185193,-0.10365047927899618
-0.33333333333333337,0.05185185185185193,-0.04616281763488681
-0.2962962962962963,0.05185185185185193,0.005793879497392293
-0.2592592592592593,0.05185185185185193,0.05958112180030715
-0.22222222222222232,0.05185185185185193,0.15568017343020601
-0.18518518518518523,0.05185185185185193,0.23421451685753902
-0.14814814814814814,0.05185185185185193,0.35534392186594377
-0.11111111111111116,0.05185185185185193,0.40558418181064787
-0.07407407407407418,0.05185185185185193,0.5259419541370374
-0.03703703703703709,0.05185185185185193,0.621386382818012
0.0,0.05185185185185193,0.6924865537404005
0.03703703703703698,0.05185185185185193,0.8105623425035373
0.07407407407407396,0.05185185185185193,0.8867493554166077
0.11111111111111116,0.05185185185185193,0.9611168588575687
0.14814814814814814,0.05185185185185193,1.0203717637873435
0.18518518518518512,0.05185185185185193,1.0498801650489928
0.2222222222222221,0.05185185185185193,1.061729839424592
0.2592592592592591,0.05185185185185193,1.1177096277488727
0.2962962962962963,0.05185185185185193,1.1160460655207336
0.33333333333333326,0.05185185185185193,1.074389850153002
0.37037037037037024,0.05185185185185193,1.0522424311982346
0.40740740740740744,0.05185185185185193,1.0271668589217209
0.4444444444444444,0.05185185185185193,0.9869022667593305
0.4814814814814814,0.05185185185185193,0.9272209972320526
0.5185185185185184,0.05185185185185193,0.8615058424249158
0.5555555555555554,0.05185185185185193,0.7977624802503698
0.5925925925925926,0.05185185185185193,0.7443476613919224
0.6296296296296295,0.05185185185185193,0.6777933247445023
0.6666666666666665,0.05185185185185193,0.5880761316865983
0.7037037037037037,0.05185185185185193,0.5375906700549705
0.7407407407407407,0.05185185185185193,0.4463638254294358
0.7777777777777777,0.05185185185185193,0.3712425586058367
0.8148148148148147,0.05185185185185193,0.34582506268728175
0.8518518518518516,0.05185185185185193,0.28474663238770154
0.8888888888888888,0.05185185185185193,0.23494504834720922
0.9259259259259258,0.05185185185185193,0.2011745869584049
0.9629629629629628,0.05185185185185193,0.18238940379151714
1.0,0.05185185185185193,0.15588837629919428
-1.0,0.07777777777777783,-0.10025270692527961
-0.962962962962963,0.07777777777777783,-0.11547273565611293
-0.9259259259259259,0.07777777777777783,-0.11025080802197224
-0.8888888888888888,0.07777777777777783,-0.1395043872006916
-0.8518518518518519,0.07777777777777783,-0.16594528721864102
-0.8148148148148149,0.07777777777777783,-0.18692526432833095
-0.7777777777777778,0.07777777777777783,-0.1988578619432255
-0.7407407407407407,0.07777777777777783,-0.21154032671940784
-0.7037037037037037,0.07777777777777783,-0.22161538006278234
-0.6666666666666667,0.07777777777777783,-0.2421281988983003
-0.6296296296296297,0.07777777777777783,-0.21146557041011937
-0.5925925925925926,0.07777777777777783,-0.19932975020853166
-0.5555555555555556,0.07777777777777783,-0.22993638460875457
-0.5185185185185186,0.07777777777777783,-0.23302032213304494
-0.4814814814814815,0.07777777777777783,-0.19449065371801455
-0.4444444444444444,0.07777777777777783,-0.21506731426310816
-0.40740740740740744,0.07777777777777783,-0.16478784587258255
-0.37037037037037046,0.07777777777777783,-0.11299847404567352
-0.33333333333333337,0.07777777777777783,-0.046895932197367665
-0.2962962962962963,0.07777777777777783,0.01639897879330252
-0.2592592592592593,0.07777777777777783,0.06883660110772125
-0.22222222222222232,0.07777777777777783,0.15503222491660767
-0.18518518518518523,0.07777777777777783,0.21230033791755298
-0.14814814814814814,0.07777777777777783,0.3007543419052581
-0.11111111111111116,0.07777777777777783,0.39788087800247646
-0.07407407407407418,0.07777777777777783,0.5064860228672162
-0.03703703703703709,0.07777777777777783,0.5883232230787381
0.0,0.07777777777777783,0.6967018664887465
0.03703703703703698,0.07777777777777783,0.7532356196523281
0.07407407407407396,0.07777777777777783,0.8553134135275872
0.11111111111111116,0.07777777777777783,0.9355002105521395
0.14814814814814814,0.07777777777777783,0.973648940795673
0.18518518518518512,0.07777777777777783,1.0510003767952394
0.2222222222222221,0.07777777777777783,1.0704322940224107
0.2592592592592591,0.07777777777777783,1.0847307796491918
0.2962962962962963,0.07777777777777783,1.1133976909148056
0.33333333333333326,0.07777777777777783,1.0929526603665018
0.37037037037037024,0.07777777777777783,1.0917253764039534
0.40740740740740744,0.07777777777777783,1.020158715611785
0.4444444444444444,0.07777777777777783,1.007845867664959
0.4814814814814814,0.07777777777777783,0.9702791252955966
0.5185185185185184,0.07777777777777783,0.8736767257233125
0.5555555555555554,0.07777777777777783,0.8612349345276955
0.5925925925925926,0.07777777777777783,0.7613501383870315
0.6296296296296295,0.07777777777777783,0.7191674618863902
0.6666666666666665,0.07777777777777783,0.62268745479013
0.7037037037037037,0.07777777777777783,0.5734880244832489
0.7407407407407407,0.07777777777777783,0.5064088178543291
0.7777777777777777,0.07777777777777783,0.440281659709763
0.8148148148148147,0.07777777777777783,0.3528836976356815
0.8518518518518516,0.07777777777777783,0.33201457739185775
0.8888888888888888,0.07777777777777783,0.2509059281186632
0.9259259259259258,0.07777777777777783,0.23737748892957583
0.9629629629629628,0.07777777777777783,0.19903879701483765
1.0,0.07777777777777783,0.15924962395400016
-1.0,0.10370370370370374,-0.08964131499786725
-0.962962962962963,0.10370370370370374,-0.11631372588157725
-0.9259259259259259,0.10370370370370374,-0.09781242163106323
-0.8888888888888888,0.10370370370370374,-0.1321297389202484
-0.8518518518518519,0.10370370370370374,-0.1269064652400749
-0.8148148148148149,0.10370370370370374,-0.12813940086430795
-0.7777777777777778,0.10370370370370374,-0.15853737532974282
-0.7407407407407407,0.10370370370370374,-0.16565453066499733
-0.7037037037037037,0.10370370370370374,-0.21019789947430847
-0.6666666666666667,0.10370370370370374,-0.22240724242308293
-0.6296296296296297,0.10370370370370374,-0.20016563161559506
-0.5925925925925926,0.10370370370370374,-0.22962244034534895
-0.5555555555555556,0.10370370370370374,-0.19111547537742668
-0.5185185185185186,0.10370370370370374,-0.20453859419651746
-0.4814814814814815,0.10370370370370374,-0.15673423055418134
-0.4444444444444444,0.10370370370370374,-0.15927776020280268
-0.40740740740740744,0.10370370370370374,-0.12909989294750326
-0.37037037037037046,0.10370370370370374,-0.062490287902902175
-0.33333333333333337,0.10370370370370374,-0.03324390521113302
-0.2962962962962963,0.10370370370370374,0.017536066045064698
-0.2592592592592593,0.10370370370370374,0.08478561104278237
-0.22222222222222232,0.10370370370370374,0.12953387302173178
-0.18518518518518523,0.10370370370370374,0.19641979476590865
-0.14814814814814814,0.10370370370370374,0.3262518888733163
-0.11111111111111116,0.10370370370370374,0.3770896414844185
-0.07407407407407418,0.10370370370370374,0.4753693206175364
-0.03703703703703709,0.10370370370370374,0.5479422338505484
0.0,0.10370370370370374,0.6663093390715797
0.03703703703703698,0.10370370370370374,0.713263642945338
0.07407407407407396,0.10370370370370374,0.8196707786320635
0.11111111111111116,0.10370370370370374,0.9034087945808679
0.14814814814814814,0.10370370370370374,0.9689429363631205
0.18518518518518512,0.10370370370370374,1.0203985376241813
0.2222222222222221,0.10370370370370374,1.039038227993383
0.2592592592592591,0.10370370370370374,1.0765113912099178
0.2962962962962963,0.10370370370370374,1.069655643905139
0.33333333333333326,0.10370370370370374,1.0911395217062994
0.37037037037037024,0.10370370370370374,1.0863345629135426
0.40740740740740744,0.10370370370370374,1.0392642778684875
0.4444444444444444,0.10370370370370374,1.0209975179296054
0.4814814814814814,0.10370370370370374,0.9627645028719536
0.5185185185185184,0.10370370370370374,0.9001051001735302
0.5555555555555554,0.10370370370370374,0.8491357911075909
0.5925925925925926,0.10370370370370374,0.7795938052839345
0.6296296296296295,0.10370370370370374,0.7131964415401251
0.6666666666666665,0.10370370370370374,0.6467384884669005
0.7037037037037037,0.10370370370370374,0.6212361605917697
0.7407407407407407,0.10370370370370374,0.5137993171485399
0.7777777777777777,0.10370370370370374,0.46172689738892725
0.8148148148148147,0.10370370370370374,0.4230932687841745
0.8518518518518516,0.10370370370370374,0.3431581570947867
0.8888888888888888,0.10370370370370374,0.30336999178738516
0.9259259259259258,0.10370370370370374,0.2740821717559841
0.9629629629629628,0.10370370370370374,0.21842811804877374
1.0,0.10370370370370374,0.19098390525805625
-1.0,0.12962962962962965,-0.08847184412423037
-0.962962962962963,0.12962962962962965,-0.09902612848979692
-0.9259259259259259,0.12962962962962965,-0.11538747730256614
-0.8888888888888888,0.12962962962962965,-0.14327786811348198
-0.8518518518518519,0.12962962962962965,-0.11912514239266962
-0.8148148148148149,0.12962962962962965,-0.14530126338010554
-0.7777777777777778,0.12962962962962965,-0.16343314369303147
-0.7407407407407407,0.12962962962962965,-0.18505474521849952
-0.7037037037037037,0.12962962962962965,-0.18715573858493983
-0.6666666666666667,0.12962962962962965,-0.19243315518304416
-0.6296296296296297,0.12962962962962965,-0.22581882189372288
-0.5925925925925926,0.12962962962962965,-0.1804891551661377
-0.5555555555555556,0.12962962962962965,-0.19245250924500296
-0.5185185185185186,0.12962962962962965,-0.19685076192416842
-0.4814814814814815,0.12962962962962965,-0.17294381492552977
-0.4444444444444444,0.12962962962962965,-0.15021255420971505
-0.40740740740740744,0.12962962962962965,-0.11294761483875808
-0.37037037037037046,0.12962962962962965,-0.0894299991743571
-0.33333333333333337,0.12962962962962965,-0.026415303386206353
-0.2962962962962963,0.12962962962962965,-0.00040445498160349147
-0.2592592592592593,0.12962962962962965,0.07860213042676899
-0.22222222222222232,0.12962962962962965,0.1267428194633982
-0.18518518518518523,0.12962962962962965,0.201485444932391
-0.14814814814814814,0.12962962962962965,0.2948242127423431
-0.11111111111111116,0.12962962962962965,0.37230029838993656
-0.07407407407407418,0.12962962962962965,0.44865239202107
-0.03703703703703709,0.12962962962962965,0.544527873282161
0.0,0.12962962962962965,0.6150746509102574
0.03703703703703698,0.12962962962962965,0.6881621897945022
0.07407407407407396,0.12962962962962965,0.7945744158267827
0.11111111111111116,0.12962962962962965,0.8484252966052566
0.14814814814814814,0.12962962962962965,0.8779384805131325
0.18518518518518512,0.12962962962962965,0.9611210258713891
0.2222222222222221,0.12962962962962965,0.9937429368740398
0.2592592592592591,0.12962962962962965,1.0376290491881184
0.2962962962962963,0.12962962962962965,1.0399610332878721
0.33333333333333326,0.12962962962962965,1.0597806563223628
0.37037037037037024,0.12962962962962965,1.043066869292652
0.40740740740740744,0.12962962962962965,0.9808559198062206
0.4444444444444444,0.12962962962962965,1.0067980386433812
0.4814814814814814,0.12962962962962965,0.9444732548977886
0.5185185185185184,0.12962962962962965,0.8972799319403758
0.5555555555555554,0.12962962962962965,0.860684853406836
0.5925925925925926,0.12962962962962965,0.770109394372253
0.6296296296296295,0.12962962962962965,0.7188436753286981
0.6666666666666665,0.12962962962962965,0.6430854143657373
0.7037037037037037,0.12962962962962965,0.6179366232820366
0.7407407407407407,0.12962962962962965,0.5537858969917689
0.7777777777777777,0.12962962962962965,0.5003360837495643
0.8148148148148147,0.12962962962962965,0.40354343835294304
0.8518518518518516,0.12962962962962965,0.3491374482487289
0.8888888888888888,0.12962962962962965,0.34082264585750677
0.9259259259259258,0.12962962962962965,0.3241197971749704
0.9629629629629628,0.12962962962962965,0.26636938561230455
1.0,0.12962962962962965,0.2222027122004122
-1.0,0.15555555555555556,-0.06909241655182467
-0.962962962962963,0.15555555555555556,-0.10135608917287325
-0.9259259259259259,0.15555555555555556,-0.07315698471818728
-0.8888888888888888,0.15555555555555556,-0.10608357011939398
-0.8518518518518519,0.15555555555555556,-0.12033265546243645
-0.8148148148148149,0.15555555555555556,-0.12686657114222585
-0.7777777777777778,0.15555555555555556,-0.1466313841169386
-0.7407407407407407,0.15555555555555556,-0.167081831809755
-0.7037037037037037,0.15555555555555556,-0.16333392019588328
-0.6666666666666667,0.15555555555555556,-0.1579595829277993
-0.6296296296296297,0.15555555555555556,-0.17517265543295668
-0.5925925925925926,0.15555555555555556,-0.17448743060415042
-0.5555555555555556,0.15555555555555556,-0.14562601176607096
-0.5185185185185186,0.15555555555555556,-0.14044716715668076
-0.4814814814814815,0.15555555555555556,-0.14297016162899626
-0.4444444444444444,0.15555555555555556,-0.12067914839290816
-0.40740740740740744,0.15555555555555556,-0.05804197646699046
-0.37037037037037046,0.15555555555555556,-0.1015944935993713
-0.33333333333333337,0.15555555555555556,0.02010967410020225
-0.2962962962962963,0.15555555555555556,0.03203414111596642
-0.2592592592592593,0.15555555555555556,0.06886776381850138
-0.22222222222222232,0.15555555555555556,0.12611159732456179
-0.18518518518518523,0.15555555555555556,0.18749544256913092
-0.14814814814814814,0.15555555555555556,0.26239930571747094
-0.11111111111111116,0.15555555555555556,0.3463378623320709
-0.07407407407407418,0.15555555555555556,0.4492948894263999
-0.03703703703703709,0.15555555555555556,0.5209963732989412
0.0,0.15555555555555556,0.5871153843307979
0.03703703703703698,0.15555555555555556,0.6856637874461713
0.07407407407407396,0.15555555555555556,0.7245684280828086
0.11111111111111116,0.15555555555555556,0.8128700308632053
0.14814814814814814,0.15555555555555556,0.8553774813000912
0.18518518518518512,0.15555555555555556,0.9230833700506401
0.2222222222222221,0.15555555555555556,0.9251067264336656
0.2592592592592591,0.15555555555555556,0.9588919022652338
0.2962962962962963,0.15555555555555556,1.0085287829608696
0.33333333333333326,0.15555555555555556,0.9850497975463878
0.37037037037037024,0.15555555555555556,0.992122137118396
0.40740740740740744,0.15555555555555556,0.9692620389466887
0.4444444444444444,0.15555555555555556,0.9475299585721717
0.4814814814814814,0.15555555555555556,0.8744346980643763
0.5185185185185184,0.15555555555555556,0.8380433293877771
0.5555555555555554,0.15555555555555556,0.7782356649916026
0.5925925925925926,0.15555555555555556,0.7604040190111873
0.6296296296296295,0.15555555555555556,0.6736251637290238
0.6666666666666665,0.15555555555555556,0.6643689404777312
0.7037037037037037,0.15555555555555556,0.5804111912283565
0.7407407407407407,0.15555555555555556,0.5296190653233036
0.7777777777777777,0.15555555555555556,0.5014081984068445
0.8148148148148147,0.15555555555555556,0.472729722972785
0.8518518518518516,0.15555555555555556,0.40718683195588534
0.8888888888888888,0.15555555555555556,0.35195960896629236
0.9259259259259258,0.15555555555555556,0.34313627565815
0.9629629629629628,0.15555555555555556,0.2801037853157179
1.0,0.15555555555555556,0.24385168377655062
-1.0,0.18148148148148147,-0.07735437799404173
-0.962962962962963,0.18148148148148147,-0.07925100613340952
-0.9259259259259259,0.18148148148148147,-0.0686526575365018
-0.8888888888888888,0.18148148148148147,-0.10512316134330488
-0.8518518518518519,0.18148148148148147,-0.09599381001174671
-0.8148148148148149,0.18148148148148147,-0.12646665767030374
-0.7777777777777778,0.18148148148148147,-0.11073137426024104
-0.7407407407407407,0.18148148148148147,-0.15250824074376648
-0.7037037037037037,0.18148148148148147,-0.13187607756159803
-0.6666666666666667,0.18148148148148147,-0.12793012473304674
-0.6296296296296297,0.18148148148148147,-0.168598580397032
-0.5925925925925926,0.18148148148148147,-0.15097476115902003
-0.5555555555555556,0.18148148148148147,-0.15303650256006496
-0.5185185185185186,0.18148148148148147,-0.1336919489180527
-0.4814814814814815,0.18148148148148147,-0.10649707979647256
-0.4444444444444444,0.18148148148148147,-0.11099654364992614
-0.40740740740740744,0.18148148148148147,-0.09926665586834325
-0.37037037037037046,0.18148148148148147,-0.00417687815632331
-0.33333333333333337,0.18148148148148147,-0.015539211086198716
-0.2962962962962963,0.18148148148148147,0.029308454979462356
-0.2592592592592593,0.18148148148148147,0.08477829332318274
-0.22222222222222232,0.18148148148148147,0.15354683520596135
-0.18518518518518523,0.18148148148148147,0.18619979228442352
-0.14814814814814814,0.18148148148148147,0.2682089658419431
-0.11111111111111116,0.18148148148148147,0.33474337876232535
-0.07407407407407418,0.18148148148148147,0.41778182765426536
-0.03703703703703709,0.18148148148148147,0.46701411569035634
0.0,0.18148148148148147,0.5408067321920084
0.03703703703703698,0.18148148148148147,0.6034537814692092
0.07407407407407396,0.18148148148148147,0.6983200499186835
0.11111111111111116,0.18148148148148147,0.7450165937516172
0.14814814814814814,0.18148148148148147,0.8223373303364989
0.18518518518518512,0.18148148148148147,0.8289372237803607
0.2222222222222221,0.18148148148148147,0.9090125090918881
0.2592592592592591,0.18148148148148147,0.8890967144918874
0.2962962962962963,0.18148148148148147,0.9202675875958835
0.33333333333333326,0.18148148148148147,0.9416410227156075
0.37037037037037024,0.18148148148148147,0.9080435257343659
0.40740740740740744,0.18148148148148147,0.9137242747365348
0.4444444444444444,0.18148148148148147,0.9024160341812903
0.4814814814814814,0.18148148148148147,0.8116952579009785
0.5185185185185184,0.18148148148148147,0.7929190819250664
0.5555555555555554,0.18148148148148147,0.7715131474835362
0.5925925925925926,0.18148148148148147,0.7239032870984811
0.6296296296296295,0.18148148148148147,0.6871145934535534
0.6666666666666665,0.18148148148148147,0.6448940638060289
0.7037037037037037,0.18148148148148147,0.5592533022612647
0.7407407407407407,0.18148148148148147,0.5537033862030313
0.7777777777777777,0.18148148148148147,0.5042911298685391
0.8148148148148147,0.18148148148148147,0.4425300212264996
0.8518518518518516,0.18148148148148147,0.42287318456322637
0.8888888888888888,0.18148148148148147,0.3906010225471394
0.9259259259259258,0.18148148148148147,0.3351844164303791
0.9629629629629628,0.18148148148148147,0.30132849939663786
1.0,0.18148148148148147,0.2865176512727829
-1.0,0.20740740740740737,-0.04732599837878448
-0.962962962962963,0.20740740740740737,-0.03285577709798462
-0.9259259259259259,0.20740740740740737,-0.08144415435086971
-0.8888888888888888,0.20740740740740737,-0.09122345711661134
-0.8518518518518519,0.20740740740740737,-0.09245377414820512
-0.8148148148148149,0.20740740740740737,-0.06961790910980456
-0.7777777777777778,0.20740740740740737,-0.08727434767005968
-0.7407407407407407,0.20740740740740737,-0.07591957810545027
-0.7037037037037037,0.20740740740740737,-0.13112081357886415
-0.6666666666666667,0.20740740740740737,-0.12769176976613925
-0.6296296296296297,0.20740740740740737,-0.11999202142137456
-0.5925925925925926,0.20740740740740737,-0.10150855451247187
-0.5555555555555556,0.20740740740740737,-0.13044432328286854
-0.5185185185185186,0.20740740740740737,-0.10477183635626527
-0.4814814814814815,0.20740740740740737,-0.09448758400893743
-0.4444444444444444,0.20740740740740737,-0.08116235240680213
-0.40740740740740744,0.20740740740740737,-0.05862874596791686
-0.37037037037037046,0.20740740740740737,-0.019308550532540415
-0.33333333333333337,0.20740740740740737,0.018372398470772426
-0.2962962962962963,0.20740740740740737,0.034401415466694105
-0.2592592592592593,0.20740740740740737,0.10399991708505786
-0.22222222222222232,0.20740740740740737,0.15228137402753295
-0.18518518518518523,0.20740740740740737,0.20233892686370175
-0.14814814814814814,0.20740740740740737,0.2429806955504309
-0.11111111111111116,0.20740740740740737,0.33242222962718965
-0.07407407407407418,0.20740740740740737,0.37482856723692615
-0.03703703703703709,0.20740740740740737,0.4450157758145366
0.0,0.20740740740740737,0.5370031808640648
0.03703703703703698,0.20740740740740737,0.5973777225788062
0.07407407407407396,0.20740740740740737,0.6509850762737036
0.11111111111111116,0.20740740740740737,0.7008848460931881
0.14814814814814814,0.20740740740740737,0.7608378708283466
0.18518518518518512,0.20740740740740737,0.7877160871039474
0.2222222222222221,0.20740740740740737,0.8266878534902751
0.2592592592592591,0.20740740740740737,0.8165204440843918
0.2962962962962963,0.20740740740740737,0.8182074537574193
0.33333333333333326,0.20740740740740737,0.8518248072845184
0.37037037037037024,0.20740740740740737,0.8440668308705159
0.40740740740740744,0.20740740740740737,0.820254952578543
0.4444444444444444,0.20740740740740737,0.8258904544091025
0.4814814814814814,0.20740740740740737,0.7769398752178254
0.5185185185185184,0.20740740740740737,0.7677632159646364
0.5555555555555554,0.20740740740740737,0.747313479879486
0.5925925925925926,0.20740740740740737,0.6744680315236292
0.6296296296296295,0.20740740740740737,0.639463154760432
0.6666666666666665,0.20740740740740737,0.5938605213263703
0.7037037037037037,0.20740740740740737,0.5274017599414573
0.7407407407407407,0.20740740740740737,0.5156308668242207
0.7777777777777777,0.20740740740740737,0.4738210099416424
0.8148148148148147,0.20740740740740737,0.4404346259641386
0.8518518518518516,0.20740740740740737,0.40396388372392217
0.8888888888888888,0.20740740740740737,0.3738734068429991
0.9259259259259258,0.20740740740740737,0.3687813792240214
0.9629629629629628,0.20740740740740737,0.32373479480571854
1.0,0.20740740740740737,0.27326576955235077
-1.0,0.2333333333333334,-0.029770118465736045
-0.962962962962963,0.2333333333333334,-0.037192492309071706
-0.9259259259259259,0.2333333333333334,-0.036749956564024494
-0.8888888888888888,0.2333333333333334,-0.0603555077550221
-0.8518518518518519,0.2333333333333334,-0.07050867120192966
-0.8148148148148149,0.2333333333333334,-0.06425435855276457
-0.7777777777777778,0.2333333333333334,-0.07148795123374123
-0.7407407407407407,0.2333333333333334,-0.0895323514617677
-0.7037037037037037,0.2333333333333334,-0.08351452734992582
-0.6666666666666667,0.2333333333333334,-0.08156655776935595
-0.6296296296296297,0.2333333333333334,-0.06186184013213777
-0.5925925925925926,0.2333333333333334,-0.08935206998807625
-0.5555555555555556,0.2333333333333334,-0.08110579695441841
-0.5185185185185186,0.2333333333333334,-0.10795071469878764
-0.4814814814814815,0.2333333333333334,-0.07926214641205381
-0.4444444444444444,0.2333333333333334,-0.06887127928944192
-0.40740740740740744,0.2333333333333334,-0.05370767788644915
-0.37037037037037046,0.2333333333333334,-0.04080873752935407
-0.33333333333333337,0.2333333333333334,0.041062068754365744
-0.2962962962962963,0.2333333333333334,0.07812275073662957
-0.2592592592592593,0.2333333333333334,0.1024264150728931
-0.22222222222222232,0.2333333333333334,0.1356800955726017
-0.18518518518518523,0.2333333333333334,0.1911397627507023
-0.14814814814814814,0.2333333333333334,0.26134680169712365
-0.11111111111111116,0.2333333333333334,0.30629976975552364
-0.07407407407407418,0.2333333333333334,0.34653853145586444
-0.03703703703703709,0.2333333333333334,0.42208109365569474
0.0,0.2333333333333334,0.4708449863297826
0.03703703703703698,0.2333333333333334,0.5408058824979592
0.07407407407407396,0.2333333333333334,0.5925002231284309
0.11111111111111116,0.2333333333333334,0.6534509851464382
0.14814814814814814,0.2333333333333334,0.6946322021582361
0.18518518518518512,0.2333333333333334,0.711643880244126
0.2222222222222221,0.2333333333333334,0.7494787950909532
0.2592592592592591,0.2333333333333334,0.7615902712455694
0.2962962962962963,0.2333333333333334,0.7994415242297844
0.33333333333333326,0.2333333333333334,0.7917754142033917
0.37037037037037024,0.2333333333333334,0.7790935881989468
0.40740740740740744,0.2333333333333334,0.762879630234445
0.4444444444444444,0.2333333333333334,0.7288390396052168
0.4814814814814814,0.2333333333333334,0.7085842013973331
0.5185185185185184,0.2333333333333334,0.6707354124077352
0.5555555555555554,0.2333333333333334,0.6788978356155878
0.5925925925925926,0.2333333333333334,0.6459497101651837
0.6296296296296295,0.2333333333333334,0.6066925863094417
0.6666666666666665,0.2333333333333334,0.5481508111715686
0.7037037037037037,0.2333333333333334,0.4904354064909728
0.7407407407407407,0.2333333333333334,0.5089467845273492
0.7777777777777777,0.2333333333333334,0.46322273340333586
0.8148148148148147,0.2333333333333334,0.4255348885382699
0.8518518518518516,0.2333333333333334,0.3951995606600736
0.8888888888888888,0.2333333333333334,0.3921231513944933
0.9259259259259258,0.2333333333333334,0.3532675052098916
0.9629629629629628,0.2333333333333334,0.34352839122448164
1.0,0.2333333333333334,0.2812279690870685
-1.0,0.2592592592592593,-0.031086864946861095
-0.962962962962963,0.2592592592592593,-0.051082453191931505
-0.9259259259259259,0.2592592592592593,-0.04003276766998404
-0.8888888888888888,0.2592592592592593,-0.0380348598133998
-0.8518518518518519,0.2592592592592593,-0.03366872121733597
-0.8148148148148149,0.2592592592592593,-0.06729990168190475
-0.7777777777777778,0.2592592592592593,-0.0640813457098627
-0.7407407407407407,0.2592592592592593,-0.05694288142484309
-0.7037037037037037,0.2592592592592593,-0.0820753409249113
-0.6666666666666667,0.2592592592592593,-0.07143487237043951
-0.6296296296296297,0.2592592592592593,-0.08538427564967888
-0.5925925925925926,0.2592592592592593,-0.09100348898809581
-0.5555555555555556,0.2592592592592593,-0.051386689343153116
-0.5185185185185186,0.2592592592592593,-0.06991273214068065
-0.4814814814814815,0.2592592592592593,-0.05706076748307535
-0.4444444444444444,0.2592592592592593,-0.030501671282416765
-0.40740740740740744,0.2592592592592593,-0.019396883532494073
-0.37037037037037046,0.2592592592592593,-0.0060006558003434275
-0.33333333333333337,0.2592592592592593,0.0755034187126105
-0.2962962962962963,0.2592592592592593,0.08473474203963052
-0.2592592592592593,0.2592592592592593,0.09868141753492936
-0.22222222222222232,0.2592592592592593,0.1553335480141043
-0.18518518518518523,0.2592592592592593,0.16730040857146933
-0.14814814814814814,0.2592592592592593,0.22004184986837816
-0.11111111111111116,0.2592592592592593,0.3102678604102171
-0.07407407407407418,0.2592592592592593,0.3604480660246581
-0.03703703703703709,0.2592592592592593,0.40672889328406586
0.0,0.2592592592592593,0.4536327346506287
0.03703703703703698,0.2592592592592593,0.5111234211290685
0.07407407407407396,0.2592592592592593,0.5477609359409739
0.11111111111111116,0.2592592592592593,0.6059396576136545
0.14814814814814814,0.2592592592592593,0.6470873860872828
0.18518518518518512,0.2592592592592593,0.6524193185493389
0.2222222222222221,0.2592592592592593,0.6972685692721937
0.2592592592592591,0.2592592592592593,0.6999412348313068
0.2962962962962963,0.2592592592592593,0.7053610933823962
0.33333333333333326,0.2592592592592593,0.7019932118171068
0.37037037037037024,0.2592592592592593,0.7113934594816178
0.40740740740740744,0.2592592592592593,0.685119689888452
0.4444444444444444,0.2592592592592593,0.6738580019035385
0.4814814814814814,0.2592592592592593,0.6476348348616786
0.5185185185185184,0.2592592592592593,0.6010594402533835
0.5555555555555554,0.2592592592592593,0.5701169771095786
0.5925925925925926,0.2592592592592593,0.5788176182528662
0.6296296296296295,0.2592592592592593,0.5246135225362741
0.6666666666666665,0.2592592592592593,0.5107080363163344
0.7037037037037037,0.2592592592592593,0.4675975741366022
0.7407407407407407,0.2592592592592593,0.4548185179729456
0.7777777777777777,0.2592592592592593,0.4182114965435427
0.8148148148148147,0.2592592592592593,0.40255493587348185
0.8518518518518516,0.2592592592592593,0.3816584981945979
0.8888888888888888,0.2592592592592593,0.3724943608442438
0.9259259259259258,0.2592592592592593,0.35903667067858824
0.9629629629629628,0.2592592592592593,0.35262276713905827
1.0,0.2592592592592593,0.2919240680823164
-1.0,0.2851851851851852,-0.012928704619732976
-0.962962962962963,0.2851851851851852,-0.05179723672577154
-0.9259259259259259,0.2851851851851852,-0.04275696319685155
-0.8888888888888888,0.2851851851851852,-0.047898207393582096
-0.8518518518518519,0.2851851851851852,-0.03416928555671829
-0.8148148148148149,0.2851851851851852,-0.029815481363674148
-0.7777777777777778,0.2851851851851852,-0.05223992522690622
-0.7407407407407407,0.2851851851851852,-0.03845658238058665
-0.7037037037037037,0.2851851851851852,-0.05686160223618633
-0.6666666666666667,0.2851851851851852,-0.050157189059305274
-0.6296296296296297,0.2851851851851852,-0.06802891815159078
-0.5925925925925926,0.2851851851851852,-0.05293662353706577
-0.5555555555555556,0.2851851851851852,-0.05582845872667479
-0.5185185185185186,0.2851851851851852,-0.07624910052047085
-0.4814814814814815,0.2851851851851852,-0.024745153789974744
-0.4444444444444444,0.2851851851851852,-0.005587573236662598
-0.40740740740740744,0.2851851851851852,-0.03572068807642015
-0.37037037037037046,0.2851851851851852,0.02183747368682594
-0.33333333333333337,0.2851851851851852,0.05320770767359549
-0.2962962962962963,0.2851851851851852,0.09746759226562218
-0.2592592592592593,0.2851851851851852,0.10287328582076838
-0.22222222222222232,0.2851851851851852,0.16786905750708989
-0.18518518518518523,0.2851851851851852,0.19917383883237783
-0.14814814814814814,0.2851851851851852,0.26043942511666496
-0.11111111111111116,0.2851851851851852,0.27927364893839846
-0.07407407407407418,0.2851851851851852,0.3130902857296393
-0.03703703703703709,0.2851851851851852,0.3818739495092806
0.0,0.2851851851851852,0.42480943938978133
0.03703703703703698,0.2851851851851852,0.4506325224642425
0.07407407407407396,0.2851851851851852,0.49721476907151074
0.11111111111111116,0.2851851851851852,0.5547396279394514
0.14814814814814814,0.2851851851851852,0.5810771067210462
0.18518518518518512,0.2851851851851852,0.6148515789434924
0.2222222222222221,0.2851851851851852,0.6435303494399894
0.2592592592592591,0.2851851851851852,0.6307071476549202
0.2962962962962963,0.2851851851851852,0.6244530663953166
0.33333333333333326,0.2851851851851852,0.6203615217191378
0.37037037037037024,0.2851851851851852,0.6349423279118355
0.40740740740740744,0.2851851851851852,0.6291781144435844
0.4444444444444444,0.2851851851851852,0.5967278788487382
0.4814814814814814,0.2851851851851852,0.577296811370614
0.5185185185185184,0.2851851851851852,0.5371195161169223
0.5555555555555554,0.2851851851851852,0.4870008010357499
0.5925925925925926,0.2851851851851852,0.47907752685088956
0.6296296296296295,0.2851851851851852,0.47940231261530564
0.6666666666666665,0.2851851851851852,0.45230539735833514
0.7037037037037037,0.2851851851851852,0.4097554561955201
0.7407407407407407,0.2851851851851852,0.4050875346763494
0.7777777777777777,0.2851851851851852,0.40341705741261075
0.8148148148148147,0.2851851851851852,0.37209029831577806
0.8518518518518516,0.2851851851851852,0.3496433333400687
0.8888888888888888,0.2851851851851852,0.3682584691434952
0.9259259259259258,0.2851851851851852,0.3065070616210064
0.9629629629629628,0.2851851851851852,0.30733352494237315
1.0,0.2851851851851852,0.3113467443704001
-1.0,0.3111111111111111,-0.053845906476011965
-0.962962962962963,0.3111111111111111,-0.04412407749865533
-0.9259259259259259,0.3111111111111111,-0.02699131121090351
-0.8888888888888888,0.3111111111111111,-0.0006806649874427778
-0.8518518518518519,0.3111111111111111,-0.023604297806015605
-0.8148148148148149,0.3111111111111111,-0.03737681856909508
-0.7777777777777778,0.3111111111111111,-0.032898263389614
-0.7407407407407407,0.3111111111111111,-0.04925728844647157
-0.7037037037037037,0.3111111111111111,-0.053416067206041494
-0.6666666666666667,0.3111111111111111,-0.05658558797374227
-0.6296296296296297,0.3111111111111111,-0.019615268868342684
-0.5925925925925926,0.3111111111111111,-0.042441349438878354
-0.5555555555555556,0.3111111111111111,-0.031873620638292244
-0.5185185185185186,0.3111111111111111,-0.05194333600838609
-0.4814814814814815,0.3111111111111111,-0.02893794742631359
-0.4444444444444444,0.3111111111111111,-0.01992162408181141
-0.40740740740740744,0.3111111111111111,0.013774483229465484
-0.37037037037037046,0.3111111111111111,0.03620766740706595
-0.33333333333333337,0.3111111111111111,0.04385024966482648
-0.2962962962962963,0.3111111111111111,0.08188267037123691
-0.2592592592592593,0.3111111111111111,0.11157075104121549
-0.22222222222222232,0.3111111111111111,0.12637250871559663
-0.18518518518518523,0.3111111111111111,0.17362144145161895
-0.14814814814814814,0.3111111111111111,0.2281107907382348
-0.11111111111111116,0.3111111111111111,0.28665037053018183
-0.07407407407407418,0.3111111111111111,0.30071112967758085
-0.03703703703703709,0.3111111111111111,0.33693159691102004
0.0,0.3111111111111111,0.40611787225634094
0.03703703703703698,0.3111111111111111,0.4333940961853016
0.07407407407407396,0.3111111111111111,0.4921499398358548
0.11111111111111116,0.3111111111111111,0.4961214044907845
0.14814814814814814,0.3111111111111111,0.5515349013507558
0.18518518518518512,0.3111111111111111,0.564006075988768
0.2222222222222221,0.3111111111111111,0.5564909769554529
0.2592592592592591,0.3111111111111111,0.5871783754449347
0.2962962962962963,0.3111111111111111,0.5829423893545933
0.33333333333333326,0.3111111111111111,0.5799070002147045
0.37037037037037024,0.3111111111111111,0.588792760042625
0.40740740740740744,0.3111111111111111,0.5212042091751469
0.4444444444444444,0.3111111111111111,0.515303512521837
0.4814814814814814,0.3111111111111111,0.5114652971408101
0.5185185185185184,0.3111111111111111,0.4699123518634125
0.5555555555555554,0.3111111111111111,0.45949207362006467
0.5925925925925926,0.3111111111111111,0.4198147036503521
0.6296296296296295,0.3111111111111111,0.42266678719809403
0.6666666666666665,0.3111111111111111,0.3628289700765978
0.7037037037037037,0.3111111111111111,0.3674381944628637
0.7407407407407407,0.3111111111111111,0.3506510433545686
0.7777777777777777,0.3111111111111111,0.3241148440278751
0.8148148148148147,0.3111111111111111,0.32710004286795125
0.8518518518518516,0.3111111111111111,0.2827344251123043
0.8888888888888888,0.3111111111111111,0.2719979956804551
0.9259259259259258,0.3111111111111111,0.2758006952165661
0.9629629629629628,0.3111111111111111,0.2499309880286729
1.0,0.3111111111111111,0.30298935440423164
-1.0,0.337037037037037,-0.02550899390320835
-0.962962962962963,0.337037037037037,-0.022273291151528204
-0.9259259259259259,0.337037037037037,-0.03944428488144806
-0.8888888888888888,0.337037037037037,-0.0510022342526865
-0.8518518518518519,0.337037037037037,-0.015124872991002052
-0.8148148148148149,0.337037037037037,-0.03409477254568135
-0.7777777777777778,0.337037037037037,-0.04263683946407162
-0.7407407407407407,0.337037037037037,-0.006000081375963168
-0.7037037037037037,0.337037037037037,-0.028792575171868274
-0.6666666666666667,0.337037037037037,-0.019549111683516855
-0.6296296296296297,0.337037037037037,-0.05047874628175167
-0.5925925925925926,0.337037037037037,-0.001024464393207556
-0.5555555555555556,0.337037037037037,-0.02914863387767634
-0.5185185185185186,0.337037037037037,-0.015309305535049802
-0.4814814814814815,0.337037037037037,-0.002068814436091025
-0.4444444444444444,0.337037037037037,-0.010075162226642823
-0.40740740740740744,0.337037037037037,0.016505159208767717
-0.37037037037037046,0.337037037037037,0.045198096801949396
-0.33333333333333337,0.337037037037037,0.0472138296753066
-0.2962962962962963,0.337037037037037,0.09521180539299791
-0.2592592592592593,0.337037037037037,0.1329212992423436
-0.22222222222222232,0.337037037037037,0.11984251075047031
-0.18518518518518523,0.337037037037037,0.18188251563715274
-0.14814814814814814,0.337037037037037,0.19070410013380762
-0.11111111111111116,0.337037037037037,0.2521748760192197
-0.07407407407407418,0.337037037037037,0.2882256761807896
-0.03703703703703709,0.337037037037037,0.3495161567076855
0.0,0.337037037037037,0.3713032414257657
0.03703703703703698,0.337037037037037,0.41153596334550696
0.07407407407407396,0.337037037037037,0.4516403593260308
0.11111111111111116,0.337037037037037,0.46585378339880273
0.14814814814814814,0.337037037037037,0.4796701542282518
0.18518518518518512,0.337037037037037,0.5227316275262853
0.2222222222222221,0.337037037037037,0.480603829046254
0.2592592592592591,0.337037037037037,0.5076374344276424
0.2962962962962963,0.337037037037037,0.5203850377961293
0.33333333333333326,0.337037037037037,0.5539899560471435
0.37037037037037024,0.337037037037037,0.5423289127145755
0.40740740740740744,0.337037037037037,0.49110051470908345
0.4444444444444444,0.337037037037037,0.4731230845645161
0.4814814814814814,0.337037037037037,0.44417285571218795
0.5185185185185184,0.337037037037037,0.4437477908928581
0.5555555555555554,0.337037037037037,0.39719236329920293
0.5925925925925926,0.337037037037037,0.38150502735047104
0.6296296296296295,0.337037037037037,0.34812768535530153
0.6666666666666665,0.337037037037037,0.32771372637107465
0.7037037037037037,0.337037037037037,0.28697518006775313
0.7407407407407407,0.337037037037037,0.30122693363564745
0.7777777777777777,0.337037037037037,0.26352935724000615
0.8148148148148147,0.337037037037037,0.2808816584381518
0.8518518518518516,0.337037037037037,0.26160712478271997
0.8888888888888888,0.337037037037037,0.2699521959391859
0.9259259259259258,0.337037037037037,0.24970709913471453
0.9629629629629628,0.337037037037037,0.2300428498475668
1.0,0.337037037037037,0.2216658503136095
-1.0,0.36296296296296293,-0.037278768992713124
-0.962962962962963,0.36296296296296293,-0.022567121240839212
-0.9259259259259259,0.36296296296296293,-0.010168953377639144
-0.8888888888888888,0.36296296296296293,-0.0054282233468689305
-0.8518518518518519,0.36296296296296293,-0.015110016460507728
-0.8148148148148149,0.36296296296296293,-0.014771132340682221
-0.7777777777777778,0.36296296296296293,-0.04710655676838041
-0.7407407407407407,0.36296296296296293,-0.04150714062442113
-0.7037037037037037,0.36296296296296293,-0.02968550788765329
-0.6666666666666667,0.36296296296296293,-0.02655189731450034
-0.6296296296296297,0.36296296296296293,-0.018716397427424834
-0.5925925925925926,0.36296296296296293,-0.013907129404323825
-0.5555555555555556,0.36296296296296293,-0.011250021097615593
-0.5185185185185186,0.36296296296296293,-0.008509400839809533
-0.4814814814814815,0.36296296296296293,0.01829394385316789
-0.4444444444444444,0.36296296296296293,0.02362812200821751
-0.40740740740740744,0.36296296296296293,0.0072981525498110635
-0.37037037037037046,0.36296296296296293,0.007062177065871221
-0.33333333333333337,0.36296296296296293,0.07175183950151388
-0.2962962962962963,0.36296296296296293,0.04928459527112033
-0.2592592592592593,0.36296296296296293,0.11661745387513309
-0.22222222222222232,0.36296296296296293,0.1576789156091099
-0.18518518518518523,0.36296296296296293,0.17394966855028154
-0.14814814814814814,0.36296296296296293,0.1916498353781751
-0.11111111111111116,0.36296296296296293,0.23331371492132263
-0.07407407407407418,0.36296296296296293,0.27800826275879914
-0.03703703703703709,0.36296296296296293,0.2924090190281314
0.0,0.36296296296296293,0.3476525738139221
0.03703703703703698,0.36296296296296293,0.35777151053163253
0.07407407407407396,0.36296296296296293,0.3773219796223673
0.11111111111111116,0.36296296296296293,0.3950620288116433
0.14814814814814814,0.36296296296296293,0.4268247916545802
0.18518518518518512,0.36296296296296293,0.47348898544755014
0.2222222222222221,0.36296296296296293,0.4588639175495511
0.2592592592592591,0.36296296296296293,0.4792158714212166
0.2962962962962963,0.36296296296296293,0.4972516389281316
0.33333333333333326,0.36296296296296293,0.4398166724171235
0.37037037037037024,0.36296296296296293,0.4432184747917307
0.40740740740740744,0.36296296296296293,0.4341268758659625
0.4444444444444444,0.36296296296296293,0.4258333389484872
0.4814814814814814,0.36296296296296293,0.4110784349608416
0.5185185185185184,0.36296296296296293,0.35406364712374644
0.5555555555555554,0.36296296296296293,0.356934290493605
0.5925925925925926,0.36296296296296293,0.3106926963057524
0.6296296296296295,0.36296296296296293,0.30723617882869336
0.6666666666666665,0.36296296296296293,0.255165678885873
0.7037037037037037,0.36296296296296293,0.24508937450788845
0.7407407407407407,0.36296296296296293,0.2544101835684499
0.7777777777777777,0.36296296296296293,0.2237760370557801
0.8148148148148147,0.36296296296296293,0.21529104333059068
0.8518518518518516,0.36296296296296293,0.19152530076813643
0.8888888888888888,0.36296296296296293,0.22099924886928224
0.9259259259259258,0.36296296296296293,0.1853176016413269
0.9629629629629628,0.36296296296296293,0.17700487784190938
1.0,0.36296296296296293,0.19763258125227617
-1.0,0.38888888888888884,0.017843345334127597
-0.962962962962963,0.38888888888888884,-0.019863525246403134
-0.9259259259259259,0.38888888888888884,-0.01795819795515696
-0.8888888888888888,0.38888888888888884,-0.03878087188705938
-0.8518518518518519,0.38888888888888884,-0.024076984236458817
-0.8148148148148149,0.38888888888888884,-0.006079662559704407
-0.7777777777777778,0.38888888888888884,-0.04413743912080442
-0.7407407407407407,0.38888888888888884,0.015882897933140093
-0.7037037037037037,0.38888888888888884,-0.00047445430757730653
-0.6666666666666667,0.38888888888888884,-0.033148183324366275
-0.6296296296296297,0.38888888888888884,-0.020778294461234845
-0.5925925925925926,0.38888888888888884,-0.0032380339475132393
-0.5555555555555556,0.38888888888888884,-0.007215067033690962
-0.5185185185185186,0.38888888888888884,0.009159951242322044
-0.4814814814814815,0.38888888888888884,0.004040412581890977
-0.4444444444444444,0.38888888888888884,-0.004384409319933695
-0.40740740740740744,0.38888888888888884,0.031364884055259265
-0.37037037037037046,0.38888888888888884,0.05207472528854524
-0.33333333333333337,0.38888888888888884,0.062333963671168474
-0.2962962962962963,0.38888888888888884,0.08422760624249376
-0.2592592592592593,0.38888888888888884,0.12405965737183894
-0.22222222222222232,0.38888888888888884,0.1339145482233281
-0.18518518518518523,0.38888888888888884,0.14736858261374605
-0.14814814814814814,0.38888888888888884,0.20104382531777584
-0.11111111111111116,0.38888888888888884,0.2340091540055618
-0.07407407407407418,0.38888888888888884,0.2577000696506576
-0.03703703703703709,0.38888888888888884,0.2474450381351252
0.0,0.38888888888888884,0.2785785826743124
0.03703703703703698,0.38888888888888884,0.34250587243029545
0.07407407407407396,0.38888888888888884,0.3400642522012998
0.11111111111111116,0.38888888888888884,0.3921278422736965
0.14814814814814814,0.38888888888888884,0.38771246736354187
0.18518518518518512,0.38888888888888884,0.4372777330572597
0.2222222222222221,0.38888888888888884,0.41113901413762205
0.2592592592592591,0.38888888888888884,0.4151727666392535
0.2962962962962963,0.38888888888888884,0.4095692893493801
0.33333333333333326,0.38888888888888884,0.4085961636079514
0.37037037037037024,0.38888888888888884,0.39578838386039483
0.40740740740740744,0.38888888888888884,0.3927317613034374
0.4444444444444444,0.38888888888888884,0.37462360171260406
0.4814814814814814,0.38888888888888884,0.3496143332187089
0.5185185185185184,0.38888888888888884,0.3396465778632642
0.5555555555555554,0.38888888888888884,0.3165537169268948
0.5925925925925926,0.38888888888888884,0.2995884356212203
0.6296296296296295,0.38888888888888884,0.274466414761791
0.6666666666666665,0.38888888888888884,0.25215368529791243
0.7037037037037037,0.38888888888888884,0.20956971194714313
0.7407407407407407,0.38888888888888884,0.19903928873988133
0.7777777777777777,0.38888888888888884,0.1593957569935012
0.8148148148148147,0.38888888888888884,0.17157684896887157
0.8518518518518516,0.38888888888888884,0.1626536940547429
0.8888888888888888,0.38888888888888884,0.17396753365713793
0.9259259259259258,0.38888888888888884,0.15065283133607368
0.9629629629629628,0.38888888888888884,0.14659201041429765
1.0,0.38888888888888884,0.15304956581242102
-1.0,0.41481481481481475,-0.015194510131857252
-0.962962962962963,0.41481481481481475,-0.019793426932824598
-0.9259259259259259,0.41481481481481475,-0.037249163502533815
-0.8888888888888888,0.41481481481481475,-0.01692602304320557
-0.8518518518518519,0.41481481481481475,0.012031672039476119
-0.8148148148148149,0.41481481481481475,-0.004687507979795329
-0.7777777777777778,0.41481481481481475,-0.03059259027631181
-0.7407407407407407,0.41481481481481475,0.016291992600473613
-0.7037037037037037,0.41481481481481475,-0.01771648506456648
-0.6666666666666667,0.41481481481481475,-0.01684298672405541
-0.6296296296296297,0.41481481481481475,-0.009213480392655035
-0.5925925925925926,0.41481481481481475,0.009857194640255945
-0.5555555555555556,0.41481481481481475,-0.01483463271647584
-0.5185185185185186,0.41481481481481475,0.03048383494488466
-0.4814814814814815,0.41481481481481475,0.030283994926125796
-0.4444444444444444,0.41481481481481475,-0.008622349617883936
-0.40740740740740744,0.41481481481481475,0.029249258974428604
-0.37037037037037046,0.41481481481481475,0.056264784505362785
-0.33333333333333337,0.41481481481481475,0.0936811955486829
-0.2962962962962963,0.41481481481481475,0.08778332369204858
-0.2592592592592593,0.41481481481481475,0.08520900689829851
-0.22222222222222232,0.41481481481481475,0.09288013215465302
-0.18518518518518523,0.41481481481481475,0.11375297630330879
-0.14814814814814814,0.41481481481481475,0.19700564018139982
-0.11111111111111116,0.41481481481481475,0.1688996417714829
-0.07407407407407418,0.41481481481481475,0.22455393332843945
-0.03703703703703709,0.41481481481481475,0.2500234913943798
0.0,0.41481481481481475,0.28574583409515847
0.03703703703703698,0.41481481481481475,0.28986674332892504
0.07407407407407396,0.41481481481481475,0.3178010560126189
0.11111111111111116,0.41481481481481475,0.32314064092551187
0.14814814814814814,0.41481481481481475,0.32823863318807295
0.18518518518518512,0.41481481481481475,0.35302429265126756
0.2222222222222221,0.41481481481481475,0.3508566094248944
0.2592592592592591,0.41481481481481475,0.38969969939716353
0.2962962962962963,0.41481481481481475,0.3814960942267515
0.33333333333333326,0.41481481481481475,0.3417693521881636
0.37037037037037024,0.41481481481481475,0.35214407727644975
0.40740740740740744,0.41481481481481475,0.357759651733722
0.4444444444444444,0.41481481481481475,0.3164001061369167
0.4814814814814814,0.41481481481481475,0.2775760052240948
0.5185185185185184,0.41481481481481475,0.28399067653014365
0.5555555555555554,0.41481481481481475,0.26398215801845865
0.5925925925925926,0.41481481481481475,0.23832358364452894
0.6296296296296295,0.41481481481481475,0.23044495376959986
0.6666666666666665,0.41481481481481475,0.2007251284029817
0.7037037037037037,0.41481481481481475,0.18177256709760967
0.7407407407407407,0.41481481481481475,0.1540086308101944
0.7777777777777777,0.41481481481481475,0.1561641301256806
0.8148148148148147,0.41481481481481475,0.1547694096480593
0.8518518518518516,0.41481481481481475,0.13926432536085995
0.8888888888888888,0.41481481481481475,0.1408392355147788
0.9259259259259258,0.41481481481481475,0.11887384106150255
0.9629629629629628,0.41481481481481475,0.11513367318593079
1.0,0.41481481481481475,0.10258125599830242
-1.0,0.44074074074074066,0.007044609254912458
-0.962962962962963,0.44074074074074066,-0.01324746634609934
-0.9259259259259259,0.44074074074074066,0.003260976626327943
-0.8888888888888888,0.44074074074074066,-0.017119389936698454
-0.8518518518518519,0.44074074074074066,-4.3666917255826346e-05
-0.8148148148148149,0.44074074074074066,-0.019313748284966098
-0.7777777777777778,0.44074074074074066,-0.01376880974017457
-0.7407407407407407,0.44074074074074066,-0.016726084238609967
-0.7037037037037037,0.44074074074074066,-0.022614660628981792
-0.6666666666666667,0.44074074074074066,-0.015823411467228772
-0.6296296296296297,0.44074074074074066,-0.014969991762369147
-0.5925925925925926,0.44074074074074066,0.014458782395051373
-0.5555555555555556,0.44074074074074066,-0.006124512225378241
-0.5185185185185186,0.44074074074074066,-0.0007745354622017689
-0.4814814814814815,0.44074074074074066,0.00876509341880854
-0.4444444444444444,0.44074074074074066,0.0267588106681319
-0.40740740740740744,0.44074074074074066,0.012611257974983095
-0.37037037037037046,0.44074074074074066,0.04780236368131251
-0.33333333333333337,0.44074074074074066,0.05113676239575975
-0.2962962962962963,0.44074074074074066,0.0985702241009753
-0.2592592592592593,0.44074074074074066,0.08426035230128644
-0.22222222222222232,0.44074074074074066,0.102838639418201
-0.18518518518518523,0.44074074074074066,0.10600256245899795
-0.14814814814814814,0.44074074074074066,0.16042422225100333
-0.11111111111111116,0.44074074074074066,0.1616118712127233
-0.07407407407407418,0.44074074074074066,0.17944434538049645
-0.03703703703703709,0.44074074074074066,0.19340854937149146
0.0,0.44074074074074066,0.22489374683403549
0.03703703703703698,0.44074074074074066,0.2649317605569082
0.07407407407407396,0.44074074074074066,0.27002172767945914
0.11111111111111116,0.44074074074074066,0.3136575089610768
0.14814814814814814,0.44074074074074066,0.3302352432267753
0.18518518518518512,0.44074074074074066,0.3105733579036879
0.2222222222222221,0.44074074074074066,0.3180623227523708
0.2592592592592591,0.44074074074074066,0.34292308437699104
0.2962962962962963,0.44074074074074066,0.3626126949413003
0.33333333333333326,0.44074074074074066,0.3354327451218845
0.37037037037037024,0.44074074074074066,0.3317617953682363
0.40740740740740744,0.44074074074074066,0.268343998769298
0.4444444444444444,0.44074074074074066,0.26536430698041913
0.4814814814814814,0.44074074074074066,0.26672455552710855
0.5185185185185184,0.44074074074074066,0.2405843090892035
0.5555555555555554,0.44074074074074066,0.22541078191412314
0.5925925925925926,0.44074074074074066,0.21815944650695474
0.6296296296296295,0.44074074074074066,0.18458941686228855
0.6666666666666665,0.44074074074074066,0.18058538595135762
0.7037037037037037,0.44074074074074066,0.1739387014410982
0.7407407407407407,0.44074074074074066,0.14034770259155027
0.7777777777777777,0.44074074074074066,0.11479864355013183
0.8148148148148147,0.44074074074074066,0.09473402351897292
0.8518518518518516,0.44074074074074066,0.09650742529611847
0.8888888888888888,0.44074074074074066,0.10193000985869276
0.9259259259259258,0.44074074074074066,0.08904602272373215
0.9629629629629628,0.44074074074074066,0.1101073833672998
1.0,0.44074074074074066,0.05379491610310411
-1.0,0.4666666666666668,-0.01966932244971964
-0.962962962962963,0.4666666666666668,0.012190949540060152
-0.9259259259259259,0.4666666666666668,-0.023280462452389572
-0.8888888888888888,0.4666666666666668,-0.02700500627720543
-0.8518518518518519,0.4666666666666668,-0.01408553679890082
-0.8148148148148149,0.4666666666666668,-0.006080063292665611
-0.7777777777777778,0.4666666666666668,-0.009875463402411244
-0.7407407407407407,0.4666666666666668,-0.012805073819939183
-0.7037037037037037,0.4666666666666668,-0.032707177294186186
-0.6666666666666667,0.4666666666666668,0.020683867168623638
-0.6296296296296297,0.4666666666666668,0.019188245090237872
-0.5925925925925926,0.4666666666666668,-0.018039912696233194
-0.5555555555555556,0.4666666666666668,0.011554911537387354
-0.5185185185185186,0.4666666666666668,0.005770464719160851
-0.4814814814814815,0.4666666666666668,0.00528340822549098
-0.4444444444444444,0.4666666666666668,0.0340241481144502
-0.40740740740740744,0.4666666666666668,0.015728177873993297
-0.37037037037037046,0.4666666666666668,0.03394822698850948
-0.33333333333333337,0.4666666666666668,0.06853437599160533
-0.2962962962962963,0.4666666666666668,0.07521395833456368
-0.2592592592592593,0.4666666666666668,0.07208752930734465
-0.22222222222222232,0.4666666666666668,0.10828685501459598
-0.18518518518518523,0.4666666666666668,0.15364801412986462
-0.14814814814814814,0.4666666666666668,0.12838876400053006
-0.11111111111111116,0.4666666666666668,0.15156909197531931
-0.07407407407407418,0.4666666666666668,0.18695968401886123
-0.03703703703703709,0.4666666666666668,0.1951228190984773
0.0,0.4666666666666668,0.22358675879457507
0.03703703703703698,0.4666666666666668,0.21445631168209678
0.07407407407407396,0.4666666666666668,0.2568097437444222
0.11111111111111116,0.4666666666666668,0.2579101399130387
0.14814814814814814,0.4666666666666668,0.2619739709944189
0.18518518518518512,0.4666666666666668,0.29965746394821036
0.2222222222222221,0.4666666666666668,0.27966938307034644
0.2592592592592591,0.4666666666666668,0.3179235212203142
0.2962962962962963,0.4666666666666668,0.2940852168166539
0.33333333333333326,0.4666666666666668,0.27046663752444594
0.37037037037037024,0.4666666666666668,0.26860352337111215
0.40740740740740744,0.4666666666666668,0.2554949704656269
0.4444444444444444,0.4666666666666668,0.2481636374900254
0.4814814814814814,0.4666666666666668,0.24219360872856951
0.5185185185185184,0.4666666666666668,0.22165359862571993
0.5555555555555554,0.4666666666666668,0.2134195498001675
0.5925925925925926,0.4666666666666668,0.16989090111246602
0.6296296296296295,0.4666666666666668,0.17535516210840255
0.6666666666666665,0.4666666666666668,0.15072000214311582
0.7037037037037037,0.4666666666666668,0.14847498924467914
0.7407407407407407,0.4666666666666668,0.1261020729318856
0.7777777777777777,0.4666666666666668,0.1324112356128005
0.8148148148148147,0.4666666666666668,0.08569365963896768
0.8518518518518516,0.4666666666666668,0.10567522578981083
0.8888888888888888,0.4666666666666668,0.07142861553055017
0.9259259259259258,0.4666666666666668,0.08734582595205265
0.9629629629629628,0.4666666666666668,0.07685596780211561
1.0,0.4666666666666668,0.04331051226931737
-1.0,0.4925925925925927,0.02576750898631543
-0.962962962962963,0.4925925925925927,0.012003540569611114
-0.9259259259259259,0.4925925925925927,-0.017196963237886435
-0.8888888888888888,0.4925925925925927,-0.018394977506182197
-0.8518518518518519,0.4925925925925927,-0.03896904296492038
-0.8148148148148149,0.4925925925925927,0.019568513078979104
-0.7777777777777778,0.4925925925925927,-0.012013451885978486
-0.7407407407407407,0.4925925925925927,-2.8372758785537473e-05
-0.7037037037037037,0.4925925925925927,-0.0250901475375502
-0.6666666666666667,0.4925925925925927,0.004930997431466256
-0.6296296296296297,0.4925925925925927,0.01694299953126402
-0.5925925925925926,0.4925925925925927,0.020301137680413323
-0.5555555555555556,0.4925925925925927,0.009275800109111231
-0.5185185185185186,0.4925925925925927,0.0014916081176633324
-0.4814814814814815,0.4925925925925927,0.01599388087787888
-0.4444444444444444,0.4925925925925927,0.009405696353057831
-0.40740740740740744,0.4925925925925927,0.0026400962909003366
-0.37037037037037046,0.4925925925925927,0.008340146641646656
-0.33333333333333337,0.4925925925925927,0.05216614834881111
-0.2962962962962963,0.4925925925925927,0.08197714407553414
-0.2592592592592593,0.4925925925925927,0.07646712611133784
-0.22222222222222232,0.4925925925925927,0.09514536611518412
-0.18518518518518523,0.4925925925925927,0.10561144438639782
-0.14814814814814814,0.4925925925925927,0.10200104212148792
-0.11111111111111116,0.4925925925925927,0.15831220536544463
-0.07407407407407418,0.4925925925925927,0.1418782337493205
-0.03703703703703709,0.4925925925925927,0.19556038055904806
0.0,0.4925925925925927,0.17972348057058624
0.03703703703703698,0.4925925925925927,0.17797499600156444
0.07407407407407396,0.4925925925925927,0.22404713474502524
0.11111111111111116,0.4925925925925927,0.21627860213941816
0.14814814814814814,0.4925925925925927,0.2672605189940897
0.18518518518518512,0.4925925925925927,0.2466176126393565
0.2222222222222221,0.4925925925925927,0.24401714065408117
0.2592592592592591,0.4925925925925927,0.2622680494741154
0.2962962962962963,0.4925925925925927,0.2715707610088444
0.33333333333333326,0.4925925925925927,0.23467764589525839
0.37037037037037024,0.4925925925925927,0.2493390400309462
0.40740740740740744,0.4925925925925927,0.2212287598734433
0.4444444444444444,0.4925925925925927,0.22164356215168207
0.4814814814814814,0.4925925925925927,0.1971873519062515
0.5185185185185184,0.4925925925925927,0.1779227214108407
0.5555555555555554,0.4925925925925927,0.17281032809962427
0.5925925925925926,0.4925925925925927,0.16320080983837684
0.6296296296296295,0.4925925925925927,0.13019050181537956
0.6666666666666665,0.4925925925925927,0.12165659868222742
0.7037037037037037,0.4925925925925927,0.0993094526116306
0.7407407407407407,0.4925925925925927,0.08292392511643466
0.7777777777777777,0.4925925925925927,0.04981508579729159
0.8148148148148147,0.4925925925925927,0.05620379714907932
0.8518518518518516,0.4925925925925927,0.08439857285877594
0.8888888888888888,0.4925925925925927,0.06907173705900886
0.9259259259259258,0.4925925925925927,0.0816631869941471
0.9629629629629628,0.4925925925925927,0.03694768037002545
1.0,0.4925925925925927,0.055594930264289494
-1.0,0.5185185185185186,-0.005289624935953051
-0.962962962962963,0.5185185185185186,0.006615822355844446
-0.9259259259259259,0.5185185185185186,-0.01014227488013073
-0.8888888888888888,0.5185185185185186,0.016861835835690533
-0.8518518518518519,0.5185185185185186,0.017158032606424258
-0.8148148148148149,0.5185185185185186,-0.040656308554867036
-0.7777777777777778,0.5185185185185186,0.026273020189250124
-0.7407407407407407,0.5185185185185186,0.025467632882614475
-0.7037037037037037,0.5185185185185186,-0.02321889370341598
-0.6666666666666667,0.5185185185185186,0.0033940394532675743
-0.6296296296296297,0.5185185185185186,-0.015127451985493907
-0.5925925925925926,0.5185185185185186,0.0012194018355580888
-0.5555555555555556,0.5185185185185186,0.017393041854506984
-0.5185185185185186,0.5185185185185186,0.01177253591166126
-0.4814814814814815,0.5185185185185186,0.00867578108634538
-0.4444444444444444,0.5185185185185186,0.020842404536087492
-0.40740740740740744,0.5185185185185186,0.053904877263828616
-0.37037037037037046,0.5185185185185186,0.01776441520922817
-0.33333333333333337,0.5185185185185186,0.026670345068671324
-0.2962962962962963,0.5185185185185186,0.0629556241173657
-0.2592592592592593,0.5185185185185186,0.07280049069075412
-0.22222222222222232,0.5185185185185186,0.08047011192836408
-0.18518518518518523,0.5185185185185186,0.10861142454208697
-0.14814814814814814,0.5185185185185186,0.10372181438905208
-0.11111111111111116,0.5185185185185186,0.10037534111100045
-0.07407407407407418,0.5185185185185186,0.1128233387975851
-0.03703703703703709,0.5185185185185186,0.15793097459140573
0.0,0.5185185185185186,0.16603864000901017
0.03703703703703698,0.5185185185185186,0.16454189111153977
0.07407407407407396,0.5185185185185186,0.1885723446347871
0.11111111111111116,0.5185185185185186,0.20771223899229405
0.14814814814814814,0.5185185185185186,0.2172264048182949
0.18518518518518512,0.5185185185185186,0.19659503632294312
0.2222222222222221,0.5185185185185186,0.20246872857913714
0.2592592592592591,0.5185185185185186,0.21968367967883565
0.2962962962962963,0.5185185185185186,0.21992949141341298
0.33333333333333326,0.5185185185185186,0.23269896542581597
0.37037037037037024,0.5185185185185186,0.20642639195458787
0.40740740740740744,0.5185185185185186,0.19072194507652543
0.4444444444444444,0.5185185185185186,0.18944925562004108
0.4814814814814814,0.5185185185185186,0.17098122618186806
0.5185185185185184,0.5185185185185186,0.17926658922441602
0.5555555555555554,0.5185185185185186,0.1436962197171593
0.5925925925925926,0.5185185185185186,0.14707517456066216
0.6296296296296295,0.5185185185185186,0.13530603796492327
0.6666666666666665,0.5185185185185186,0.09081040165958354
0.7037037037037037,0.5185185185185186,0.10752820196604239
0.7407407407407407,0.5185185185185186,0.0846075474819206
0.7777777777777777,0.5185185185185186,0.06939662691214257
0.8148148148148147,0.5185185185185186,0.08963697114047958
0.8518518518518516,0.5185185185185186,0.04900951206818114
0.8888888888888888,0.5185185185185186,0.048349597734757874
0.9259259259259258,0.5185185185185186,0.018586316260281094
0.9629629629629628,0.5185185185185186,0.049666333926890786
1.0,0.5185185185185186,0.031467410892415906
-1.0,0.5444444444444445,-0.009936006964584214
-0.962962962962963,0.5444444444444445,0.01053523408107405
-0.9259259259259259,0.5444444444444445,0.024753411163685447
-0.8888888888888888,0.5444444444444445,-0.0010724879574260746
-0.8518518518518519,0.5444444444444445,0.032516908662704756
-0.8148148148148149,0.5444444444444445,0.007146130117402595
-0.7777777777777778,0.5444444444444445,-0.005948430342925651
-0.7407407407407407,0.5444444444444445,0.016435946618722323
-0.7037037037037037,0.5444444444444445,-0.005635763635815467
-0.6666666666666667,0.5444444444444445,0.022798073209923893
-0.6296296296296297,0.5444444444444445,0.008256115005927916
-0.5925925925925926,0.5444444444444445,-0.0033914352384953024
-0.5555555555555556,0.5444444444444445,0.002743905102340568
-0.5185185185185186,0.5444444444444445,0.008060574851352647
-0.4814814814814815,0.5444444444444445,0.026345056811681665
-0.4444444444444444,0.5444444444444445,0.009399661575929438
-0.40740740740740744,0.5444444444444445,0.035841542337015496
-0.37037037037037046,0.5444444444444445,0.0361139314787059
-0.33333333333333337,0.5444444444444445,0.03710016978777293
-0.2962962962962963,0.5444444444444445,0.06489854480922765
-0.2592592592592593,0.5444444444444445,0.054766259406867246
-0.22222222222222232,0.5444444444444445,0.07901923141295243
-0.18518518518518523,0.5444444444444445,0.07584909141472222
-0.14814814814814814,0.5444444444444445,0.09748182970321151
-0.11111111111111116,0.5444444444444445,0.08748938625583594
-0.07407407407407418,0.5444444444444445,0.11175169991906996
-0.03703703703703709,0.5444444444444445,0.13163510495838449
0.0,0.5444444444444445,0.14067245809740056
0.03703703703703698,0.5444444444444445,0.1308349026181491
0.07407407407407396,0.5444444444444445,0.15247744919675582
0.11111111111111116,0.5444444444444445,0.1723166706693149
0.14814814814814814,0.5444444444444445,0.16941051723086262
0.18518518518518512,0.5444444444444445,0.188600281314925
0.2222222222222221,0.5444444444444445,0.1587883700664337
0.2592592592592591,0.5444444444444445,0.18384474269018206
0.2962962962962963,0.5444444444444445,0.1990808820110944
0.33333333333333326,0.5444444444444445,0.18558455651549025
0.37037037037037024,0.5444444444444445,0.1917396969093709
0.40740740740740744,0.5444444444444445,0.15297644115922918
0.4444444444444444,0.5444444444444445,0.15584156647529585
0.4814814814814814,0.5444444444444445,0.14275492462385023
0.5185185185185184,0.5444444444444445,0.13920783357430444
0.5555555555555554,0.5444444444444445,0.10796191573435102
0.5925925925925926,0.5444444444444445,0.11631763574031258
0.6296296296296295,0.5444444444444445,0.1182804668429961
0.6666666666666665,0.5444444444444445,0.11382272728978368
0.7037037037037037,0.5444444444444445,0.10897021803909993
0.7407407407407407,0.5444444444444445,0.051323088045564916
0.7777777777777777,0.5444444444444445,0.05063237173396902
0.8148148148148147,0.5444444444444445,0.03465009572152854
0.8518518518518516,0.5444444444444445,0.028000050500937183
0.8888888888888888,0.5444444444444445,0.040558329507726434
0.9259259259259258,0.5444444444444445,0.05726715904222508
0.9629629629629628,0.5444444444444445,0.03211697244953292
1.0,0.5444444444444445,0.030181516027669296
-1.0,0.5703703703703704,0.006532577115245407
-0.962962962962963,0.5703703703703704,0.002811467811348972
-0.9259259259259259,0.5703703703703704,-0.0013369363782256476
-0.8888888888888888,0.5703703703703704,-0.01063029332242269
-0.8518518518518519,0.5703703703703704,-0.004392004865926578
-0.8148148148148149,0.5703703703703704,-0.016901140389344555
-0.7777777777777778,0.5703703703703704,-0.01071370737158047
-0.7407407407407407,0.5703703703703704,0.012126377776534624
-0.7037037037037037,0.5703703703703704,-0.012507874128883672
-0.6666666666666667,0.5703703703703704,-0.018324433835752687
-0.6296296296296297,0.5703703703703704,0.01090724453669557
-0.5925925925925926,0.5703703703703704,-0.0066436624554777795
-0.5555555555555556,0.5703703703703704,0.009651947334735051
-0.5185185185185186,0.5703703703703704,0.002585486534006769
-0.4814814814814815,0.5703703703703704,0.013047258252044754
-0.4444444444444444,0.5703703703703704,0.0039891342673539255
-0.40740740740740744,0.5703703703703704,0.006641931372090166
-0.37037037037037046,0.5703703703703704,0.02108147743244298
-0.33333333333333337,0.5703703703703704,0.05371916398395607
-0.2962962962962963,0.5703703703703704,0.04875627288182408
-0.2592592592592593,0.5703703703703704,0.04059728455651237
-0.22222222222222232,0.5703703703703704,0.061892347398393464
-0.18518518518518523,0.5703703703703704,0.06935595974430124
-0.14814814814814814,0.5703703703703704,0.06493418570954002
-0.11111111111111116,0.5703703703703704,0.0885086995858758
-0.07407407407407418,0.5703703703703704,0.1122685752497255
-0.03703703703703709,0.5703703703703704,0.09940913711881073
0.0,0.5703703703703704,0.10977129893621501
0.03703703703703698,0.5703703703703704,0.11082577837713167
0.07407407407407396,0.5703703703703704,0.11138913015963203
0.11111111111111116,0.5703703703703704,0.1328326836871417
0.14814814814814814,0.5703703703703704,0.13899002800228513
0.18518518518518512,0.5703703703703704,0.14390576152548137
0.2222222222222221,0.5703703703703704,0.1440521850331722
0.2592592592592591,0.5703703703703704,0.17614794291967356
0.2962962962962963,0.5703703703703704,0.15747301486067627
0.33333333333333326,0.5703703703703704,0.15210148029644388
0.37037037037037024,0.5703703703703704,0.1486947829993271
0.40740740740740744,0.5703703703703704,0.15967518761806748
0.4444444444444444,0.5703703703703704,0.14561345921327062
0.4814814814814814,0.5703703703703704,0.11386138539831268
0.5185185185185184,0.5703703703703704,0.13277152752412608
0.5555555555555554,0.5703703703703704,0.09581173744997003
0.5925925925925926,0.5703703703703704,0.10731285330230365
0.6296296296296295,0.5703703703703704,0.09452068542403905
0.6666666666666665,0.5703703703703704,0.05115297823035028
0.7037037037037037,0.5703703703703704,0.049264372006650535
0.7407407407407407,0.5703703703703704,0.07864717124255709
0.7777777777777777,0.5703703703703704,0.0540941210066364
0.8148148148148147,0.5703703703703704,0.04162272209834352
0.8518518518518516,0.5703703703703704,0.051464293785993605
0.8888888888888888,0.5703703703703704,0.04558031070189401
0.9259259259259258,0.5703703703703704,0.02163538748880838
0.9629629629629628,0.5703703703703704,0.04082362681908086
1.0,0.5703703703703704,0.023702218891542413
-1.0,0.5962962962962963,-0.02368953246880329
-0.962962962962963,0.5962962962962963,0.015536724032670438
-0.9259259259259259,0.5962962962962963,-0.018782390225767543
-0.8888888888888888,0.5962962962962963,-0.01418540179136554
-0.8518518518518519,0.5962962962962963,0.01174338048437918
-0.8148148148148149,0.5962962962962963,-0.02218496346245714
-0.7777777777777778,0.5962962962962963,0.00047231637162626093
-0.7407407407407407,0.5962962962962963,0.0101653837934995
-0.7037037037037037,0.5962962962962963,-0.004890533074347282
-0.6666666666666667,0.5962962962962963,0.00934785630487607
-0.6296296296296297,0.5962962962962963,-0.006121544223539965
-0.5925925925925926,0.5962962962962963,0.01378572702154953
-0.5555555555555556,0.5962962962962963,0.021210727494266966
-0.5185185185185186,0.5962962962962963,0.01939066817265417
-0.4814814814814815,0.5962962962962963,0.01158246751722807
-0.4444444444444444,0.5962962962962963,-0.002145883540936939
-0.40740740740740744,0.5962962962962963,0.01203849680944173
-0.37037037037037046,0.5962962962962963,0.004357400801671296
-0.33333333333333337,0.5962962962962963,0.012393024156266273
-0.2962962962962963,0.5962962962962963,0.023333524212823153
-0.2592592592592593,0.5962962962962963,0.04862376232845126
-0.22222222222222232,0.5962962962962963,0.05644074474051497
-0.18518518518518523,0.5962962962962963,0.025018540662152686
-0.14814814814814814,0.5962962962962963,0.0755854485921445
-0.11111111111111116,0.5962962962962963,0.07414578671109336
-0.07407407407407418,0.5962962962962963,0.08146672356874039
-0.03703703703703709,0.5962962962962963,0.08849971751191095
0.0,0.5962962962962963,0.10982918095453698
0.03703703703703698,0.5962962962962963,0.09271199008039122
0.07407407407407396,0.5962962962962963,0.1289786547916854
0.11111111111111116,0.5962962962962963,0.14227600156060533
0.14814814814814814,0.5962962962962963,0.11619048956663855
0.18518518518518512,0.5962962962962963,0.12961124340678615
0.2222222222222221,0.5962962962962963,0.12416548050204719
0.2592592592592591,0.5962962962962963,0.12843202932070946
0.2962962962962963,0.5962962962962963,0.11000554281144824
0.33333333333333326,0.5962962962962963,0.1423029326662848
0.37037037037037024,0.5962962962962963,0.14682421824798758
0.40740740740740744,0.5962962962962963,0.10628281458968418
0.4444444444444444,0.5962962962962963,0.1337620580217822
0.4814814814814814,0.5962962962962963,0.08552694942951103
0.5185185185185184,0.5962962962962963,0.07353918829215293
0.5555555555555554,0.5962962962962963,0.10932276086709758
0.5925925925925926,0.5962962962962963,0.09669979559994052
0.6296296296296295,0.5962962962962963,0.060155917087607
0.6666666666666665,0.5962962962962963,0.07031468150612308
0.7037037037037037,0.5962962962962963,0.04025824976838254
0.7407407407407407,0.5962962962962963,0.054229318459774675
0.7777777777777777,0.5962962962962963,0.0675490310196004
0.8148148148148147,0.5962962962962963,0.029424439667431232
0.8518518518518516,0.5962962962962963,0.029012247356618025
0.8888888888888888,0.5962962962962963,0.0377937060997328
0.9259259259259258,0.5962962962962963,0.007189719753309358
0.9629629629629628,0.5962962962962963,0.01657960296789041
1.0,0.5962962962962963,0.0011442172836174762
-1.0,0.6222222222222222,0.010501740184906743
-0.962962962962963,0.6222222222222222,0.004697888637819099
-0.9259259259259259,0.6222222222222222,-4.877410320138181e-05
-0.8888888888888888,0.6222222222222222,0.014523827643104021
-0.8518518518518519,0.6222222222222222,-0.007338044343646746
-0.8148148148148149,0.6222222222222222,0.009542680342934796
-0.7777777777777778,0.6222222222222222,-0.0106343340124841
-0.7407407407407407,0.6222222222222222,-0.0031492833823135867
-0.7037037037037037,0.6222222222222222,0.013916490613563072
-0.6666666666666667,0.6222222222222222,0.021169253645802896
-0.6296296296296297,0.6222222222222222,0.009433470728385355
-0.5925925925925926,0.6222222222222222,0.02124944446842105
-0.5555555555555556,0.6222222222222222,-0.0013702050845760868
-0.5185185185185186,0.6222222222222222,-0.006981385404531058
-0.4814814814814815,0.6222222222222222,0.005220895390941723
-0.4444444444444444,0.6222222222222222,0.016408558849224413
-0.40740740740740744,0.6222222222222222,0.02399652523944623
-0.37037037037037046,0.6222222222222222,0.03838952594688349
-0.33333333333333337,0.6222222222222222,-6.531180539182113e-05
-0.2962962962962963,0.6222222222222222,0.025708574618253405
-0.2592592592592593,0.6222222222222222,0.014538401300272893
-0.22222222222222232,0.6222222222222222,0.031161167186692647
-0.18518518518518523,0.6222222222222222,0.06271918554970393
-0.14814814814814814,0.6222222222222222,0.061393532063764446
-0.11111111111111116,0.6222222222222222,0.06420099718875745
-0.07407407407407418,0.6222222222222222,0.07114734714486073
-0.03703703703703709,0.6222222222222222,0.0644310147560067
0.0,0.6222222222222222,0.10538976590619299
0.03703703703703698,0.6222222222222222,0.09414344723771446
0.07407407407407396,0.6222222222222222,0.11089431964966902
0.11111111111111116,0.6222222222222222,0.08121320723471791
0.14814814814814814,0.6222222222222222,0.11948318190666338
0.18518518518518512,0.6222222222222222,0.11969945480258694
0.2222222222222221,0.6222222222222222,0.10953190454751148
0.2592592592592591,0.6222222222222222,0.12516427230746888
0.2962962962962963,0.6222222222222222,0.10042452053264667
0.33333333333333326,0.6222222222222222,0.11889878850406013
0.37037037037037024,0.6222222222222222,0.1210536896153338
0.40740740740740744,0.6222222222222222,0.1030784682588866
0.4444444444444444,0.6222222222222222,0.09012221026272557
0.4814814814814814,0.6222222222222222,0.1051082611857529
0.5185185185185184,0.6222222222222222,0.08598620093625788
0.5555555555555554,0.6222222222222222,0.08086760324453736
0.5925925925925926,0.6222222222222222,0.08476132592467363
0.6296296296296295,0.6222222222222222,0.076803983850509
0.6666666666666665,0.6222222222222222,0.031686643213329674
0.7037037037037037,0.6222222222222222,0.04676596206474623
0.7407407407407407,0.6222222222222222,0.03953208218800594
0.7777777777777777,0.6222222222222222,0.02646201463294487
0.8148148148148147,0.6222222222222222,0.06589263469820872
0.8518518518518516,0.6222222222222222,0.04309108955914086
0.8888888888888888,0.6222222222222222,0.027337894127499734
0.9259259259259258,0.6222222222222222,0.022969295985821606
0.9629629629629628,0.6222222222222222,0.0024872470639925506
1.0,0.6222222222222222,-0.02687577358962799
-1.0,0.6481481481481481,0.007514821290501616
-0.962962962962963,0.6481481481481481,-0.005482757761739108
-0.9259259259259259,0.6481481481481481,-0.01319433888901913
-0.8888888888888888,0.6481481481481481,0.0063592190205168046
-0.8518518518518519,0.6481481481481481,-0.03858066779356445
-0.8148148148148149,0.6481481481481481,0.005185615634902089
-0.7777777777777778,0.6481481481481481,-0.006697372223281798
-0.7407407407407407,0.6481481481481481,-0.0150971746080373
-0.7037037037037037,0.6481481481481481,0.006268943763788483
-0.6666666666666667,0.6481481481481481,-0.004871334856143613
-0.6296296296296297,0.6481481481481481,-0.0041363963981231626
-0.5925925925925926,0.6481481481481481,0.003091066036877872
-0.5555555555555556,0.6481481481481481,-0.021818330398593825
-0.5185185185185186,0.6481481481481481,0.008056014870418612
-0.4814814814814815,0.6481481481481481,0.01698195126104312
-0.4444444444444444,0.6481481481481481,0.01944502056443363
-0.40740740740740744,0.6481481481481481,0.028261802655441173
-0.37037037037037046,0.6481481481481481,0.023170109385234144
-0.33333333333333337,0.6481481481481481,0.024269256827090597
-0.2962962962962963,0.6481481481481481,0.01047577626116831
-0.2592592592592593,0.6481481481481481,0.025706973269603035
-0.22222222222222232,0.6481481481481481,0.008058170047468359
-0.18518518518518523,0.6481481481481481,0.05179587592409794
-0.14814814814814814,0.6481481481481481,0.042363323885896025
-0.11111111111111116,0.6481481481481481,0.049732559086617216
-0.07407407407407418,0.6481481481481481,0.04967851252151653
-0.03703703703703709,0.6481481481481481,0.05960504051194633
0.0,0.6481481481481481,0.06195972901869085
0.03703703703703698,0.6481481481481481,0.0695209939261916
0.07407407407407396,0.6481481481481481,0.08723822637961808
0.11111111111111116,0.6481481481481481,0.09404068766942815
0.14814814814814814,0.6481481481481481,0.0998301605761572
0.18518518518518512,0.6481481481481481,0.11647525995447156
0.2222222222222221,0.6481481481481481,0.09765473353557375
0.2592592592592591,0.6481481481481481,0.08265974355427023
0.2962962962962963,0.6481481481481481,0.10142937295965995
0.33333333333333326,0.6481481481481481,0.10430096685243662
0.37037037037037024,0.6481481481481481,0.08396271065183138
0.40740740740740744,0.6481481481481481,0.0902608976021303
0.4444444444444444,0.6481481481481481,0.08531328046142718
0.4814814814814814,0.6481481481481481,0.0758035382933428
0.5185185185185184,0.6481481481481481,0.055401113833851
0.5555555555555554,0.6481481481481481,0.0785152357754769
0.5925925925925926,0.6481481481481481,0.04646602672607632
0.6296296296296295,0.6481481481481481,0.07271758431460937
0.6666666666666665,0.6481481481481481,0.04740691880695497
0.7037037037037037,0.6481481481481481,0.02695655786814797
0.7407407407407407,0.6481481481481481,0.03959449468610711
0.7777777777777777,0.6481481481481481,0.02714475912422166
0.8148148148148147,0.6481481481481481,0.03072518189027463
0.8518518518518516,0.6481481481481481,0.028622169567040674
0.8888888888888888,0.6481481481481481,0.022331192657978227
0.9259259259259258,0.6481481481481481,-0.0014037422712060762
0.9629629629629628,0.6481481481481481,0.00048012150280220094
1.0,0.6481481481481481,0.012713395191329682
-1.0,0.674074074074074,0.025514417045031164
-0.962962962962963,0.674074074074074,-0.032652549944852935
-0.9259259259259259,0.674074074074074,0.0012289852895953498
-0.8888888888888888,0.674074074074074,-0.011325509206926805
-0.8518518518518519,0.674074074074074,0.015220310470888367
-0.8148148148148149,0.674074074074074,0.008226047874443294
-0.7777777777777778,0.674074074074074,-0.0036623012522645337
-0.7407407407407407,0.674074074074074,-0.027260252243371398
-0.7037037037037037,0.674074074074074,0.026700190932654702
-0.6666666666666667,0.674074074074074,0.012001962087453638
-0.6296296296296297,0.674074074074074,0.005814583603986645
-0.5925925925925926,0.674074074074074,0.003221549949437801
-0.5555555555555556,0.674074074074074,-0.011758395693964618
-0.5185185185185186,0.674074074074074,-0.0005025252725204482
-0.4814814814814815,0.674074074074074,0.01875973690914258
-0.4444444444444444,0.674074074074074,-0.01585590025544438
-0.40740740740740744,0.674074074074074,0.011942927355057111
-0.37037037037037046,0.674074074074074,0.0019510150961676177
-0.33333333333333337,0.674074074074074,0.012816510415588771
-0.2962962962962963,0.674074074074074,0.019781852059053258
-0.2592592592592593,0.674074074074074,0.03540583862903719
-0.22222222222222232,0.674074074074074,0.05894270979091443
-0.18518518518518523,0.674074074074074,0.007782242651735709
-0.14814814814814814,0.674074074074074,0.02010828971806537
-0.11111111111111116,0.674074074074074,0.057862157165576716
-0.07407407407407418,0.674074074074074,0.04160303763366618
-0.03703703703703709,0.674074074074074,0.05822195378655239
0.0,0.674074074074074,0.07702803514637291
0.03703703703703698,0.674074074074074,0.046696065675820596
0.07407407407407396,0.674074074074074,0.06788569438128282
0.11111111111111116,0.674074074074074,0.11999012610467057
0.14814814814814814,0.674074074074074,0.08377683890755036
0.18518518518518512,0.674074074074074,0.10348435992951986
0.2222222222222221,0.674074074074074,0.0881259032928534
0.2592592592592591,0.674074074074074,0.07214912044530289
0.2962962962962963,0.674074074074074,0.08108265567975662
0.33333333333333326,0.674074074074074,0.06267112075404901
0.37037037037037024,0.674074074074074,0.051091232424308644
0.40740740740740744,0.674074074074074,0.05579688610971724
0.4444444444444444,0.674074074074074,0.07391709672942422
0.4814814814814814,0.674074074074074,0.05909119984192053
0.5185185185185184,0.674074074074074,0.06870095449930064
0.5555555555555554,0.674074074074074,0.06082475305127711
0.5925925925925926,0.674074074074074,0.038158032684980456
0.6296296296296295,0.674074074074074,0.0657615519888253
0.6666666666666665,0.674074074074074,0.04625177121173946
0.7037037037037037,0.674074074074074,0.036969054006573146
0.7407407407407407,0.674074074074074,0.04530006660158353
0.7777777777777777,0.674074074074074,0.020502915120596907
0.8148148148148147,0.674074074074074,0.022778434283500664
0.8518518518518516,0.674074074074074,0.03987131052743965
0.8888888888888888,0.674074074074074,0.022245749845091103
0.9259259259259258,0.674074074074074,-0.01836511685298061
0.9629629629629628,0.674074074074074,0.006292170074839847
1.0,0.674074074074074,-0.012023997204601585
-1.0,0.7,-0.021534391074254998
-0.962962962962963,0.7,0.011349998366422462
-0.9259259259259259,0.7,0.016489846369803045
-0.8888888888888888,0.7,0.008312129126512288
-0.8518518518518519,0.7,-0.03147228063781036
-0.8148148148148149,0.7,0.0050772363436344245
-0.7777777777777778,0.7,-0.02546697589967088
-0.7407407407407407,0.7,-0.007007156543598351
-0.7037037037037037,0.7,0.035617730807956924
-0.6666666666666667,0.7,-0.010531719337132758
-0.6296296296296297,0.7,-0.01634679106686575
-0.5925925925925926,0.7,0.008344000745075925
-0.5555555555555556,0.7,0.024643157399716113
-0.5185185185185186,0.7,-0.00515731387008201
-0.4814814814814815,0.7,-0.01862966452610873
-0.4444444444444444,0.7,0.014360835536306876
-0.40740740740740744,0.7,0.00349862538592002
-0.37037037037037046,0.7,0.0192765505976508
-0.33333333333333337,0.7,0.018143548809310968
-0.2962962962962963,0.7,0.027642484388427285
-0.2592592592592593,0.7,0.0417371122418733
-0.22222222222222232,0.7,0.02459765614482653
-0.18518518518518523,0.7,0.048228179595583426
-0.14814814814814814,0.7,0.053340428692250884
-0.11111111111111116,0.7,0.030664964902082682
-0.07407407407407418,0.7,0.03192655091532999
-0.03703703703703709,0.7,0.05410675005233185
0.0,0.7,0.03421025166152226
0.03703703703703698,0.7,0.05075240456834487
0.07407407407407396,0.7,0.04782145155733147
0.11111111111111116,0.7,0.06363483245736064
0.14814814814814814,0.7,0.05517111849929844
0.18518518518518512,0.7,0.028830611388407104
0.2222222222222221,0.7,0.08880113125338454
0.2592592592592591,0.7,0.03792826997996242
0.2962962962962963,0.7,0.08265556901132302
0.33333333333333326,0.7,0.07772930830212028
0.37037037037037024,0.7,0.09880559449194276
0.40740740740740744,0.7,0.056583506156096496
0.4444444444444444,0.7,0.05054265007710872
0.4814814814814814,0.7,0.07624821407690546
0.5185185185185184,0.7,0.030757755332666562
0.5555555555555554,0.7,0.049184494563043635
0.5925925925925926,0.7,0.020850172215047248
0.6296296296296295,0.7,0.035321854187664425
0.6666666666666665,0.7,0.01691899543830784
0.7037037037037037,0.7,0.04760773055351408
0.7407407407407407,0.7,0.024266058979237122
0.7777777777777777,0.7,0.029661320652955805
0.8148148148148147,0.7,0.012942192246156867
0.8518518518518516,0.7,0.018285143433850265
0.8888888888888888,0.7,9.799969892920236e-05
0.9259259259259258,0.7,-0.00523213333317428
0.9629629629629628,0.7,0.008596292599766731
1.0,0.7,-0.018377406969034678
