hc,hu,rho
-1.0,-0.7,0.0011513194263379663
-0.962962962962963,-0.7,0.00033933074557474137
-0.9259259259259259,-0.7,-0.018195838635016393
-0.8888888888888888,-0.7,-0.00980447878546216
-0.8518518518518519,-0.7,-0.010439231639520485
-0.8148148148148149,-0.7,-0.010354666816035075
-0.7777777777777778,-0.7,0.020792141058019315
-0.7407407407407407,-0.7,-0.01688737697444522
-0.7037037037037037,-0.7,-0.017619010215870957
-0.6666666666666667,-0.7,-0.02063766695606951
-0.6296296296296297,-0.7,0.0013532944279490734
-0.5925925925925926,-0.7,-0.020678237295839175
-0.5555555555555556,-0.7,-0.015969256215653503
-0.5185185185185186,-0.7,-0.001444259166755675
-0.4814814814814815,-0.7,-0.0030728922241734825
-0.4444444444444444,-0.7,-0.028777319752838863
-0.40740740740740744,-0.7,0.013582022862421954
-0.37037037037037046,-0.7,-0.008777377036519358
-0.33333333333333337,-0.7,0.0022099742142252365
-0.2962962962962963,-0.7,-0.006022246246884715
-0.2592592592592593,-0.7,0.01598299351015866
-0.22222222222222232,-0.7,-0.013579813470840484
-0.18518518518518523,-0.7,-0.016178578378799262
-0.14814814814814814,-0.7,0.0009813910292439457
-0.11111111111111116,-0.7,0.01736207807545307
-0.07407407407407418,-0.7,-0.0018645073759346392
-0.03703703703703709,-0.7,0.01373355506344091
0.0,-0.7,0.025431186708525805
0.03703703703703698,-0.7,-0.017491695607019873
0.07407407407407396,-0.7,0.026167252396295998
0.11111111111111116,-0.7,0.024142237408297382
0.14814814814814814,-0.7,0.001105512272842603
0.18518518518518512,-0.7,0.008916480947253093
0.2222222222222221,-0.7,0.003751426960648123
0.2592592592592591,-0.7,0.02412753596472393
0.2962962962962963,-0.7,0.003091641888699252
0.33333333333333326,-0.7,0.022626649551092715
0.37037037037037024,-0.7,0.03412487571391051
0.40740740740740744,-0.7,-0.012999058101987593
0.4444444444444444,-0.7,0.01974675656032305
0.4814814814814814,-0.7,0.01190728802473471
0.5185185185185184,-0.7,0.005190748469415777
0.5555555555555554,-0.7,0.018773435030731037
0.5925925925925926,-0.7,0.009549761548869539
0.6296296296296295,-0.7,-0.012543466472744777
0.6666666666666665,-0.7,0.0009117410198086762
0.7037037037037037,-0.7,0.008794925819766935
0.7407407407407407,-0.7,-0.0029558005636607532
0.7777777777777777,-0.7,-0.012710423038526413
0.8148148148148147,-0.7,0.043834770570634646
0.8518518518518516,-0.7,0.027714178644553618
0.8888888888888888,-0.7,0.02476495683795456
0.9259259259259258,-0.7,0.006195688758555786
0.9629629629629628,-0.7,-0.027241300567434096
1.0,-0.7,-0.0009575085450657453
-1.0,-0.674074074074074,-0.0014706922759162057
-0.962962962962963,-0.674074074074074,-0.017416611215715343
-0.9259259259259259,-0.674074074074074,-0.02055827685251376
-0.8888888888888888,-0.674074074074074,-0.007566100849010016
-0.8518518518518519,-0.674074074074074,0.018238827750078533
-0.8148148148148149,-0.674074074074074,-0.01001753826994422
-0.7777777777777778,-0.674074074074074,-0.013622972870877131
-0.7407407407407407,-0.674074074074074,-0.027248297682926755
-0.7037037037037037,-0.674074074074074,0.005937376864411897
-0.6666666666666667,-0.674074074074074,-0.012300692092659476
-0.6296296296296297,-0.674074074074074,-0.01834703565287464
-0.5925925925925926,-0.674074074074074,-0.02250365437843544
-0.5555555555555556,-0.674074074074074,-0.026670415938248065
-0.5185185185185186,-0.674074074074074,-0.014196404741767851
-0.4814814814814815,-0.674074074074074,0.013714301193481306
-0.4444444444444444,-0.674074074074074,-0.015595420083583288
-0.40740740740740744,-0.674074074074074,-0.007630912181142339
-0.37037037037037046,-0.674074074074074,-0.026190437520754332
-0.33333333333333337,-0.674074074074074,-0.008809258187906689
-0.2962962962962963,-0.674074074074074,-0.03358512024453476
-0.2592592592592593,-0.674074074074074,0.01143781496200202
-0.22222222222222232,-0.674074074074074,-0.01630640576563404
-0.18518518518518523,-0.674074074074074,0.0013524739467926546
-0.14814814814814814,-0.674074074074074,-0.0020043608529974827
-0.11111111111111116,-0.674074074074074,0.019903617485854216
-0.07407407407407418,-0.674074074074074,0.009683039107548419
-0.03703703703703709,-0.674074074074074,0.012726820922007068
0.0,-0.674074074074074,-0.018636427235683414
0.03703703703703698,-0.674074074074074,-0.008831040038713817
0.07407407407407396,-0.674074074074074,-0.007128713152220282
0.11111111111111116,-0.674074074074074,-0.00420569616345964
0.14814814814814814,-0.674074074074074,-0.0007373198444128506
0.18518518518518512,-0.674074074074074,0.02718887555064739
0.2222222222222221,-0.674074074074074,0.01403751242162315
0.2592592592592591,-0.674074074074074,0.01619637742440298
0.2962962962962963,-0.674074074074074,0.002944580062366026
0.33333333333333326,-0.674074074074074,0.0033175296780327997
0.37037037037037024,-0.674074074074074,-0.0026878195424436813
0.40740740740740744,-0.674074074074074,0.03381631915866874
0.4444444444444444,-0.674074074074074,0.019240876038871514
0.4814814814814814,-0.674074074074074,0.027970944033471924
0.5185185185185184,-0.674074074074074,0.020133011301643536
0.5555555555555554,-0.674074074074074,0.0021510542853744943
0.5925925925925926,-0.674074074074074,0.013956645635185169
0.6296296296296295,-0.674074074074074,-0.01825308958090932
0.6666666666666665,-0.674074074074074,0.023648093193663185
0.7037037037037037,-0.674074074074074,0.012389663534608207
0.7407407407407407,-0.674074074074074,0.014167522539059929
0.7777777777777777,-0.674074074074074,0.0113431958758275
0.8148148148148147,-0.674074074074074,0.01785475936505814
0.8518518518518516,-0.674074074074074,0.004127506102155818
0.8888888888888888,-0.674074074074074,0.007154037529053704
0.9259259259259258,-0.674074074074074,-0.004515024850178239
0.9629629629629628,-0.674074074074074,0.0012486906604320539
1.0,-0.674074074074074,0.00905469167820197
-1.0,-0.6481481481481481,0.0010622788054044305
-0.962962962962963,-0.6481481481481481,-0.019734278541854913
-0.9259259259259259,-0.6481481481481481,-0.036731411772192135
-0.8888888888888888,-0.6481481481481481,-0.0452348756808502
-0.8518518518518519,-0.6481481481481481,-0.022537777425269016
-0.8148148148148149,-0.6481481481481481,-0.031056332494604745
-0.7777777777777778,-0.6481481481481481,-0.01240663591383213
-0.7407407407407407,-0.6481481481481481,0.0020347670298705815
-0.7037037037037037,-0.6481481481481481,-0.03541331746366756
-0.6666666666666667,-0.6481481481481481,-0.004720966501058452
-0.6296296296296297,-0.6481481481481481,-0.006847809879960823
-0.5925925925925926,-0.6481481481481481,-0.04030636337065682
-0.5555555555555556,-0.6481481481481481,-0.03281868426066438
-0.5185185185185186,-0.6481481481481481,-0.015144946516083585
-0.4814814814814815,-0.6481481481481481,-0.03799004805735999
-0.4444444444444444,-0.6481481481481481,-0.04035985157143401
-0.40740740740740744,-0.6481481481481481,-0.012432373940481687
-0.37037037037037046,-0.6481481481481481,-0.031890593021063215
-0.33333333333333337,-0.6481481481481481,-0.03111507856607916
-0.2962962962962963,-0.6481481481481481,-0.009525606813914128
-0.2592592592592593,-0.6481481481481481,-0.015384922923898552
-0.22222222222222232,-0.6481481481481481,-0.010806778668257376
-0.18518518518518523,-0.6481481481481481,0.010244746531598809
-0.14814814814814814,-0.6481481481481481,0.011266925702752438
-0.11111111111111116,-0.6481481481481481,-0.03105306205141223
-0.07407407407407418,-0.6481481481481481,0.01209159298184514
-0.03703703703703709,-0.6481481481481481,0.0014385837091572089
0.0,-0.6481481481481481,0.009441487245806955
0.03703703703703698,-0.6481481481481481,0.020072746605635725
0.07407407407407396,-0.6481481481481481,0.037946291330627296
0.11111111111111116,-0.6481481481481481,0.025495370273069754
0.14814814814814814,-0.6481481481481481,0.014149676548574965
0.18518518518518512,-0.6481481481481481,0.024692372318362
0.2222222222222221,-0.6481481481481481,-0.002980360536506691
0.2592592592592591,-0.6481481481481481,0.029617116313235325
0.2962962962962963,-0.6481481481481481,0.025989190871870422
0.33333333333333326,-0.6481481481481481,0.005540238315846553
0.37037037037037024,-0.6481481481481481,0.002667915107613345
0.40740740740740744,-0.6481481481481481,0.003918088671313238
0.4444444444444444,-0.6481481481481481,0.011241797069153606
0.4814814814814814,-0.6481481481481481,0.03156490393537088
0.5185185185185184,-0.6481481481481481,0.01981011478249119
0.5555555555555554,-0.6481481481481481,0.011158213660766502
0.5925925925925926,-0.6481481481481481,0.016170048546134137
0.6296296296296295,-0.6481481481481481,0.037868284295166095
0.6666666666666665,-0.6481481481481481,0.013204260362783056
0.7037037037037037,-0.6481481481481481,0.004067463010634025
0.7407407407407407,-0.6481481481481481,0.04760022483822002
0.7777777777777777,-0.6481481481481481,0.0008792747488054961
0.8148148148148147,-0.6481481481481481,0.019249156852875045
0.8518518518518516,-0.6481481481481481,0.023940878003740146
0.8888888888888888,-0.6481481481481481,0.011729627738693975
0.9259259259259258,-0.6481481481481481,0.004931718863657982
0.9629629629629628,-0.6481481481481481,0.026267722755184797
1.0,-0.6481481481481481,0.008164094138760396
-1.0,-0.6222222222222222,-0.005837847394125158
-0.962962962962963,-0.6222222222222222,-0.018036214709001186
-0.9259259259259259,-0.6222222222222222,0.005325781186772283
-0.8888888888888888,-0.6222222222222222,-0.03468283957344434
-0.8518518518518519,-0.6222222222222222,-0.041711683233367346
-0.8148148148148149,-0.6222222222222222,-0.037838348893525366
-0.7777777777777778,-0.6222222222222222,-0.028685151998711265
-0.7407407407407407,-0.6222222222222222,-0.0322482243663794
-0.7037037037037037,-0.6222222222222222,-0.028040987477949753
-0.6666666666666667,-0.6222222222222222,-0.040852793830206235
-0.6296296296296297,-0.6222222222222222,-0.025133137768246053
-0.5925925925925926,-0.6222222222222222,-0.05368661084689132
-0.5555555555555556,-0.6222222222222222,-0.05179983824314002
-0.5185185185185186,-0.6222222222222222,-0.037422852471194194
-0.4814814814814815,-0.6222222222222222,-0.04359733609556763
-0.4444444444444444,-0.6222222222222222,-0.04447765722378331
-0.40740740740740744,-0.6222222222222222,-0.03997411219944865
-0.37037037037037046,-0.6222222222222222,-0.04043696760482191
-0.33333333333333337,-0.6222222222222222,-0.02370323859744535
-0.2962962962962963,-0.6222222222222222,-0.014766293348864956
-0.2592592592592593,-0.6222222222222222,-0.004032341415124013
-0.22222222222222232,-0.6222222222222222,-0.01699059306169762
-0.18518518518518523,-0.6222222222222222,-0.026110100370216
-0.14814814814814814,-0.6222222222222222,-0.02804380817043628
-0.11111111111111116,-0.6222222222222222,-0.024130251083765503
-0.07407407407407418,-0.6222222222222222,-0.027461378389437185
-0.03703703703703709,-0.6222222222222222,0.008791893588616243
0.0,-0.6222222222222222,0.029464638449549538
0.03703703703703698,-0.6222222222222222,0.0066087974139146625
0.07407407407407396,-0.6222222222222222,0.01552605081702086
0.11111111111111116,-0.6222222222222222,-0.0172665489509663
0.14814814814814814,-0.6222222222222222,0.017676999902118472
0.18518518518518512,-0.6222222222222222,0.01214786539959841
0.2222222222222221,-0.6222222222222222,0.024975829972852612
0.2592592592592591,-0.6222222222222222,0.014137674322749993
0.2962962962962963,-0.6222222222222222,0.01681298691180107
0.33333333333333326,-0.6222222222222222,0.01611877576648324
0.37037037037037024,-0.6222222222222222,0.02004485032736117
0.40740740740740744,-0.6222222222222222,0.05978173311901034
0.4444444444444444,-0.6222222222222222,0.03970943553635063
0.4814814814814814,-0.6222222222222222,0.00771484542601656
0.5185185185185184,-0.6222222222222222,0.024872421433664287
0.5555555555555554,-0.6222222222222222,0.02171670202569615
0.5925925925925926,-0.6222222222222222,0.056115667931247816
0.6296296296296295,-0.6222222222222222,-0.002513197904536184
0.6666666666666665,-0.6222222222222222,0.031805555138051306
0.7037037037037037,-0.6222222222222222,0.03284587635051635
0.7407407407407407,-0.6222222222222222,0.05053281690874588
0.7777777777777777,-0.6222222222222222,0.0422510435196693
0.8148148148148147,-0.6222222222222222,0.01282232589682484
0.8518518518518516,-0.6222222222222222,-0.01021158906760192
0.8888888888888888,-0.6222222222222222,-0.0029957992867440195
0.9259259259259258,-0.6222222222222222,0.00031807966783963144
0.9629629629629628,-0.6222222222222222,0.00591360447186107
1.0,-0.6222222222222222,-0.0023223032106090254
-1.0,-0.5962962962962962,-0.03939641747900727
-0.962962962962963,-0.5962962962962962,-0.01291741346705111
-0.9259259259259259,-0.5962962962962962,-0.02291353679575467
-0.8888888888888888,-0.5962962962962962,-0.03343264878909657
-0.8518518518518519,-0.5962962962962962,-0.03736516260260672
-0.8148148148148149,-0.5962962962962962,-0.04205908904480977
-0.7777777777777778,-0.5962962962962962,-0.05021416793558709
-0.7407407407407407,-0.5962962962962962,0.0004966609683705464
-0.7037037037037037,-0.5962962962962962,-0.04402088758385257
-0.6666666666666667,-0.5962962962962962,-0.04957001519661791
-0.6296296296296297,-0.5962962962962962,-0.019425874006967138
-0.5925925925925926,-0.5962962962962962,-0.04821004351204768
-0.5555555555555556,-0.5962962962962962,-0.03876416150620565
-0.5185185185185186,-0.5962962962962962,-0.0584589347881204
-0.4814814814814815,-0.5962962962962962,-0.049001199352615044
-0.4444444444444444,-0.5962962962962962,-0.069230539704145
-0.40740740740740744,-0.5962962962962962,-0.03337157492611429
-0.37037037037037046,-0.5962962962962962,-0.007677276711989964
-0.33333333333333337,-0.5962962962962962,-0.031899988938710884
-0.2962962962962963,-0.5962962962962962,-0.02720283714605065
-0.2592592592592593,-0.5962962962962962,-0.011333763879927398
-0.22222222222222232,-0.5962962962962962,-0.007409909299390765
-0.18518518518518523,-0.5962962962962962,-0.0334848976206671
-0.14814814814814814,-0.5962962962962962,-0.026864420709362152
-0.11111111111111116,-0.5962962962962962,-0.015463152375994306
-0.07407407407407418,-0.5962962962962962,0.013664085618420335
-0.03703703703703709,-0.5962962962962962,-0.017586316568398607
0.0,-0.5962962962962962,-0.0031442915749782425
0.03703703703703698,-0.5962962962962962,0.006820752015275628
0.07407407407407396,-0.5962962962962962,0.015648882164697103
0.11111111111111116,-0.5962962962962962,0.023070680531539333
0.14814814814814814,-0.5962962962962962,0.018474973745631087
0.18518518518518512,-0.5962962962962962,0.04609950200282516
0.2222222222222221,-0.5962962962962962,0.019846942786721288
0.2592592592592591,-0.5962962962962962,0.06448812961684175
0.2962962962962963,-0.5962962962962962,0.03877165276258866
0.33333333333333326,-0.5962962962962962,0.04745147406581345
0.37037037037037024,-0.5962962962962962,0.01954805162878406
0.40740740740740744,-0.5962962962962962,0.043339910725154536
0.4444444444444444,-0.5962962962962962,0.01963984235977787
0.4814814814814814,-0.5962962962962962,0.015472647958339476
0.5185185185185184,-0.5962962962962962,0.047979604575387226
0.5555555555555554,-0.5962962962962962,0.034605348067657936
0.5925925925925926,-0.5962962962962962,0.015535312442346613
0.6296296296296295,-0.5962962962962962,0.0002778544535180505
0.6666666666666665,-0.5962962962962962,0.039391245729090626
0.7037037037037037,-0.5962962962962962,0.026403057728450394
0.7407407407407407,-0.5962962962962962,0.035730917147332314
0.7777777777777777,-0.5962962962962962,0.03569147152883191
0.8148148148148147,-0.5962962962962962,0.036271282946700664
0.8518518518518516,-0.5962962962962962,-0.017038662350696187
0.8888888888888888,-0.5962962962962962,-0.03395011574197828
0.9259259259259258,-0.5962962962962962,0.02256930502449226
0.9629629629629628,-0.5962962962962962,-0.01761408863737441
1.0,-0.5962962962962962,0.02587912943083739
-1.0,-0.5703703703703703,-0.01805062009059018
-0.962962962962963,-0.5703703703703703,-0.028123827159115013
-0.9259259259259259,-0.5703703703703703,-0.03272746543250719
-0.8888888888888888,-0.5703703703703703,-0.05925337944608985
-0.8518518518518519,-0.5703703703703703,-0.040158807498399056
-0.8148148148148149,-0.5703703703703703,-0.04478850966344572
-0.7777777777777778,-0.5703703703703703,-0.039416535274073725
-0.7407407407407407,-0.5703703703703703,-0.018219574581745907
-0.7037037037037037,-0.5703703703703703,-0.05842043622104301
-0.6666666666666667,-0.5703703703703703,-0.04236699353141618
-0.6296296296296297,-0.5703703703703703,-0.027303186465375107
-0.5925925925925926,-0.5703703703703703,-0.06641323290673637
-0.5555555555555556,-0.5703703703703703,-0.06929284273017174
-0.5185185185185186,-0.5703703703703703,-0.06816694962611358
-0.4814814814814815,-0.5703703703703703,-0.0734714994316096
-0.4444444444444444,-0.5703703703703703,-0.07993441896184753
-0.40740740740740744,-0.5703703703703703,-0.04348346527129216
-0.37037037037037046,-0.5703703703703703,-0.02750945565153986
-0.33333333333333337,-0.5703703703703703,-0.03802072770416978
-0.2962962962962963,-0.5703703703703703,-0.05116266585178195
-0.2592592592592593,-0.5703703703703703,-0.04736870905139385
-0.22222222222222232,-0.5703703703703703,-0.029120367157313896
-0.18518518518518523,-0.5703703703703703,-0.03841204358861182
-0.14814814814814814,-0.5703703703703703,-0.0235001316468046
-0.11111111111111116,-0.5703703703703703,-0.022558607373271207
-0.07407407407407418,-0.5703703703703703,0.00580312167198742
-0.03703703703703709,-0.5703703703703703,0.008419184792640493
0.0,-0.5703703703703703,0.0079418567048389
0.03703703703703698,-0.5703703703703703,-0.004633452686338255
0.07407407407407396,-0.5703703703703703,0.010935087835794482
0.11111111111111116,-0.5703703703703703,0.03562906262912763
0.14814814814814814,-0.5703703703703703,0.05685472133154204
0.18518518518518512,-0.5703703703703703,0.026857823372448245
0.2222222222222221,-0.5703703703703703,0.07797777102752128
0.2592592592592591,-0.5703703703703703,0.03617694902387335
0.2962962962962963,-0.5703703703703703,0.038867271252666834
0.33333333333333326,-0.5703703703703703,0.05185597415422398
0.37037037037037024,-0.5703703703703703,0.037942342940694054
0.40740740740740744,-0.5703703703703703,0.04876721225677419
0.4444444444444444,-0.5703703703703703,0.04984784533694328
0.4814814814814814,-0.5703703703703703,0.04044652799140675
0.5185185185185184,-0.5703703703703703,0.041622600923260096
0.5555555555555554,-0.5703703703703703,0.05229396346731007
0.5925925925925926,-0.5703703703703703,0.06037164128120995
0.6296296296296295,-0.5703703703703703,0.07289222246057069
0.6666666666666665,-0.5703703703703703,0.03902421141883816
0.7037037037037037,-0.5703703703703703,0.011500344838624867
0.7407407407407407,-0.5703703703703703,0.023467886913700168
0.7777777777777777,-0.5703703703703703,0.002922432534533937
0.8148148148148147,-0.5703703703703703,0.02563155289853869
0.8518518518518516,-0.5703703703703703,0.01113021200896296
0.8888888888888888,-0.5703703703703703,0.02384776903352059
0.9259259259259258,-0.5703703703703703,0.012426880135340688
0.9629629629629628,-0.5703703703703703,0.014076451110756866
1.0,-0.5703703703703703,0.005958194586884496
-1.0,-0.5444444444444444,-0.003788841348963186
-0.962962962962963,-0.5444444444444444,-0.06014627338079235
-0.9259259259259259,-0.5444444444444444,-0.020670474623526336
-0.8888888888888888,-0.5444444444444444,-0.024641045567448883
-0.8518518518518519,-0.5444444444444444,-0.03748046247006466
-0.8148148148148149,-0.5444444444444444,-0.04692672378405846
-0.7777777777777778,-0.5444444444444444,-0.04858694689990864
-0.7407407407407407,-0.5444444444444444,-0.06495179560772638
-0.7037037037037037,-0.5444444444444444,-0.07796104345895011
-0.6666666666666667,-0.5444444444444444,-0.05241294648014651
-0.6296296296296297,-0.5444444444444444,-0.05555241584685485
-0.5925925925925926,-0.5444444444444444,-0.05450280077136016
-0.5555555555555556,-0.5444444444444444,-0.07129855382894308
-0.5185185185185186,-0.5444444444444444,-0.05338805098776528
-0.4814814814814815,-0.5444444444444444,-0.059131042983417134
-0.4444444444444444,-0.5444444444444444,-0.038849028425094065
-0.40740740740740744,-0.5444444444444444,-0.06473779232328364
-0.37037037037037046,-0.5444444444444444,-0.09372309704788459
-0.33333333333333337,-0.5444444444444444,-0.0735162246196657
-0.2962962962962963,-0.5444444444444444,-0.04663850821901818
-0.2592592592592593,-0.5444444444444444,-0.0679578783365484
-0.22222222222222232,-0.5444444444444444,-0.029715833617103067
-0.18518518518518523,-0.5444444444444444,-0.04426099352351926
-0.14814814814814814,-0.5444444444444444,-0.02356219168829277
-0.11111111111111116,-0.5444444444444444,-0.013046842211716186
-0.07407407407407418,-0.5444444444444444,-0.022239266801721076
-0.03703703703703709,-0.5444444444444444,0.005277186559972333
0.0,-0.5444444444444444,0.025264116726163077
0.03703703703703698,-0.5444444444444444,0.0075560757007013535
0.07407407407407396,-0.5444444444444444,0.01866419410354249
0.11111111111111116,-0.5444444444444444,0.021646016200517215
0.14814814814814814,-0.5444444444444444,0.047164729401600866
0.18518518518518512,-0.5444444444444444,0.058455180356381455
0.2222222222222221,-0.5444444444444444,0.038639982976944494
0.2592592592592591,-0.5444444444444444,0.04648121486076786
0.2962962962962963,-0.5444444444444444,0.06848036543770139
0.33333333333333326,-0.5444444444444444,0.05917252642410592
0.37037037037037024,-0.5444444444444444,0.08552645033604937
0.40740740740740744,-0.5444444444444444,0.0592537586341354
0.4444444444444444,-0.5444444444444444,0.04978440818499642
0.4814814814814814,-0.5444444444444444,0.039844441155924684
0.5185185185185184,-0.5444444444444444,0.046572590955550386
0.5555555555555554,-0.5444444444444444,0.027577214124472494
0.5925925925925926,-0.5444444444444444,0.05516699091761187
0.6296296296296295,-0.5444444444444444,0.07355952319610161
0.6666666666666665,-0.5444444444444444,0.02043414868805545
0.7037037037037037,-0.5444444444444444,0.019290026932127294
0.7407407407407407,-0.5444444444444444,0.019168629198173536
0.7777777777777777,-0.5444444444444444,0.030075550514748924
0.8148148148148147,-0.5444444444444444,0.014790893973673742
0.8518518518518516,-0.5444444444444444,0.03832993398765597
0.8888888888888888,-0.5444444444444444,0.03817674338118148
0.9259259259259258,-0.5444444444444444,0.009052441227101925
0.9629629629629628,-0.5444444444444444,0.012894370286524104
1.0,-0.5444444444444444,0.002724536768481299
-1.0,-0.5185185185185185,-0.0203468187111415
-0.962962962962963,-0.5185185185185185,-0.009869611482674692
-0.9259259259259259,-0.5185185185185185,-0.05930418557189428
-0.8888888888888888,-0.5185185185185185,-0.05749578197820228
-0.8518518518518519,-0.5185185185185185,-0.07327518892380132
-0.8148148148148149,-0.5185185185185185,-0.05494573265448777
-0.7777777777777778,-0.5185185185185185,-0.060471379054146554
-0.7407407407407407,-0.5185185185185185,-0.08418519021433812
-0.7037037037037037,-0.5185185185185185,-0.08002195737747837
-0.6666666666666667,-0.5185185185185185,-0.04601209758733687
-0.6296296296296297,-0.5185185185185185,-0.05123754458180573
-0.5925925925925926,-0.5185185185185185,-0.09809890153608354
-0.5555555555555556,-0.5185185185185185,-0.08566701289150712
-0.5185185185185186,-0.5185185185185185,-0.0919220055269231
-0.4814814814814815,-0.5185185185185185,-0.07847551228560824
-0.4444444444444444,-0.5185185185185185,-0.10031991467454832
-0.40740740740740744,-0.5185185185185185,-0.07175067959110913
-0.37037037037037046,-0.5185185185185185,-0.06049580105643526
-0.33333333333333337,-0.5185185185185185,-0.05190425104447786
-0.2962962962962963,-0.5185185185185185,-0.08697461893599562
-0.2592592592592593,-0.5185185185185185,-0.029148477375841666
-0.22222222222222232,-0.5185185185185185,-0.0632374188933505
-0.18518518518518523,-0.5185185185185185,-0.061529776594173746
-0.14814814814814814,-0.5185185185185185,-0.012843233018125955
-0.11111111111111116,-0.5185185185185185,-0.0065967467897220435
-0.07407407407407418,-0.5185185185185185,-0.010432008420267497
-0.03703703703703709,-0.5185185185185185,0.014698903288125493
0.0,-0.5185185185185185,0.021904943084524862
0.03703703703703698,-0.5185185185185185,0.026762722606889753
0.07407407407407396,-0.5185185185185185,0.014943567095673542
0.11111111111111116,-0.5185185185185185,0.035152088261235274
0.14814814814814814,-0.5185185185185185,0.048771667801536814
0.18518518518518512,-0.5185185185185185,0.07437828040255089
0.2222222222222221,-0.5185185185185185,0.08630485690482903
0.2592592592592591,-0.5185185185185185,0.06572589791444906
0.2962962962962963,-0.5185185185185185,0.0628544139235312
0.33333333333333326,-0.5185185185185185,0.06282088916610205
0.37037037037037024,-0.5185185185185185,0.09035643536939787
0.40740740740740744,-0.5185185185185185,0.06734191280882444
0.4444444444444444,-0.5185185185185185,0.10912091950633859
0.4814814814814814,-0.5185185185185185,0.07830804352245656
0.5185185185185184,-0.5185185185185185,0.07533122898950788
0.5555555555555554,-0.5185185185185185,0.0804136925797923
0.5925925925925926,-0.5185185185185185,0.06630771930493295
0.6296296296296295,-0.5185185185185185,0.048893953605403745
0.6666666666666665,-0.5185185185185185,0.05957787226839041
0.7037037037037037,-0.5185185185185185,0.05956118147964312
0.7407407407407407,-0.5185185185185185,0.041084648194956344
0.7777777777777777,-0.5185185185185185,0.04066375406133698
0.8148148148148147,-0.5185185185185185,0.03877701275635179
0.8518518518518516,-0.5185185185185185,0.006892926476339385
0.8888888888888888,-0.5185185185185185,0.018994753810781848
0.9259259259259258,-0.5185185185185185,0.024783697521880366
0.9629629629629628,-0.5185185185185185,0.00614226867085484
1.0,-0.5185185185185185,0.02756385258876109
-1.0,-0.4925925925925926,-0.0196221644222423
-0.962962962962963,-0.4925925925925926,-0.07064908110621504
-0.9259259259259259,-0.4925925925925926,-0.05502740236417843
-0.8888888888888888,-0.4925925925925926,-0.04818724132372913
-0.8518518518518519,-0.4925925925925926,-0.06780216632971647
-0.8148148148148149,-0.4925925925925926,-0.06278862019691274
-0.7777777777777778,-0.4925925925925926,-0.06819327182401283
-0.7407407407407407,-0.4925925925925926,-0.10689040556861319
-0.7037037037037037,-0.4925925925925926,-0.08564513731787178
-0.6666666666666667,-0.4925925925925926,-0.10767621260794281
-0.6296296296296297,-0.4925925925925926,-0.13299345423062292
-0.5925925925925926,-0.4925925925925926,-0.09305414513096519
-0.5555555555555556,-0.4925925925925926,-0.11406628665294613
-0.5185185185185186,-0.4925925925925926,-0.10467094241539979
-0.4814814814814815,-0.4925925925925926,-0.09157139097815706
-0.4444444444444444,-0.4925925925925926,-0.08457640649754038
-0.40740740740740744,-0.4925925925925926,-0.10010695876003242
-0.37037037037037046,-0.4925925925925926,-0.10518903406519156
-0.33333333333333337,-0.4925925925925926,-0.09459530164557285
-0.2962962962962963,-0.4925925925925926,-0.060904696370620015
-0.2592592592592593,-0.4925925925925926,-0.07346278285524299
-0.22222222222222232,-0.4925925925925926,-0.031432052349823075
-0.18518518518518523,-0.4925925925925926,-0.023855475022601425
-0.14814814814814814,-0.4925925925925926,-0.04565103537157978
-0.11111111111111116,-0.4925925925925926,0.0041620443303760635
-0.07407407407407418,-0.4925925925925926,-0.01918917992072045
-0.03703703703703709,-0.4925925925925926,0.0006855838486444348
0.0,-0.4925925925925926,0.01447416906018448
0.03703703703703698,-0.4925925925925926,0.012169290163639077
0.07407407407407396,-0.4925925925925926,0.04126819846600977
0.11111111111111116,-0.4925925925925926,0.06042866236324244
0.14814814814814814,-0.4925925925925926,0.09595493331678748
0.18518518518518512,-0.4925925925925926,0.09075636941921308
0.2222222222222221,-0.4925925925925926,0.06968125785498741
0.2592592592592591,-0.4925925925925926,0.08919849700775576
0.2962962962962963,-0.4925925925925926,0.10671578652949078
0.33333333333333326,-0.4925925925925926,0.09116949550020434
0.37037037037037024,-0.4925925925925926,0.08271150161527058
0.40740740740740744,-0.4925925925925926,0.09387441851090321
0.4444444444444444,-0.4925925925925926,0.07780021046556898
0.4814814814814814,-0.4925925925925926,0.09420318569087689
0.5185185185185184,-0.4925925925925926,0.0822119895994851
0.5555555555555554,-0.4925925925925926,0.10409134144624291
0.5925925925925926,-0.4925925925925926,0.07818746703245694
0.6296296296296295,-0.4925925925925926,0.05787358480155971
0.6666666666666665,-0.4925925925925926,0.0817755267875805
0.7037037037037037,-0.4925925925925926,0.061266826609748526
0.7407407407407407,-0.4925925925925926,0.04541352554662077
0.7777777777777777,-0.4925925925925926,0.05772833448713662
0.8148148148148147,-0.4925925925925926,0.03545175482259657
0.8518518518518516,-0.4925925925925926,0.015776827224873276
0.8888888888888888,-0.4925925925925926,0.01853972038303344
0.9259259259259258,-0.4925925925925926,0.048078534088083824
0.9629629629629628,-0.4925925925925926,0.04903615748258988
1.0,-0.4925925925925926,0.016077779473026063
-1.0,-0.4666666666666666,-0.020572640975448295
-0.962962962962963,-0.4666666666666666,-0.06492351498628085
-0.9259259259259259,-0.4666666666666666,-0.03763605705245861
-0.8888888888888888,-0.4666666666666666,-0.06423616154539336
-0.8518518518518519,-0.4666666666666666,-0.06388068919333836
-0.8148148148148149,-0.4666666666666666,-0.08706185623438649
-0.7777777777777778,-0.4666666666666666,-0.09234847600818379
-0.7407407407407407,-0.4666666666666666,-0.12523556169637112
-0.7037037037037037,-0.4666666666666666,-0.10110471806966004
-0.6666666666666667,-0.4666666666666666,-0.12200665243486035
-0.6296296296296297,-0.4666666666666666,-0.11444918093056905
-0.5925925925925926,-0.4666666666666666,-0.0977783674745335
-0.5555555555555556,-0.4666666666666666,-0.16250696620850497
-0.5185185185185186,-0.4666666666666666,-0.1100332007491
-0.4814814814814815,-0.4666666666666666,-0.11932994327535648
-0.4444444444444444,-0.4666666666666666,-0.11765007792942683
-0.40740740740740744,-0.4666666666666666,-0.10510735503253665
-0.37037037037037046,-0.4666666666666666,-0.11903253792471939
-0.33333333333333337,-0.4666666666666666,-0.13339702462349018
-0.2962962962962963,-0.4666666666666666,-0.10518523144533619
-0.2592592592592593,-0.4666666666666666,-0.09102813678848488
-0.22222222222222232,-0.4666666666666666,-0.10912923335438282
-0.18518518518518523,-0.4666666666666666,-0.05236978714702985
-0.14814814814814814,-0.4666666666666666,-0.0386880901728351
-0.11111111111111116,-0.4666666666666666,-0.04918930657721855
-0.07407407407407418,-0.4666666666666666,-0.015178447832793023
-0.03703703703703709,-0.4666666666666666,0.0004235199327042565
0.0,-0.4666666666666666,0.015374455547529427
0.03703703703703698,-0.4666666666666666,0.02980247840660046
0.07407407407407396,-0.4666666666666666,0.06045643710974719
0.11111111111111116,-0.4666666666666666,0.06152278186635769
0.14814814814814814,-0.4666666666666666,0.1016510519185131
0.18518518518518512,-0.4666666666666666,0.08518702591650126
0.2222222222222221,-0.4666666666666666,0.1111069544065443
0.2592592592592591,-0.4666666666666666,0.12036209207072443
0.2962962962962963,-0.4666666666666666,0.08204608745189321
0.33333333333333326,-0.4666666666666666,0.11358461348442178
0.37037037037037024,-0.4666666666666666,0.1192771415033543
0.40740740740740744,-0.4666666666666666,0.12210309370527687
0.4444444444444444,-0.4666666666666666,0.11951516076396872
0.4814814814814814,-0.4666666666666666,0.129098666798037
0.5185185185185184,-0.4666666666666666,0.1203062696849873
0.5555555555555554,-0.4666666666666666,0.09846786718536246
0.5925925925925926,-0.4666666666666666,0.11504041559475203
0.6296296296296295,-0.4666666666666666,0.08774295058284985
0.6666666666666665,-0.4666666666666666,0.08977761226656028
0.7037037037037037,-0.4666666666666666,0.06853268459007716
0.7407407407407407,-0.4666666666666666,0.04949775434758749
0.7777777777777777,-0.4666666666666666,0.04548400440282538
0.8148148148148147,-0.4666666666666666,0.07813054762665542
0.8518518518518516,-0.4666666666666666,0.06057899263377159
0.8888888888888888,-0.4666666666666666,0.03276135860226857
0.9259259259259258,-0.4666666666666666,0.047624010630934216
0.9629629629629628,-0.4666666666666666,0.016742459576012607
1.0,-0.4666666666666666,0.014047724755482573
-1.0,-0.4407407407407407,-0.04608717644498504
-0.962962962962963,-0.4407407407407407,-0.041242319990752695
-0.9259259259259259,-0.4407407407407407,-0.04177341209804246
-0.8888888888888888,-0.4407407407407407,-0.027415799304015248
-0.8518518518518519,-0.4407407407407407,-0.08320167039808747
-0.8148148148148149,-0.4407407407407407,-0.08724920097544209
-0.7777777777777778,-0.4407407407407407,-0.09704475195936277
-0.7407407407407407,-0.4407407407407407,-0.10008190878481306
-0.7037037037037037,-0.4407407407407407,-0.13351346742542114
-0.6666666666666667,-0.4407407407407407,-0.1483613903082894
-0.6296296296296297,-0.4407407407407407,-0.1243597979686325
-0.5925925925925926,-0.4407407407407407,-0.16161362503039967
-0.5555555555555556,-0.4407407407407407,-0.13770494569176253
-0.5185185185185186,-0.4407407407407407,-0.1545507457032825
-0.4814814814814815,-0.4407407407407407,-0.14548628915485062
-0.4444444444444444,-0.4407407407407407,-0.13589929064282122
-0.40740740740740744,-0.4407407407407407,-0.16514110996933343
-0.37037037037037046,-0.4407407407407407,-0.09830681897441026
-0.33333333333333337,-0.4407407407407407,-0.1431544238651969
-0.2962962962962963,-0.4407407407407407,-0.12871392888072503
-0.2592592592592593,-0.4407407407407407,-0.09019230005195271
-0.22222222222222232,-0.4407407407407407,-0.1316004140241179
-0.18518518518518523,-0.4407407407407407,-0.08155361782707338
-0.14814814814814814,-0.4407407407407407,-0.04746402253385228
-0.11111111111111116,-0.4407407407407407,-0.03881424840120085
-0.07407407407407418,-0.4407407407407407,-0.016614086780830394
-0.03703703703703709,-0.4407407407407407,-0.0015947755464825464
0.0,-0.4407407407407407,0.017656809751026847
0.03703703703703698,-0.4407407407407407,0.034225085795999005
0.07407407407407396,-0.4407407407407407,0.0870566903139107
0.11111111111111116,-0.4407407407407407,0.0829189110375104
0.14814814814814814,-0.4407407407407407,0.0720064175552596
0.18518518518518512,-0.4407407407407407,0.0965342402845595
0.2222222222222221,-0.4407407407407407,0.12577863464160394
0.2592592592592591,-0.4407407407407407,0.14238431933573187
0.2962962962962963,-0.4407407407407407,0.10806946113791589
0.33333333333333326,-0.4407407407407407,0.13197772714465655
0.37037037037037024,-0.4407407407407407,0.0996496588228847
0.40740740740740744,-0.4407407407407407,0.1272321127508182
0.4444444444444444,-0.4407407407407407,0.16151642162609967
0.4814814814814814,-0.4407407407407407,0.14320200440211178
0.5185185185185184,-0.4407407407407407,0.12311086702128769
0.5555555555555554,-0.4407407407407407,0.10493383035167454
0.5925925925925926,-0.4407407407407407,0.11460831499594977
0.6296296296296295,-0.4407407407407407,0.10839494105819907
0.6666666666666665,-0.4407407407407407,0.1032559995263745
0.7037037037037037,-0.4407407407407407,0.10200238810374095
0.7407407407407407,-0.4407407407407407,0.08425625580032321
0.7777777777777777,-0.4407407407407407,0.04587141799154025
0.8148148148148147,-0.4407407407407407,0.05439419144911911
0.8518518518518516,-0.4407407407407407,0.050084547017437364
0.8888888888888888,-0.4407407407407407,0.031600666083337885
0.9259259259259258,-0.4407407407407407,0.06291971449313273
0.9629629629629628,-0.4407407407407407,0.01836919093696914
1.0,-0.4407407407407407,0.037152542901462506
-1.0,-0.4148148148148148,-0.003609848640756245
-0.962962962962963,-0.4148148148148148,-0.02504206872574574
-0.9259259259259259,-0.4148148148148148,-0.04660808658108701
-0.8888888888888888,-0.4148148148148148,-0.07739612466041909
-0.8518518518518519,-0.4148148148148148,-0.07932225355753392
-0.8148148148148149,-0.4148148148148148,-0.08345001267290333
-0.7777777777777778,-0.4148148148148148,-0.12792873817484793
-0.7407407407407407,-0.4148148148148148,-0.10441611666636341
-0.7037037037037037,-0.4148148148148148,-0.14739421447040907
-0.6666666666666667,-0.4148148148148148,-0.13351519545826268
-0.6296296296296297,-0.4148148148148148,-0.1602642602294975
-0.5925925925925926,-0.4148148148148148,-0.13701944646901848
-0.5555555555555556,-0.4148148148148148,-0.14185142071567053
-0.5185185185185186,-0.4148148148148148,-0.14286727065880786
-0.4814814814814815,-0.4148148148148148,-0.13545141193750412
-0.4444444444444444,-0.4148148148148148,-0.1691153136031296
-0.40740740740740744,-0.4148148148148148,-0.2088620725312749
-0.37037037037037046,-0.4148148148148148,-0.17607409780466926
-0.33333333333333337,-0.4148148148148148,-0.16052993159048518
-0.2962962962962963,-0.4148148148148148,-0.11477931709079756
-0.2592592592592593,-0.4148148148148148,-0.09958640574392295
-0.22222222222222232,-0.4148148148148148,-0.11334162599040963
-0.18518518518518523,-0.4148148148148148,-0.06840136796347521
-0.14814814814814814,-0.4148148148148148,-0.06661623889992094
-0.11111111111111116,-0.4148148148148148,-0.046646421316974176
-0.07407407407407418,-0.4148148148148148,-0.012654041611551639
-0.03703703703703709,-0.4148148148148148,-0.015433789278958795
0.0,-0.4148148148148148,0.04058033739058126
0.03703703703703698,-0.4148148148148148,0.05903236795314707
0.07407407407407396,-0.4148148148148148,0.09784385091546344
0.11111111111111116,-0.4148148148148148,0.10454019997905695
0.14814814814814814,-0.4148148148148148,0.11380085585408109
0.18518518518518512,-0.4148148148148148,0.14200580579758917
0.2222222222222221,-0.4148148148148148,0.13526459611003347
0.2592592592592591,-0.4148148148148148,0.15064190012871903
0.2962962962962963,-0.4148148148148148,0.1379958058187332
0.33333333333333326,-0.4148148148148148,0.15163973577826906
0.37037037037037024,-0.4148148148148148,0.16537910095930497
0.40740740740740744,-0.4148148148148148,0.18250101953886966
0.4444444444444444,-0.4148148148148148,0.19016240767742199
0.4814814814814814,-0.4148148148148148,0.1872468602256958
0.5185185185185184,-0.4148148148148148,0.15023933866796652
0.5555555555555554,-0.4148148148148148,0.14913257277961928
0.5925925925925926,-0.4148148148148148,0.12795373736325186
0.6296296296296295,-0.4148148148148148,0.10764734886336044
0.6666666666666665,-0.4148148148148148,0.1371479319925592
0.7037037037037037,-0.4148148148148148,0.09046412334651463
0.7407407407407407,-0.4148148148148148,0.112732433733614
0.7777777777777777,-0.4148148148148148,0.08281161119871659
0.8148148148148147,-0.4148148148148148,0.07819745758094367
0.8518518518518516,-0.4148148148148148,0.088157015837412
0.8888888888888888,-0.4148148148148148,0.04923442304844185
0.9259259259259258,-0.4148148148148148,0.06296583910968734
0.9629629629629628,-0.4148148148148148,0.03224289189622162
1.0,-0.4148148148148148,0.03813012738531214
-1.0,-0.38888888888888884,0.00888933969019419
-0.962962962962963,-0.38888888888888884,-0.009094404199861782
-0.9259259259259259,-0.38888888888888884,-0.0530619722727842
-0.8888888888888888,-0.38888888888888884,-0.059106762835284835
-0.8518518518518519,-0.38888888888888884,-0.06986425529555963
-0.8148148148148149,-0.38888888888888884,-0.10707882041584095
-0.7777777777777778,-0.38888888888888884,-0.10472862176574914
-0.7407407407407407,-0.38888888888888884,-0.12276147556790865
-0.7037037037037037,-0.38888888888888884,-0.1470795200984195
-0.6666666666666667,-0.38888888888888884,-0.16580441811734237
-0.6296296296296297,-0.38888888888888884,-0.16689429391159874
-0.5925925925925926,-0.38888888888888884,-0.18984066119147186
-0.5555555555555556,-0.38888888888888884,-0.1775972218919735
-0.5185185185185186,-0.38888888888888884,-0.18604979640976613
-0.4814814814814815,-0.38888888888888884,-0.16716755941036263
-0.4444444444444444,-0.38888888888888884,-0.18638410604440858
-0.40740740740740744,-0.38888888888888884,-0.19472084425186256
-0.37037037037037046,-0.38888888888888884,-0.16501568350808068
-0.33333333333333337,-0.38888888888888884,-0.16398138675547005
-0.2962962962962963,-0.38888888888888884,-0.12085289082138022
-0.2592592592592593,-0.38888888888888884,-0.14169557275697356
-0.22222222222222232,-0.38888888888888884,-0.11709668156610545
-0.18518518518518523,-0.38888888888888884,-0.0892826141725165
-0.14814814814814814,-0.38888888888888884,-0.06597148923216932
-0.11111111111111116,-0.38888888888888884,-0.03495792565864595
-0.07407407407407418,-0.38888888888888884,0.026800728552677004
-0.03703703703703709,-0.38888888888888884,0.012378288968557026
0.0,-0.38888888888888884,0.061756492719702336
0.03703703703703698,-0.38888888888888884,0.05641581090862291
0.07407407407407396,-0.38888888888888884,0.08060141983897072
0.11111111111111116,-0.38888888888888884,0.11069535515900403
0.14814814814814814,-0.38888888888888884,0.15712662715333925
0.18518518518518512,-0.38888888888888884,0.1546875296185231
0.2222222222222221,-0.38888888888888884,0.17246831694328388
0.2592592592592591,-0.38888888888888884,0.16987663997613955
0.2962962962962963,-0.38888888888888884,0.18601328327287986
0.33333333333333326,-0.38888888888888884,0.2307093165908613
0.37037037037037024,-0.38888888888888884,0.17954762037298416
0.40740740740740744,-0.38888888888888884,0.16609522196556842
0.4444444444444444,-0.38888888888888884,0.1933292751988369
0.4814814814814814,-0.38888888888888884,0.17590838941409426
0.5185185185185184,-0.38888888888888884,0.16402253051665958
0.5555555555555554,-0.38888888888888884,0.14386012127334477
0.5925925925925926,-0.38888888888888884,0.17313261174616867
0.6296296296296295,-0.38888888888888884,0.1555780605940507
0.6666666666666665,-0.38888888888888884,0.1394380814143779
0.7037037037037037,-0.38888888888888884,0.14536798225510422
0.7407407407407407,-0.38888888888888884,0.13625155395041103
0.7777777777777777,-0.38888888888888884,0.10980221857491305
0.8148148148148147,-0.38888888888888884,0.10926910285158407
0.8518518518518516,-0.38888888888888884,0.061649628819914676
0.8888888888888888,-0.38888888888888884,0.07899394670900309
0.9259259259259258,-0.38888888888888884,0.04685103946308894
0.9629629629629628,-0.38888888888888884,0.051868107878224295
1.0,-0.38888888888888884,0.06807358299502034
-1.0,-0.36296296296296293,0.028740530438671814
-0.962962962962963,-0.36296296296296293,0.034883927432503764
-0.9259259259259259,-0.36296296296296293,-6.510471459297493e-05
-0.8888888888888888,-0.36296296296296293,-0.03135278385951145
-0.8518518518518519,-0.36296296296296293,-0.08624993801884336
-0.8148148148148149,-0.36296296296296293,-0.08978344893004854
-0.7777777777777778,-0.36296296296296293,-0.10539355773528193
-0.7407407407407407,-0.36296296296296293,-0.1186302654756767
-0.7037037037037037,-0.36296296296296293,-0.15116777034498755
-0.6666666666666667,-0.36296296296296293,-0.18993953122403626
-0.6296296296296297,-0.36296296296296293,-0.16690816245711368
-0.5925925925925926,-0.36296296296296293,-0.21609989961479464
-0.5555555555555556,-0.36296296296296293,-0.21149330534143643
-0.5185185185185186,-0.36296296296296293,-0.2358660751993399
-0.4814814814814815,-0.36296296296296293,-0.2048330055410929
-0.4444444444444444,-0.36296296296296293,-0.1899478185661284
-0.40740740740740744,-0.36296296296296293,-0.18184193001575638
-0.37037037037037046,-0.36296296296296293,-0.20319881385379135
-0.33333333333333337,-0.36296296296296293,-0.16602214156648099
-0.2962962962962963,-0.36296296296296293,-0.15340633536279005
-0.2592592592592593,-0.36296296296296293,-0.12925449795647878
-0.22222222222222232,-0.36296296296296293,-0.1009668414218359
-0.18518518518518523,-0.36296296296296293,-0.08389929491707485
-0.14814814814814814,-0.36296296296296293,-0.035852842774990415
-0.11111111111111116,-0.36296296296296293,-0.05171922796275957
-0.07407407407407418,-0.36296296296296293,0.002592367510977301
-0.03703703703703709,-0.36296296296296293,0.029237326827432124
0.0,-0.36296296296296293,0.035623636282161766
0.03703703703703698,-0.36296296296296293,0.08685042233232868
0.07407407407407396,-0.36296296296296293,0.10831887097416691
0.11111111111111116,-0.36296296296296293,0.12180666459590761
0.14814814814814814,-0.36296296296296293,0.16875224776720116
0.18518518518518512,-0.36296296296296293,0.17863363606665153
0.2222222222222221,-0.36296296296296293,0.2138685524435503
0.2592592592592591,-0.36296296296296293,0.20742051241393009
0.2962962962962963,-0.36296296296296293,0.2457127459721683
0.33333333333333326,-0.36296296296296293,0.2382952339420782
0.37037037037037024,-0.36296296296296293,0.24095896711130838
0.40740740740740744,-0.36296296296296293,0.2521846592423466
0.4444444444444444,-0.36296296296296293,0.26629393126680284
0.4814814814814814,-0.36296296296296293,0.22842051907885402
0.5185185185185184,-0.36296296296296293,0.22399250860794373
0.5555555555555554,-0.36296296296296293,0.21084272519398617
0.5925925925925926,-0.36296296296296293,0.20443122309925746
0.6296296296296295,-0.36296296296296293,0.15816637176083853
0.6666666666666665,-0.36296296296296293,0.19704402620265593
0.7037037037037037,-0.36296296296296293,0.18511570021280258
0.7407407407407407,-0.36296296296296293,0.16666196475937414
0.7777777777777777,-0.36296296296296293,0.13050906042498545
0.8148148148148147,-0.36296296296296293,0.09029921025332839
0.8518518518518516,-0.36296296296296293,0.08564025640836989
0.8888888888888888,-0.36296296296296293,0.09059437016810802
0.9259259259259258,-0.36296296296296293,0.06976061504546632
0.9629629629629628,-0.36296296296296293,0.041691891922215514
1.0,-0.36296296296296293,0.046833557356277776
-1.0,-0.337037037037037,0.026467439824568985
-0.962962962962963,-0.337037037037037,0.004665940956020721
-0.9259259259259259,-0.337037037037037,0.0027195138946528833
-0.8888888888888888,-0.337037037037037,-0.04017385681310421
-0.8518518518518519,-0.337037037037037,-0.07360390323593106
-0.8148148148148149,-0.337037037037037,-0.09323970010409045
-0.7777777777777778,-0.337037037037037,-0.11531184334290223
-0.7407407407407407,-0.337037037037037,-0.1202870544320848
-0.7037037037037037,-0.337037037037037,-0.1351763893437008
-0.6666666666666667,-0.337037037037037,-0.15644542013727283
-0.6296296296296297,-0.337037037037037,-0.19163037102044675
-0.5925925925925926,-0.337037037037037,-0.20494243240753554
-0.5555555555555556,-0.337037037037037,-0.1793398449674681
-0.5185185185185186,-0.337037037037037,-0.21140673133086782
-0.4814814814814815,-0.337037037037037,-0.22383445243631148
-0.4444444444444444,-0.337037037037037,-0.20002218162164773
-0.40740740740740744,-0.337037037037037,-0.22418203907939216
-0.37037037037037046,-0.337037037037037,-0.17400142164042334
-0.33333333333333337,-0.337037037037037,-0.15620923097137054
-0.2962962962962963,-0.337037037037037,-0.1535965847551358
-0.2592592592592593,-0.337037037037037,-0.19008133120986231
-0.22222222222222232,-0.337037037037037,-0.11377484344472225
-0.18518518518518523,-0.337037037037037,-0.07960545283478584
-0.14814814814814814,-0.337037037037037,-0.054965416307454155
-0.11111111111111116,-0.337037037037037,0.01172376115172579
-0.07407407407407418,-0.337037037037037,-0.005797111009347802
-0.03703703703703709,-0.337037037037037,0.031359111110310596
0.0,-0.337037037037037,0.08976495861766666
0.03703703703703698,-0.337037037037037,0.10660668561605219
0.07407407407407396,-0.337037037037037,0.15414015023973654
0.11111111111111116,-0.337037037037037,0.16669869899689893
0.14814814814814814,-0.337037037037037,0.18351386869457798
0.18518518518518512,-0.337037037037037,0.19958398886531525
0.2222222222222221,-0.337037037037037,0.23303143774678697
0.2592592592592591,-0.337037037037037,0.24510391095016582
0.2962962962962963,-0.337037037037037,0.2771098543925482
0.33333333333333326,-0.337037037037037,0.27832569074954305
0.37037037037037024,-0.337037037037037,0.24810144673400308
0.40740740740740744,-0.337037037037037,0.2921976148435999
0.4444444444444444,-0.337037037037037,0.267207304077609
0.4814814814814814,-0.337037037037037,0.24832820432786867
0.5185185185185184,-0.337037037037037,0.2896461330157997
0.5555555555555554,-0.337037037037037,0.24455708910530055
0.5925925925925926,-0.337037037037037,0.23462181898840823
0.6296296296296295,-0.337037037037037,0.22644633265380237
0.6666666666666665,-0.337037037037037,0.18324824588265745
0.7037037037037037,-0.337037037037037,0.18666125732227487
0.7407407407407407,-0.337037037037037,0.17160164118934762
0.7777777777777777,-0.337037037037037,0.14173896467166475
0.8148148148148147,-0.337037037037037,0.1394004438907053
0.8518518518518516,-0.337037037037037,0.1302170845784305
0.8888888888888888,-0.337037037037037,0.10808597875235833
0.9259259259259258,-0.337037037037037,0.058501757992456896
0.9629629629629628,-0.337037037037037,0.07195161603176449
1.0,-0.337037037037037,0.07125348837707968
-1.0,-0.31111111111111106,0.09332320867588623
-0.962962962962963,-0.31111111111111106,0.05480507261406
-0.9259259259259259,-0.31111111111111106,0.024170510726560398
-0.8888888888888888,-0.31111111111111106,-0.027645712048308565
-0.8518518518518519,-0.31111111111111106,-0.02747021775252244
-0.8148148148148149,-0.31111111111111106,-0.027060490055892873
-0.7777777777777778,-0.31111111111111106,-0.09078642284203187
-0.7407407407407407,-0.31111111111111106,-0.12288223476093646
-0.7037037037037037,-0.31111111111111106,-0.13842026561162177
-0.6666666666666667,-0.31111111111111106,-0.15210517103843388
-0.6296296296296297,-0.31111111111111106,-0.18730759838336675
-0.5925925925925926,-0.31111111111111106,-0.19435195003665467
-0.5555555555555556,-0.31111111111111106,-0.22437712490563064
-0.5185185185185186,-0.31111111111111106,-0.22031678725462783
-0.4814814814814815,-0.31111111111111106,-0.2197299859206021
-0.4444444444444444,-0.31111111111111106,-0.22628544542993412
-0.40740740740740744,-0.31111111111111106,-0.22856842519933157
-0.37037037037037046,-0.31111111111111106,-0.17584702442752498
-0.33333333333333337,-0.31111111111111106,-0.1864998592314927
-0.2962962962962963,-0.31111111111111106,-0.1557964296833119
-0.2592592592592593,-0.31111111111111106,-0.16721193617587088
-0.22222222222222232,-0.31111111111111106,-0.11988188673117539
-0.18518518518518523,-0.31111111111111106,-0.09149138357028795
-0.14814814814814814,-0.31111111111111106,-0.02149674917998065
-0.11111111111111116,-0.31111111111111106,-0.004383573198899756
-0.07407407407407418,-0.31111111111111106,0.017821965261581238
-0.03703703703703709,-0.31111111111111106,0.0664196599864309
0.0,-0.31111111111111106,0.09690385167044693
0.03703703703703698,-0.31111111111111106,0.13827326658075514
0.07407407407407396,-0.31111111111111106,0.14091183858710976
0.11111111111111116,-0.31111111111111106,0.16320580403690294
0.14814814814814814,-0.31111111111111106,0.22630715631895754
0.18518518518518512,-0.31111111111111106,0.25384469639141033
0.2222222222222221,-0.31111111111111106,0.2761697466031928
0.2592592592592591,-0.31111111111111106,0.31559596445581733
0.2962962962962963,-0.31111111111111106,0.3034373137779765
0.33333333333333326,-0.31111111111111106,0.3164488696518859
0.37037037037037024,-0.31111111111111106,0.31212151677147215
0.40740740740740744,-0.31111111111111106,0.2921913029780554
0.4444444444444444,-0.31111111111111106,0.2976287304389081
0.4814814814814814,-0.31111111111111106,0.29665926162482337
0.5185185185185184,-0.31111111111111106,0.2938090926481236
0.5555555555555554,-0.31111111111111106,0.30703108894610687
0.5925925925925926,-0.31111111111111106,0.2727472998567802
0.6296296296296295,-0.31111111111111106,0.2466555925617121
0.6666666666666665,-0.31111111111111106,0.2032817126044243
0.7037037037037037,-0.31111111111111106,0.22210781495122414
0.7407407407407407,-0.31111111111111106,0.18456695000009163
0.7777777777777777,-0.31111111111111106,0.13453251628755414
0.8148148148148147,-0.31111111111111106,0.15717241534013873
0.8518518518518516,-0.31111111111111106,0.13856954942984312
0.8888888888888888,-0.31111111111111106,0.12518886710544744
0.9259259259259258,-0.31111111111111106,0.10671332665097223
0.9629629629629628,-0.31111111111111106,0.07585599100385444
1.0,-0.31111111111111106,0.07180920816182625
-1.0,-0.28518518518518515,0.061982847883802386
-0.962962962962963,-0.28518518518518515,0.05047228693057751
-0.9259259259259259,-0.28518518518518515,0.033826983409127695
-0.8888888888888888,-0.28518518518518515,0.008800979368831143
-0.8518518518518519,-0.28518518518518515,-0.037882455883443834
-0.8148148148148149,-0.28518518518518515,-0.029738490165011625
-0.7777777777777778,-0.28518518518518515,-0.08262793557042458
-0.7407407407407407,-0.28518518518518515,-0.139828522374239
-0.7037037037037037,-0.28518518518518515,-0.1101372964711296
-0.6666666666666667,-0.28518518518518515,-0.13900815398879987
-0.6296296296296297,-0.28518518518518515,-0.15303238628837282
-0.5925925925925926,-0.28518518518518515,-0.19189485485193994
-0.5555555555555556,-0.28518518518518515,-0.2089056528598143
-0.5185185185185186,-0.28518518518518515,-0.22418298052278895
-0.4814814814814815,-0.28518518518518515,-0.20682206930196298
-0.4444444444444444,-0.28518518518518515,-0.20426751524110226
-0.40740740740740744,-0.28518518518518515,-0.200030317911172
-0.37037037037037046,-0.28518518518518515,-0.18847171205771007
-0.33333333333333337,-0.28518518518518515,-0.19627988329028884
-0.2962962962962963,-0.28518518518518515,-0.16133484232175077
-0.2592592592592593,-0.28518518518518515,-0.12955029764219303
-0.22222222222222232,-0.28518518518518515,-0.11114506527099892
-0.18518518518518523,-0.28518518518518515,-0.04913985284201566
-0.14814814814814814,-0.28518518518518515,-0.07294030410768314
-0.11111111111111116,-0.28518518518518515,0.005344571919917995
-0.07407407407407418,-0.28518518518518515,0.03443322099738916
-0.03703703703703709,-0.28518518518518515,0.08049221229740577
0.0,-0.28518518518518515,0.12153970776150398
0.03703703703703698,-0.28518518518518515,0.15821697666787754
0.07407407407407396,-0.28518518518518515,0.2013524333177347
0.11111111111111116,-0.28518518518518515,0.23311823613284513
0.14814814814814814,-0.28518518518518515,0.24590452216157654
0.18518518518518512,-0.28518518518518515,0.30570919083470394
0.2222222222222221,-0.28518518518518515,0.32905515538106445
0.2592592592592591,-0.28518518518518515,0.32108158163321815
0.2962962962962963,-0.28518518518518515,0.3608822042898415
0.33333333333333326,-0.28518518518518515,0.3621705277025516
0.37037037037037024,-0.28518518518518515,0.3728551597653987
0.40740740740740744,-0.28518518518518515,0.3663182254930138
0.4444444444444444,-0.28518518518518515,0.3476309901200741
0.4814814814814814,-0.28518518518518515,0.35743377283132455
0.5185185185185184,-0.28518518518518515,0.31139846936772353
0.5555555555555554,-0.28518518518518515,0.346523018178198
0.5925925925925926,-0.28518518518518515,0.29181286421107155
0.6296296296296295,-0.28518518518518515,0.27303948739624995
0.6666666666666665,-0.28518518518518515,0.2733084853725504
0.7037037037037037,-0.28518518518518515,0.24005867935418757
0.7407407407407407,-0.28518518518518515,0.23067617802349108
0.7777777777777777,-0.28518518518518515,0.22537707634136445
0.8148148148148147,-0.28518518518518515,0.1855691491900758
0.8518518518518516,-0.28518518518518515,0.15176731121263456
0.8888888888888888,-0.28518518518518515,0.1189446744365434
0.9259259259259258,-0.28518518518518515,0.1150352700145921
0.9629629629629628,-0.28518518518518515,0.08394986800499678
1.0,-0.28518518518518515,0.08832490792043232
-1.0,-0.25925925925925924,0.030898846047730175
-0.962962962962963,-0.25925925925925924,0.043059597408128945
-0.9259259259259259,-0.25925925925925924,0.023608378481444092
-0.8888888888888888,-0.25925925925925924,-0.006909149955146694
-0.8518518518518519,-0.25925925925925924,-0.0068352783412485504
-0.8148148148148149,-0.25925925925925924,-0.03082273146008476
-0.7777777777777778,-0.25925925925925924,-0.0998989525516846
-0.7407407407407407,-0.25925925925925924,-0.0751748311835623
-0.7037037037037037,-0.25925925925925924,-0.12547593395439582
-0.6666666666666667,-0.25925925925925924,-0.1381750316135844
-0.6296296296296297,-0.25925925925925924,-0.154791900591347
-0.5925925925925926,-0.25925925925925924,-0.18569483216498112
-0.5555555555555556,-0.25925925925925924,-0.19219755480474568
-0.5185185185185186,-0.25925925925925924,-0.1934875852947597
-0.4814814814814815,-0.25925925925925924,-0.21748009829238502
-0.4444444444444444,-0.25925925925925924,-0.20425359441045898
-0.40740740740740744,-0.25925925925925924,-0.18798504226153886
-0.37037037037037046,-0.25925925925925924,-0.19314370538211237
-0.33333333333333337,-0.25925925925925924,-0.17840876515429838
-0.2962962962962963,-0.25925925925925924,-0.16040834174236812
-0.2592592592592593,-0.25925925925925924,-0.13516446728070736
-0.22222222222222232,-0.25925925925925924,-0.09948626854638684
-0.18518518518518523,-0.25925925925925924,-0.08029582948842769
-0.14814814814814814,-0.25925925925925924,-0.021668859651727445
-0.11111111111111116,-0.25925925925925924,0.010512589697835846
-0.07407407407407418,-0.25925925925925924,0.06929850050882387
-0.03703703703703709,-0.25925925925925924,0.13497736934415272
0.0,-0.25925925925925924,0.16702225603410606
0.03703703703703698,-0.25925925925925924,0.18929386979556756
0.07407407407407396,-0.25925925925925924,0.2454329651633197
0.11111111111111116,-0.25925925925925924,0.27597393122357117
0.14814814814814814,-0.25925925925925924,0.29865728640139605
0.18518518518518512,-0.25925925925925924,0.35038349640144295
0.2222222222222221,-0.25925925925925924,0.3850534637887822
0.2592592592592591,-0.25925925925925924,0.3977984780359864
0.2962962962962963,-0.25925925925925924,0.4036312933297431
0.33333333333333326,-0.25925925925925924,0.3972761938213447
0.37037037037037024,-0.25925925925925924,0.41150598979929454
0.40740740740740744,-0.25925925925925924,0.4240638751641965
0.4444444444444444,-0.25925925925925924,0.41260733349947465
0.4814814814814814,-0.25925925925925924,0.40951721731697127
0.5185185185185184,-0.25925925925925924,0.3747811997936166
0.5555555555555554,-0.25925925925925924,0.3241914340666379
0.5925925925925926,-0.25925925925925924,0.3577601901246771
0.6296296296296295,-0.25925925925925924,0.3319179244610707
0.6666666666666665,-0.25925925925925924,0.31964131720007355
0.7037037037037037,-0.25925925925925924,0.2935007643485778
0.7407407407407407,-0.25925925925925924,0.25968461432776924
0.7777777777777777,-0.25925925925925924,0.21343355741753936
0.8148148148148147,-0.25925925925925924,0.17420987660350337
0.8518518518518516,-0.25925925925925924,0.1626692391445036
0.8888888888888888,-0.25925925925925924,0.13730392205233363
0.9259259259259258,-0.25925925925925924,0.10879636449812186
0.9629629629629628,-0.25925925925925924,0.10524815420949105
1.0,-0.25925925925925924,0.11039778565378733
-1.0,-0.23333333333333328,0.05156225581896767
-0.962962962962963,-0.23333333333333328,0.04594942713774942
-0.9259259259259259,-0.23333333333333328,0.03605818995574917
-0.8888888888888888,-0.23333333333333328,-0.008586599470054274
-0.8518518518518519,-0.23333333333333328,-0.022345441342277447
-0.8148148148148149,-0.23333333333333328,-0.05036964422093123
-0.7777777777777778,-0.23333333333333328,-0.08712495402447253
-0.7407407407407407,-0.23333333333333328,-0.07840640912480655
-0.7037037037037037,-0.23333333333333328,-0.09697012185746492
-0.6666666666666667,-0.23333333333333328,-0.11778047745475723
-0.6296296296296297,-0.23333333333333328,-0.14882825184275034
-0.5925925925925926,-0.23333333333333328,-0.17902506770003193
-0.5555555555555556,-0.23333333333333328,-0.157978186640312
-0.5185185185185186,-0.23333333333333328,-0.21657798261744246
-0.4814814814814815,-0.23333333333333328,-0.1875618047759052
-0.4444444444444444,-0.23333333333333328,-0.1951989374323792
-0.40740740740740744,-0.23333333333333328,-0.20388176401843694
-0.37037037037037046,-0.23333333333333328,-0.15656783144481096
-0.33333333333333337,-0.23333333333333328,-0.131144233518826
-0.2962962962962963,-0.23333333333333328,-0.13810036830193662
-0.2592592592592593,-0.23333333333333328,-0.1108425976492199
-0.22222222222222232,-0.23333333333333328,-0.068163631670227
-0.18518518518518523,-0.23333333333333328,-0.03736092769451272
-0.14814814814814814,-0.23333333333333328,0.03844122552954249
-0.11111111111111116,-0.23333333333333328,0.03576720576245439
-0.07407407407407418,-0.23333333333333328,0.08508571641149754
-0.03703703703703709,-0.23333333333333328,0.15083537841110115
0.0,-0.23333333333333328,0.18292153005863857
0.03703703703703698,-0.23333333333333328,0.22828753031660745
0.07407407407407396,-0.23333333333333328,0.27380580613317157
0.11111111111111116,-0.23333333333333328,0.31944979331985024
0.14814814814814814,-0.23333333333333328,0.37579043026037046
0.18518518518518512,-0.23333333333333328,0.37484668522816267
0.2222222222222221,-0.23333333333333328,0.4313427178147395
0.2592592592592591,-0.23333333333333328,0.4242540874263367
0.2962962962962963,-0.23333333333333328,0.4384816854022011
0.33333333333333326,-0.23333333333333328,0.47715381635572346
0.37037037037037024,-0.23333333333333328,0.4742367041019676
0.40740740740740744,-0.23333333333333328,0.47733508625830934
0.4444444444444444,-0.23333333333333328,0.4705923208676388
0.4814814814814814,-0.23333333333333328,0.43565899235905897
0.5185185185185184,-0.23333333333333328,0.4130285793125445
0.5555555555555554,-0.23333333333333328,0.4100441664347573
0.5925925925925926,-0.23333333333333328,0.3686858049578862
0.6296296296296295,-0.23333333333333328,0.3546184080285727
0.6666666666666665,-0.23333333333333328,0.3559247998863186
0.7037037037037037,-0.23333333333333328,0.2807621174632405
0.7407407407407407,-0.23333333333333328,0.25565414425325417
0.7777777777777777,-0.23333333333333328,0.25690501260348025
0.8148148148148147,-0.23333333333333328,0.2323940660112859
0.8518518518518516,-0.23333333333333328,0.18855980003253095
0.8888888888888888,-0.23333333333333328,0.17132101267398672
0.9259259259259258,-0.23333333333333328,0.13867067142304418
0.9629629629629628,-0.23333333333333328,0.11599703048663797
1.0,-0.23333333333333328,0.10746858853516271
-1.0,-0.20740740740740737,0.048070248170573496
-0.962962962962963,-0.20740740740740737,0.001318526963286281
-0.9259259259259259,-0.20740740740740737,-0.01688966820814962
-0.8888888888888888,-0.20740740740740737,-0.005257272048692113
-0.8518518518518519,-0.20740740740740737,-0.03591502921576233
-0.8148148148148149,-0.20740740740740737,-0.03496824528201897
-0.7777777777777778,-0.20740740740740737,-0.06413142775027285
-0.7407407407407407,-0.20740740740740737,-0.09031317579340802
-0.7037037037037037,-0.20740740740740737,-0.10359733029500816
-0.6666666666666667,-0.20740740740740737,-0.07461900330960239
-0.6296296296296297,-0.20740740740740737,-0.1382266400267947
-0.5925925925925926,-0.20740740740740737,-0.1611901834904186
-0.5555555555555556,-0.20740740740740737,-0.1854302836548041
-0.5185185185185186,-0.20740740740740737,-0.15761441343071456
-0.4814814814814815,-0.20740740740740737,-0.14584180562776128
-0.4444444444444444,-0.20740740740740737,-0.16377011404275876
-0.40740740740740744,-0.20740740740740737,-0.156236565625164
-0.37037037037037046,-0.20740740740740737,-0.1461346461965799
-0.33333333333333337,-0.20740740740740737,-0.12079818571495746
-0.2962962962962963,-0.20740740740740737,-0.10423816509986492
-0.2592592592592593,-0.20740740740740737,-0.06432695268419732
-0.22222222222222232,-0.20740740740740737,-0.029567642415062913
-0.18518518518518523,-0.20740740740740737,0.0070514923498978714
-0.14814814814814814,-0.20740740740740737,0.0745885674551366
-0.11111111111111116,-0.20740740740740737,0.08609966218703194
-0.07407407407407418,-0.20740740740740737,0.137786930025001
-0.03703703703703709,-0.20740740740740737,0.1790181643293426
0.0,-0.20740740740740737,0.2374761257287939
0.03703703703703698,-0.20740740740740737,0.2900596403562014
0.07407407407407396,-0.20740740740740737,0.3599353176288908
0.11111111111111116,-0.20740740740740737,0.37272807037665573
0.14814814814814814,-0.20740740740740737,0.4109118320232056
0.18518518518518512,-0.20740740740740737,0.4489633710800956
0.2222222222222221,-0.20740740740740737,0.46108028118177163
0.2592592592592591,-0.20740740740740737,0.494136917682735
0.2962962962962963,-0.20740740740740737,0.48058172254959974
0.33333333333333326,-0.20740740740740737,0.5296314446773343
0.37037037037037024,-0.20740740740740737,0.5321977772319167
0.40740740740740744,-0.20740740740740737,0.529341984655517
0.4444444444444444,-0.20740740740740737,0.5328970714207871
0.4814814814814814,-0.20740740740740737,0.5037817703308742
0.5185185185185184,-0.20740740740740737,0.4924779782662028
0.5555555555555554,-0.20740740740740737,0.46129421504243073
0.5925925925925926,-0.20740740740740737,0.4264278171845453
0.6296296296296295,-0.20740740740740737,0.4008484262272071
0.6666666666666665,-0.20740740740740737,0.3755589200814781
0.7037037037037037,-0.20740740740740737,0.34317369701391454
0.7407407407407407,-0.20740740740740737,0.2808196318216773
0.7777777777777777,-0.20740740740740737,0.25377351846016416
0.8148148148148147,-0.20740740740740737,0.22973111674958663
0.8518518518518516,-0.20740740740740737,0.19211861453839058
0.8888888888888888,-0.20740740740740737,0.17423745334356422
0.9259259259259258,-0.20740740740740737,0.14620981709105016
0.9629629629629628,-0.20740740740740737,0.11923947707884403
1.0,-0.20740740740740737,0.11461655048066041
-1.0,-0.18148148148148147,0.021511170667367234
-0.962962962962963,-0.18148148148148147,0.014194089937067188
-0.9259259259259259,-0.18148148148148147,0.0055236586314643885
-0.8888888888888888,-0.18148148148148147,-0.01110665708065079
-0.8518518518518519,-0.18148148148148147,-0.08389559700898297
-0.8148148148148149,-0.18148148148148147,-0.034404930536940215
-0.7777777777777778,-0.18148148148148147,-0.07211395821313027
-0.7407407407407407,-0.18148148148148147,-0.11412933618510154
-0.7037037037037037,-0.18148148148148147,-0.11872921627799116
-0.6666666666666667,-0.18148148148148147,-0.1270413800843274
-0.6296296296296297,-0.18148148148148147,-0.1435311075912883
-0.5925925925925926,-0.18148148148148147,-0.12417212322089209
-0.5555555555555556,-0.18148148148148147,-0.1497022880266918
-0.5185185185185186,-0.18148148148148147,-0.11847660153822911
-0.4814814814814815,-0.18148148148148147,-0.12111383703932496
-0.4444444444444444,-0.18148148148148147,-0.16671968579418162
-0.40740740740740744,-0.18148148148148147,-0.13609833896728377
-0.37037037037037046,-0.18148148148148147,-0.09828840385163505
-0.33333333333333337,-0.18148148148148147,-0.08314769799669976
-0.2962962962962963,-0.18148148148148147,-0.0627311712276123
-0.2592592592592593,-0.18148148148148147,-0.029943396339177246
-0.22222222222222232,-0.18148148148148147,0.002264450985119181
-0.18518518518518523,-0.18148148148148147,0.041408806464104886
-0.14814814814814814,-0.18148148148148147,0.1055049384901387
-0.11111111111111116,-0.18148148148148147,0.14497645072134793
-0.07407407407407418,-0.18148148148148147,0.18236466857166928
-0.03703703703703709,-0.18148148148148147,0.21750823262394742
0.0,-0.18148148148148147,0.300804312634744
0.03703703703703698,-0.18148148148148147,0.34296918570357643
0.07407407407407396,-0.18148148148148147,0.3527036909346184
0.11111111111111116,-0.18148148148148147,0.43741444091662507
0.14814814814814814,-0.18148148148148147,0.4555987877016177
0.18518518518518512,-0.18148148148148147,0.5096311145562124
0.2222222222222221,-0.18148148148148147,0.5321653531696285
0.2592592592592591,-0.18148148148148147,0.5726332051374639
0.2962962962962963,-0.18148148148148147,0.55197997133019
0.33333333333333326,-0.18148148148148147,0.601445696345934
0.37037037037037024,-0.18148148148148147,0.579968043881057
0.40740740740740744,-0.18148148148148147,0.6032149161721444
0.4444444444444444,-0.18148148148148147,0.567062297333123
0.4814814814814814,-0.18148148148148147,0.5443825736984371
0.5185185185185184,-0.18148148148148147,0.507523300966854
0.5555555555555554,-0.18148148148148147,0.5225182429144983
0.5925925925925926,-0.18148148148148147,0.48633187458090105
0.6296296296296295,-0.18148148148148147,0.4368815875396631
0.6666666666666665,-0.18148148148148147,0.3944889139974674
0.7037037037037037,-0.18148148148148147,0.3582918747740589
0.7407407407407407,-0.18148148148148147,0.3257278256060295
0.7777777777777777,-0.18148148148148147,0.29870372565417963
0.8148148148148147,-0.18148148148148147,0.2497272326856822
0.8518518518518516,-0.18148148148148147,0.2232715677178956
0.8888888888888888,-0.18148148148148147,0.20726867642411578
0.9259259259259258,-0.18148148148148147,0.16860191616903109
0.9629629629629628,-0.18148148148148147,0.14219153290286576
1.0,-0.18148148148148147,0.14363993465817299
-1.0,-0.15555555555555556,-0.00938918498586351
-0.962962962962963,-0.15555555555555556,-0.03333294444187471
-0.9259259259259259,-0.15555555555555556,-0.04484380419382577
-0.8888888888888888,-0.15555555555555556,-0.05653702277436331
-0.8518518518518519,-0.15555555555555556,-0.07276270682533956
-0.8148148148148149,-0.15555555555555556,-0.08109653349702513
-0.7777777777777778,-0.15555555555555556,-0.08744246938236985
-0.7407407407407407,-0.15555555555555556,-0.11903854103490731
-0.7037037037037037,-0.15555555555555556,-0.13511310274453078
-0.6666666666666667,-0.15555555555555556,-0.13448501934202167
-0.6296296296296297,-0.15555555555555556,-0.1413123839935463
-0.5925925925925926,-0.15555555555555556,-0.12608258509439646
-0.5555555555555556,-0.15555555555555556,-0.12218730394949848
-0.5185185185185186,-0.15555555555555556,-0.1316003533580234
-0.4814814814814815,-0.15555555555555556,-0.1426233425587324
-0.4444444444444444,-0.15555555555555556,-0.13336906532040785
-0.40740740740740744,-0.15555555555555556,-0.124426045906627
-0.37037037037037046,-0.15555555555555556,-0.07748168811098169
-0.33333333333333337,-0.15555555555555556,-0.03998111581764438
-0.2962962962962963,-0.15555555555555556,-0.028764821701350633
-0.2592592592592593,-0.15555555555555556,0.01201828050795337
-0.22222222222222232,-0.15555555555555556,0.061055014611929394
-0.18518518518518523,-0.15555555555555556,0.10316627857840419
-0.14814814814814814,-0.15555555555555556,0.16057080018017544
-0.11111111111111116,-0.15555555555555556,0.1972421697842634
-0.07407407407407418,-0.15555555555555556,0.251085086326304
-0.03703703703703709,-0.15555555555555556,0.30566991427012474
0.0,-0.15555555555555556,0.38027110261976776
0.03703703703703698,-0.15555555555555556,0.41127675416788356
0.07407407407407396,-0.15555555555555556,0.4735661385045597
0.11111111111111116,-0.15555555555555556,0.49920311758780433
0.14814814814814814,-0.15555555555555556,0.5555403881961163
0.18518518518518512,-0.15555555555555556,0.5744836189172956
0.2222222222222221,-0.15555555555555556,0.5841031048987286
0.2592592592592591,-0.15555555555555556,0.5971125018793902
0.2962962962962963,-0.15555555555555556,0.6471727242126069
0.33333333333333326,-0.15555555555555556,0.6254488571174297
0.37037037037037024,-0.15555555555555556,0.6354718920521027
0.40740740740740744,-0.15555555555555556,0.6065800200017278
0.4444444444444444,-0.15555555555555556,0.6169072632402197
0.4814814814814814,-0.15555555555555556,0.5809428287476514
0.5185185185185184,-0.15555555555555556,0.5923571787660071
0.5555555555555554,-0.15555555555555556,0.5270867645138654
0.5925925925925926,-0.15555555555555556,0.515093886034616
0.6296296296296295,-0.15555555555555556,0.5074532376229924
0.6666666666666665,-0.15555555555555556,0.4539381471402186
0.7037037037037037,-0.15555555555555556,0.40612936280308126
0.7407407407407407,-0.15555555555555556,0.33965650394996805
0.7777777777777777,-0.15555555555555556,0.34032901915796454
0.8148148148148147,-0.15555555555555556,0.3099239061548506
0.8518518518518516,-0.15555555555555556,0.24488733131731655
0.8888888888888888,-0.15555555555555556,0.2192016570622711
0.9259259259259258,-0.15555555555555556,0.18118361226221008
0.9629629629629628,-0.15555555555555556,0.14916002201163772
1.0,-0.15555555555555556,0.13846067973729165
-1.0,-0.12962962962962965,-0.061623021102709556
-0.962962962962963,-0.12962962962962965,-0.07176435561959374
-0.9259259259259259,-0.12962962962962965,-0.06885115044827758
-0.8888888888888888,-0.12962962962962965,-0.08630248445328881
-0.8518518518518519,-0.12962962962962965,-0.10071811638195309
-0.8148148148148149,-0.12962962962962965,-0.0922064929935602
-0.7777777777777778,-0.12962962962962965,-0.13410645029355847
-0.7407407407407407,-0.12962962962962965,-0.1277741531096706
-0.7037037037037037,-0.12962962962962965,-0.12645315032854734
-0.6666666666666667,-0.12962962962962965,-0.12315262956730877
-0.6296296296296297,-0.12962962962962965,-0.1542819702457263
-0.5925925925925926,-0.12962962962962965,-0.11780272772768038
-0.5555555555555556,-0.12962962962962965,-0.15130830208899548
-0.5185185185185186,-0.12962962962962965,-0.13328958847030295
-0.4814814814814815,-0.12962962962962965,-0.09045443261350233
-0.4444444444444444,-0.12962962962962965,-0.12246258447875419
-0.40740740740740744,-0.12962962962962965,-0.0746361799250679
-0.37037037037037046,-0.12962962962962965,-0.020311626898085883
-0.33333333333333337,-0.12962962962962965,0.002183033182660603
-0.2962962962962963,-0.12962962962962965,0.027676800978695872
-0.2592592592592593,-0.12962962962962965,0.06478239228674386
-0.22222222222222232,-0.12962962962962965,0.11972218173756952
-0.18518518518518523,-0.12962962962962965,0.1361107608144316
-0.14814814814814814,-0.12962962962962965,0.23638020713449606
-0.11111111111111116,-0.12962962962962965,0.26043443017674694
-0.07407407407407418,-0.12962962962962965,0.31189760849953785
-0.03703703703703709,-0.12962962962962965,0.3931203675826654
0.0,-0.12962962962962965,0.4415069416043353
0.03703703703703698,-0.12962962962962965,0.4870655840831033
0.07407407407407396,-0.12962962962962965,0.5369820347411268
0.11111111111111116,-0.12962962962962965,0.5751379493921819
0.14814814814814814,-0.12962962962962965,0.5906867606760363
0.18518518518518512,-0.12962962962962965,0.6150452208921601
0.2222222222222221,-0.12962962962962965,0.6838034238884663
0.2592592592592591,-0.12962962962962965,0.6979097646357454
0.2962962962962963,-0.12962962962962965,0.6980267901766701
0.33333333333333326,-0.12962962962962965,0.7249966351566399
0.37037037037037024,-0.12962962962962965,0.6887829635118718
0.40740740740740744,-0.12962962962962965,0.6757431032655817
0.4444444444444444,-0.12962962962962965,0.6789297952822697
0.4814814814814814,-0.12962962962962965,0.6300259758684362
0.5185185185185184,-0.12962962962962965,0.6001506442048702
0.5555555555555554,-0.12962962962962965,0.5797779741403758
0.5925925925925926,-0.12962962962962965,0.533910930980346
0.6296296296296295,-0.12962962962962965,0.5093561398079853
0.6666666666666665,-0.12962962962962965,0.4793159668880879
0.7037037037037037,-0.12962962962962965,0.4136848368736726
0.7407407407407407,-0.12962962962962965,0.3859147940521137
0.7777777777777777,-0.12962962962962965,0.3560209612774446
0.8148148148148147,-0.12962962962962965,0.29977233031691575
0.8518518518518516,-0.12962962962962965,0.27178019268790987
0.8888888888888888,-0.12962962962962965,0.25186473587832914
0.9259259259259258,-0.12962962962962965,0.19103784001104876
0.9629629629629628,-0.12962962962962965,0.18329814405232508
1.0,-0.12962962962962965,0.18532651410950496
-1.0,-0.10370370370370363,-0.10456043641913804
-0.962962962962963,-0.10370370370370363,-0.13334422595958464
-0.9259259259259259,-0.10370370370370363,-0.13237172531593597
-0.8888888888888888,-0.10370370370370363,-0.13553705887143092
-0.8518518518518519,-0.10370370370370363,-0.11880357427302142
-0.8148148148148149,-0.10370370370370363,-0.1345588972714441
-0.7777777777777778,-0.10370370370370363,-0.15412610161802276
-0.7407407407407407,-0.10370370370370363,-0.18558048665879004
-0.7037037037037037,-0.10370370370370363,-0.16025363044150215
-0.6666666666666667,-0.10370370370370363,-0.12422528825878737
-0.6296296296296297,-0.10370370370370363,-0.17388980406779608
-0.5925925925925926,-0.10370370370370363,-0.1412946687148497
-0.5555555555555556,-0.10370370370370363,-0.12703418941119088
-0.5185185185185186,-0.10370370370370363,-0.10716298819390638
-0.4814814814814815,-0.10370370370370363,-0.08964215543836523
-0.4444444444444444,-0.10370370370370363,-0.060798773143364016
-0.40740740740740744,-0.10370370370370363,-0.027781979332049334
-0.37037037037037046,-0.10370370370370363,-0.006734222946231799
-0.33333333333333337,-0.10370370370370363,0.032117467671370394
-0.2962962962962963,-0.10370370370370363,0.061554514533894586
-0.2592592592592593,-0.10370370370370363,0.10944494499215836
-0.22222222222222232,-0.10370370370370363,0.14895423007948144
-0.18518518518518523,-0.10370370370370363,0.2322700601792354
-0.14814814814814814,-0.10370370370370363,0.23077964771256865
-0.11111111111111116,-0.10370370370370363,0.34376409081393183
-0.07407407407407418,-0.10370370370370363,0.36203799268096654
-0.03703703703703709,-0.10370370370370363,0.4508616948953876
0.0,-0.10370370370370363,0.49312399581646355
0.03703703703703698,-0.10370370370370363,0.5980263782677843
0.07407407407407396,-0.10370370370370363,0.6084543964702738
0.11111111111111116,-0.10370370370370363,0.6401729822609983
0.14814814814814814,-0.10370370370370363,0.705902132760119
0.18518518518518512,-0.10370370370370363,0.7278804207181736
0.2222222222222221,-0.10370370370370363,0.7273442181166608
0.2592592592592591,-0.10370370370370363,0.7554935940711666
0.2962962962962963,-0.10370370370370363,0.786343623613671
0.33333333333333326,-0.10370370370370363,0.728735757633823
0.37037037037037024,-0.10370370370370363,0.7355902299091256
0.40740740740740744,-0.10370370370370363,0.7390726158067249
0.4444444444444444,-0.10370370370370363,0.7451690142939627
0.4814814814814814,-0.10370370370370363,0.6714213302992768
0.5185185185185184,-0.10370370370370363,0.6541577148095763
0.5555555555555554,-0.10370370370370363,0.6148517134639911
0.5925925925925926,-0.10370370370370363,0.5978167925269575
0.6296296296296295,-0.10370370370370363,0.5454055682423532
0.6666666666666665,-0.10370370370370363,0.49446148866990514
0.7037037037037037,-0.10370370370370363,0.4354315714124783
0.7407407407407407,-0.10370370370370363,0.37803249749122697
0.7777777777777777,-0.10370370370370363,0.3730871847477364
0.8148148148148147,-0.10370370370370363,0.34811869912628784
0.8518518518518516,-0.10370370370370363,0.27812388792727233
0.8888888888888888,-0.10370370370370363,0.23287494099507342
0.9259259259259258,-0.10370370370370363,0.23153839123944944
0.9629629629629628,-0.10370370370370363,0.15810097234910994
1.0,-0.10370370370370363,0.12015150735471547
-1.0,-0.07777777777777772,-0.1183556977960058
-0.962962962962963,-0.07777777777777772,-0.1304572882553448
-0.9259259259259259,-0.07777777777777772,-0.1298666765852161
-0.8888888888888888,-0.07777777777777772,-0.16743456558466685
-0.8518518518518519,-0.07777777777777772,-0.16621388017518865
-0.8148148148148149,-0.07777777777777772,-0.1775223491030028
-0.7777777777777778,-0.07777777777777772,-0.16946735480734693
-0.7407407407407407,-0.07777777777777772,-0.1811678638979193
-0.7037037037037037,-0.07777777777777772,-0.17977421566072166
-0.6666666666666667,-0.07777777777777772,-0.1750583488613856
-0.6296296296296297,-0.07777777777777772,-0.1716752298088663
-0.5925925925925926,-0.07777777777777772,-0.1746247627478939
-0.5555555555555556,-0.07777777777777772,-0.13703047781527827
-0.5185185185185186,-0.07777777777777772,-0.1200839283181224
-0.4814814814814815,-0.07777777777777772,-0.09738889358420083
-0.4444444444444444,-0.07777777777777772,-0.08636824674163268
-0.40740740740740744,-0.07777777777777772,-0.04239274326072105
-0.37037037037037046,-0.07777777777777772,0.001073062807312052
-0.33333333333333337,-0.07777777777777772,0.010310209284878268
-0.2962962962962963,-0.07777777777777772,0.10317907005127215
-0.2592592592592593,-0.07777777777777772,0.1362290482538791
-0.22222222222222232,-0.07777777777777772,0.17747420869629302
-0.18518518518518523,-0.07777777777777772,0.27989929651184264
-0.14814814814814814,-0.07777777777777772,0.30804096067650616
-0.11111111111111116,-0.07777777777777772,0.3859096456013585
-0.07407407407407418,-0.07777777777777772,0.443085753211616
-0.03703703703703709,-0.07777777777777772,0.4848608326313644
0.0,-0.07777777777777772,0.5571276145857251
0.03703703703703698,-0.07777777777777772,0.6568932188226508
0.07407407407407396,-0.07777777777777772,0.6989287602406281
0.11111111111111116,-0.07777777777777772,0.7058268453338327
0.14814814814814814,-0.07777777777777772,0.7687522235431317
0.18518518518518512,-0.07777777777777772,0.7832810701198967
0.2222222222222221,-0.07777777777777772,0.8254655571125411
0.2592592592592591,-0.07777777777777772,0.8028255869691581
0.2962962962962963,-0.07777777777777772,0.8127810902476954
0.33333333333333326,-0.07777777777777772,0.8292448361548275
0.37037037037037024,-0.07777777777777772,0.8131712430122214
0.40740740740740744,-0.07777777777777772,0.8109478965824509
0.4444444444444444,-0.07777777777777772,0.7868228749324566
0.4814814814814814,-0.07777777777777772,0.7476867898811929
0.5185185185185184,-0.07777777777777772,0.6986817028045073
0.5555555555555554,-0.07777777777777772,0.6673412833686624
0.5925925925925926,-0.07777777777777772,0.6139562089970538
0.6296296296296295,-0.07777777777777772,0.5486082893291827
0.6666666666666665,-0.07777777777777772,0.5397932683636206
0.7037037037037037,-0.07777777777777772,0.45295777352451927
0.7407407407407407,-0.07777777777777772,0.41155509414929947
0.7777777777777777,-0.07777777777777772,0.3875100836598864
0.8148148148148147,-0.07777777777777772,0.35329967861468736
0.8518518518518516,-0.07777777777777772,0.30216376432077674
0.8888888888888888,-0.07777777777777772,0.24610947412911363
0.9259259259259258,-0.07777777777777772,0.25492787628137104
0.9629629629629628,-0.07777777777777772,0.17365124519872524
1.0,-0.07777777777777772,0.18533253760881963
-1.0,-0.051851851851851816,-0.16520631909446626
-0.962962962962963,-0.051851851851851816,-0.157413828364069
-0.9259259259259259,-0.051851851851851816,-0.16324364419675436
-0.8888888888888888,-0.051851851851851816,-0.17736184742300928
-0.8518518518518519,-0.051851851851851816,-0.19626621144115697
-0.8148148148148149,-0.051851851851851816,-0.19077091207940564
-0.7777777777777778,-0.051851851851851816,-0.19883984955905204
-0.7407407407407407,-0.051851851851851816,-0.22190973842201417
-0.7037037037037037,-0.051851851851851816,-0.183966186411348
-0.6666666666666667,-0.051851851851851816,-0.1994034090912753
-0.6296296296296297,-0.051851851851851816,-0.18925309263660836
-0.5925925925925926,-0.051851851851851816,-0.19477754690527432
-0.5555555555555556,-0.051851851851851816,-0.15501962668453464
-0.5185185185185186,-0.051851851851851816,-0.11923008256617022
-0.4814814814814815,-0.051851851851851816,-0.10413136479748686
-0.4444444444444444,-0.051851851851851816,-0.07400710428963626
-0.40740740740740744,-0.051851851851851816,-0.028898469454722894
-0.37037037037037046,-0.051851851851851816,0.0016766673457611894
-0.33333333333333337,-0.051851851851851816,0.06469425875522632
-0.2962962962962963,-0.051851851851851816,0.10159088078415356
-0.2592592592592593,-0.051851851851851816,0.186958492596957
-0.22222222222222232,-0.051851851851851816,0.24872076183298653
-0.18518518518518523,-0.051851851851851816,0.3092266942449093
-0.14814814814814814,-0.051851851851851816,0.3766861161598689
-0.11111111111111116,-0.051851851851851816,0.44121505477974643
-0.07407407407407418,-0.051851851851851816,0.48961843110074016
-0.03703703703703709,-0.051851851851851816,0.5570367321475327
0.0,-0.051851851851851816,0.6347954429785534
0.03703703703703698,-0.051851851851851816,0.6780060318587743
0.07407407407407396,-0.051851851851851816,0.7298865344288163
0.11111111111111116,-0.051851851851851816,0.7738454276983356
0.14814814814814814,-0.051851851851851816,0.8330284895275244
0.18518518518518512,-0.051851851851851816,0.8588166796947008
0.2222222222222221,-0.051851851851851816,0.8878531626280122
0.2592592592592591,-0.051851851851851816,0.9136696198512061
0.2962962962962963,-0.051851851851851816,0.899446223135409
0.33333333333333326,-0.051851851851851816,0.8818718504979388
0.37037037037037024,-0.051851851851851816,0.8803363793681955
0.40740740740740744,-0.051851851851851816,0.866203216975377
0.4444444444444444,-0.051851851851851816,0.8446475334165925
0.4814814814814814,-0.051851851851851816,0.7904124635607201
0.5185185185185184,-0.051851851851851816,0.7602339087437693
0.5555555555555554,-0.051851851851851816,0.6922847873463145
0.5925925925925926,-0.051851851851851816,0.6467755959797494
0.6296296296296295,-0.051851851851851816,0.5893577844398592
0.6666666666666665,-0.051851851851851816,0.5627794052975817
0.7037037037037037,-0.051851851851851816,0.4884668412663282
0.7407407407407407,-0.051851851851851816,0.45066890539557747
0.7777777777777777,-0.051851851851851816,0.4071143571520788
0.8148148148148147,-0.051851851851851816,0.3418209519758051
0.8518518518518516,-0.051851851851851816,0.2922385401222894
0.8888888888888888,-0.051851851851851816,0.28712857755392845
0.9259259259259258,-0.051851851851851816,0.24357746829791427
0.9629629629629628,-0.051851851851851816,0.21510350329009953
1.0,-0.051851851851851816,0.17350827830986962
-1.0,-0.025925925925925908,-0.13791584217206393
-0.962962962962963,-0.025925925925925908,-0.16307983083242505
-0.9259259259259259,-0.025925925925925908,-0.201281019401789
-0.8888888888888888,-0.025925925925925908,-0.18604821929132828
-0.8518518518518519,-0.025925925925925908,-0.20070346638211656
-0.8148148148148149,-0.025925925925925908,-0.22894355744859088
-0.7777777777777778,-0.025925925925925908,-0.22888644826644425
-0.7407407407407407,-0.025925925925925908,-0.2164036787861674
-0.7037037037037037,-0.025925925925925908,-0.25122927488623714
-0.6666666666666667,-0.025925925925925908,-0.21664504336695897
-0.6296296296296297,-0.025925925925925908,-0.23115060690828226
-0.5925925925925926,-0.025925925925925908,-0.18466552032091327
-0.5555555555555556,-0.025925925925925908,-0.16431995086522017
-0.5185185185185186,-0.025925925925925908,-0.1702723038488614
-0.4814814814814815,-0.025925925925925908,-0.13601332130501728
-0.4444444444444444,-0.025925925925925908,-0.09110243623492065
-0.40740740740740744,-0.025925925925925908,-0.04468646533349308
-0.37037037037037046,-0.025925925925925908,-0.005160652231303953
-0.33333333333333337,-0.025925925925925908,0.07441354141236368
-0.2962962962962963,-0.025925925925925908,0.1216766561487642
-0.2592592592592593,-0.025925925925925908,0.16502925443183974
-0.22222222222222232,-0.025925925925925908,0.25692452195927584
-0.18518518518518523,-0.025925925925925908,0.3130534531112346
-0.14814814814814814,-0.025925925925925908,0.3966113873330057
-0.11111111111111116,-0.025925925925925908,0.484850857851004
-0.07407407407407418,-0.025925925925925908,0.5272549964119918
-0.03703703703703709,-0.025925925925925908,0.6125058689422187
0.0,-0.025925925925925908,0.6708858993217568
0.03703703703703698,-0.025925925925925908,0.7380353011240127
0.07407407407407396,-0.025925925925925908,0.8144123711321163
0.11111111111111116,-0.025925925925925908,0.8629723428258678
0.14814814814814814,-0.025925925925925908,0.854544548315881
0.18518518518518512,-0.025925925925925908,0.9390082098710375
0.2222222222222221,-0.025925925925925908,0.956223071096964
0.2592592592592591,-0.025925925925925908,0.9401075073095835
0.2962962962962963,-0.025925925925925908,0.9673858190291572
0.33333333333333326,-0.025925925925925908,0.9411781002352351
0.37037037037037024,-0.025925925925925908,0.9392598175243424
0.40740740740740744,-0.025925925925925908,0.8792346286339199
0.4444444444444444,-0.025925925925925908,0.8931600527098049
0.4814814814814814,-0.025925925925925908,0.8117113505686394
0.5185185185185184,-0.025925925925925908,0.7679648699108845
0.5555555555555554,-0.025925925925925908,0.7496111246784136
0.5925925925925926,-0.025925925925925908,0.7106642960729431
0.6296296296296295,-0.025925925925925908,0.6395699977634945
0.6666666666666665,-0.025925925925925908,0.5997486330337846
0.7037037037037037,-0.025925925925925908,0.5521823471824494
0.7407407407407407,-0.025925925925925908,0.4837509062284071
0.7777777777777777,-0.025925925925925908,0.4503612110018749
0.8148148148148147,-0.025925925925925908,0.3958815051747341
0.8518518518518516,-0.025925925925925908,0.32362793654457866
0.8888888888888888,-0.025925925925925908,0.2720165424235962
0.9259259259259258,-0.025925925925925908,0.23875331325895277
0.9629629629629628,-0.025925925925925908,0.20983926655313884
1.0,-0.025925925925925908,0.20432326932027312
-1.0,0.0,-0.13020529875699727
-0.962962962962963,0.0,-0.19606773258175017
-0.9259259259259259,0.0,-0.1530936979394289
-0.8888888888888888,0.0,-0.23060753081416668
-0.8518518518518519,0.0,-0.23286152048337966
-0.8148148148148149,0.0,-0.23582540587542694
-0.7777777777777778,0.0,-0.20195019687436822
-0.7407407407407407,0.0,-0.24350732349471482
-0.7037037037037037,0.0,-0.21841642635795336
-0.6666666666666667,0.0,-0.2199759160596448
-0.6296296296296297,0.0,-0.22190235786339033
-0.5925925925925926,0.0,-0.196450337079722
-0.5555555555555556,0.0,-0.192114773861514
-0.5185185185185186,0.0,-0.15264494746554455
-0.4814814814814815,0.0,-0.12881221750860639
-0.4444444444444444,0.0,-0.037030623506804895
-0.40740740740740744,0.0,-0.06380518156749741
-0.37037037037037046,0.0,0.01651434915162999
-0.33333333333333337,0.0,0.057373106057846054
-0.2962962962962963,0.0,0.15461453552281074
-0.2592592592592593,0.0,0.21384679341487392
-0.22222222222222232,0.0,0.2683289096283032
-0.18518518518518523,0.0,0.35674692961099674
-0.14814814814814814,0.0,0.40106178929402353
-0.11111111111111116,0.0,0.4876560700983006
-0.07407407407407418,0.0,0.5871559844721558
-0.03703703703703709,0.0,0.6252015965715558
0.0,0.0,0.7262725396570263
0.03703703703703698,0.0,0.7924649507699777
0.07407407407407396,0.0,0.8484689097207384
0.11111111111111116,0.0,0.8917606992090567
0.14814814814814814,0.0,0.9338137210391105
0.18518518518518512,0.0,0.9432208754989538
0.2222222222222221,0.0,0.9902328711531427
0.2592592592592591,0.0,0.969617807852019
0.2962962962962963,0.0,0.9830494447598549
0.33333333333333326,0.0,0.9998651485841844
0.37037037037037024,0.0,0.9927284810297622
0.40740740740740744,0.0,0.9376909888409685
0.4444444444444444,0.0,0.9371594570641171
0.4814814814814814,0.0,0.8786459043818172
0.5185185185185184,0.0,0.8174924680639674
0.5555555555555554,0.0,0.7917951666489494
0.5925925925925926,0.0,0.7401369036154399
0.6296296296296295,0.0,0.6715698893251036
0.6666666666666665,0.0,0.6188771284095473
0.7037037037037037,0.0,0.5939900533877739
0.7407407407407407,0.0,0.49430427934027676
0.7777777777777777,0.0,0.4313032773011288
0.8148148148148147,0.0,0.39197576370776904
0.8518518518518516,0.0,0.3546619607061532
0.8888888888888888,0.0,0.30143262555135536
0.9259259259259258,0.0,0.27538701211479094
0.9629629629629628,0.0,0.22803291940631878
1.0,0.0,0.19446613476456395
-1.0,0.025925925925925908,-0.1689352172161295
-0.962962962962963,0.025925925925925908,-0.14955474282696574
-0.9259259259259259,0.025925925925925908,-0.203579704823833
-0.8888888888888888,0.025925925925925908,-0.17266806206273774
-0.8518518518518519,0.025925925925925908,-0.22690694182054916
-0.8148148148148149,0.025925925925925908,-0.231309986082257
-0.7777777777777778,0.025925925925925908,-0.22849630466915105
-0.7407407407407407,0.025925925925925908,-0.20132072408692372
-0.7037037037037037,0.025925925925925908,-0.23947601003526342
-0.6666666666666667,0.025925925925925908,-0.20858839864607015
-0.6296296296296297,0.025925925925925908,-0.2185781460449778
-0.5925925925925926,0.025925925925925908,-0.22038584968722785
-0.5555555555555556,0.025925925925925908,-0.1736418301494162
-0.5185185185185186,0.025925925925925908,-0.16576097515077223
-0.4814814814814815,0.025925925925925908,-0.13884327036605373
-0.4444444444444444,0.025925925925925908,-0.07760307143820111
-0.40740740740740744,0.025925925925925908,-0.042202421343877146
-0.37037037037037046,0.025925925925925908,0.007769264283027948
-0.33333333333333337,0.025925925925925908,0.061580348946092996
-0.2962962962962963,0.025925925925925908,0.16002047845098455
-0.2592592592592593,0.025925925925925908,0.17201149405668248
-0.22222222222222232,0.025925925925925908,0.2584346087953093
-0.18518518518518523,0.025925925925925908,0.32945010095795363
-0.14814814814814814,0.025925925925925908,0.40898396648439245
-0.11111111111111116,0.025925925925925908,0.47089242427196665
-0.07407407407407418,0.025925925925925908,0.5695848799993025
-0.03703703703703709,0.025925925925925908,0.6540611668405694
0.0,0.025925925925925908,0.721997061575317
0.03703703703703698,0.025925925925925908,0.7795833536926803
0.07407407407407396,0.025925925925925908,0.8340389619722633
0.11111111111111116,0.025925925925925908,0.9097738157687061
0.14814814814814814,0.025925925925925908,0.9422775054095155
0.18518518518518512,0.025925925925925908,0.9945724840619017
0.2222222222222221,0.025925925925925908,1.0170046215228041
0.2592592592592591,0.025925925925925908,1.0566245274432489
0.2962962962962963,0.025925925925925908,1.0336078104060422
0.33333333333333326,0.025925925925925908,1.0467124817245483
0.37037037037037024,0.025925925925925908,1.0146342240735446
0.40740740740740744,0.025925925925925908,1.0036727973274129
0.4444444444444444,0.025925925925925908,0.968321213276446
0.4814814814814814,0.025925925925925908,0.9320358026166314
0.5185185185185184,0.025925925925925908,0.8555968439268283
0.5555555555555554,0.025925925925925908,0.8205582535656469
0.5925925925925926,0.025925925925925908,0.7501117740596579
0.6296296296296295,0.025925925925925908,0.7153374885351957
0.6666666666666665,0.025925925925925908,0.6424178678958037
0.7037037037037037,0.025925925925925908,0.5866461279627267
0.7407407407407407,0.025925925925925908,0.5094861315627358
0.7777777777777777,0.025925925925925908,0.47274824983394026
0.8148148148148147,0.025925925925925908,0.42889437853786433
0.8518518518518516,0.025925925925925908,0.36963354453176117
0.8888888888888888,0.025925925925925908,0.3289717283530945
0.9259259259259258,0.025925925925925908,0.2950388214953214
0.9629629629629628,0.025925925925925908,0.24579603936051375
1.0,0.025925925925925908,0.21759456012930833
-1.0,0.05185185185185193,-0.17045545254988306
-0.962962962962963,0.05185185185185193,-0.17631187397561268
-0.9259259259259259,0.05185185185185193,-0.19565123507005136
-0.8888888888888888,0.05185185185185193,-0.18479979440349936
-0.8518518518518519,0.05185185185185193,-0.1825019223114717
-0.8148148148148149,0.05185185185185193,-0.19364453770860998
-0.7777777777777778,0.05185185185185193,-0.20973753321382776
-0.7407407407407407,0.05185185185185193,-0.23338366906206084
-0.7037037037037037,0.05185185185185193,-0.22655894231687002
-0.6666666666666667,0.05185185185185193,-0.25495343318318214
-0.6296296296296297,0.05185185185185193,-0.22843257203419873
-0.5925925925925926,0.05185185185185193,-0.20140148642313788
-0.5555555555555556,0.05185185185185193,-0.19172296104119527
-0.5185185185185186,0.05185185185185193,-0.16021792944961386
-0.4814814814814815,0.05185185185185193,-0.11401918510268515
-0.4444444444444444,0.05185185185185193,-0.09772265168921672
-0.40740740740740744,0.05185185185185193,-0.05354923318914854
-0.37037037037037046,0.05185185185185193,-0.00886666556315053
-0.33333333333333337,0.05185185185185193,0.0912977405656635
-0.2962962962962963,0.05185185185185193,0.12142056126035566
-0.2592592592592593,0.05185185185185193,0.18865766750023896
-0.22222222222222232,0.05185185185185193,0.27895607616410356
-0.18518518518518523,0.05185185185185193,0.34709758427694337
-0.14814814814814814,0.05185185185185193,0.4088403110024271
-0.11111111111111116,0.05185185185185193,0.4818074654873271
-0.07407407407407418,0.05185185185185193,0.5795553304802659
-0.03703703703703709,0.05185185185185193,0.6607655459783128
0.0,0.05185185185185193,0.7427507250073208
0.03703703703703698,0.05185185185185193,0.800069678370098
0.07407407407407396,0.05185185185185193,0.8442451993949022
0.11111111111111116,0.05185185185185193,0.8890085697851459
0.14814814814814814,0.05185185185185193,0.9495251600008944
0.18518518518518512,0.05185185185185193,1.0060374615231722
0.2222222222222221,0.05185185185185193,1.0310032196216516
0.2592592592592591,0.05185185185185193,1.0416663757706193
0.2962962962962963,0.05185185185185193,1.0456014508976728
0.33333333333333326,0.05185185185185193,1.0505700979219617
0.37037037037037024,0.05185185185185193,1.0507987183021155
0.40740740740740744,0.05185185185185193,1.0208751950122532
0.4444444444444444,0.05185185185185193,0.961952038687387
0.4814814814814814,0.05185185185185193,0.937169088584872
0.5185185185185184,0.05185185185185193,0.915709939774638
0.5555555555555554,0.05185185185185193,0.8374864667636351
0.5925925925925926,0.05185185185185193,0.8026970212625089
0.6296296296296295,0.05185185185185193,0.7233958313711598
0.6666666666666665,0.05185185185185193,0.6509556465066846
0.7037037037037037,0.05185185185185193,0.6357561435054313
0.7407407407407407,0.05185185185185193,0.5533902456033957
0.7777777777777777,0.05185185185185193,0.513309740973625
0.8148148148148147,0.05185185185185193,0.43641718732769225
0.8518518518518516,0.05185185185185193,0.3935630890159692
0.8888888888888888,0.05185185185185193,0.368770660548751
0.9259259259259258,0.05185185185185193,0.3081182044130059
0.9629629629629628,0.05185185185185193,0.2564856426454758
1.0,0.05185185185185193,0.22315358686039996
-1.0,0.07777777777777783,-0.1528968489438211
-0.962962962962963,0.07777777777777783,-0.13486289121457862
-0.9259259259259259,0.07777777777777783,-0.13630661951862635
-0.8888888888888888,0.07777777777777783,-0.1331661748773953
-0.8518518518518519,0.07777777777777783,-0.19423044310120535
-0.8148148148148149,0.07777777777777783,-0.1977151487031676
-0.7777777777777778,0.07777777777777783,-0.204166260380626
-0.7407407407407407,0.07777777777777783,-0.2086784368986817
-0.7037037037037037,0.07777777777777783,-0.22281005556164413
-0.6666666666666667,0.07777777777777783,-0.2093862800576608
-0.6296296296296297,0.07777777777777783,-0.18734022316375015
-0.5925925925925926,0.07777777777777783,-0.19861950495843955
-0.5555555555555556,0.07777777777777783,-0.14509716022681934
-0.5185185185185186,0.07777777777777783,-0.18237164924347304
-0.4814814814814815,0.07777777777777783,-0.13634821768399408
-0.4444444444444444,0.07777777777777783,-0.08795247584920815
-0.40740740740740744,0.07777777777777783,-0.052339503353834596
-0.37037037037037046,0.07777777777777783,-0.014758587178005713
-0.33333333333333337,0.07777777777777783,0.0736900092502767
-0.2962962962962963,0.07777777777777783,0.13388932409221946
-0.2592592592592593,0.07777777777777783,0.1876247865843377
-0.22222222222222232,0.07777777777777783,0.24777711345229167
-0.18518518518518523,0.07777777777777783,0.30271625076590536
-0.14814814814814814,0.07777777777777783,0.3713741384347465
-0.11111111111111116,0.07777777777777783,0.48275122289484945
-0.07407407407407418,0.07777777777777783,0.566603575197481
-0.03703703703703709,0.07777777777777783,0.6386255857480242
0.0,0.07777777777777783,0.7044049113035381
0.03703703703703698,0.07777777777777783,0.7718994327742406
0.07407407407407396,0.07777777777777783,0.8361772624115903
0.11111111111111116,0.07777777777777783,0.9167304733997181
0.14814814814814814,0.07777777777777783,0.9199006194450464
0.18518518518518512,0.07777777777777783,0.974285609607504
0.2222222222222221,0.07777777777777783,1.0169212887263275
0.2592592592592591,0.07777777777777783,1.0428407337638768
0.2962962962962963,0.07777777777777783,1.047372630999926
0.33333333333333326,0.07777777777777783,1.061361399846096
0.37037037037037024,0.07777777777777783,1.0449681405730156
0.40740740740740744,0.07777777777777783,1.0192051188300484
0.4444444444444444,0.07777777777777783,0.983069477514164
0.4814814814814814,0.07777777777777783,0.9386799537528225
0.5185185185185184,0.07777777777777783,0.918987312429853
0.5555555555555554,0.07777777777777783,0.8926343931582409
0.5925925925925926,0.07777777777777783,0.8379935386426123
0.6296296296296295,0.07777777777777783,0.7321238244294682
0.6666666666666665,0.07777777777777783,0.7036640137648618
0.7037037037037037,0.07777777777777783,0.6316140796195622
0.7407407407407407,0.07777777777777783,0.5857061099193642
0.7777777777777777,0.07777777777777783,0.5052386495833813
0.8148148148148147,0.07777777777777783,0.5037592371297751
0.8518518518518516,0.07777777777777783,0.3984523273929705
0.8888888888888888,0.07777777777777783,0.35404659243004694
0.9259259259259258,0.07777777777777783,0.33972638878732003
0.9629629629629628,0.07777777777777783,0.301978142011704
1.0,0.07777777777777783,0.23067438058303671
-1.0,0.10370370370370374,-0.15292452067351409
-0.962962962962963,0.10370370370370374,-0.12147581556038128
-0.9259259259259259,0.10370370370370374,-0.14324069286145946
-0.8888888888888888,0.10370370370370374,-0.16076364601505316
-0.8518518518518519,0.10370370370370374,-0.16988060915360415
-0.8148148148148149,0.10370370370370374,-0.19317135637827243
-0.7777777777777778,0.10370370370370374,-0.1807955108013535
-0.7407407407407407,0.10370370370370374,-0.19769767661674853
-0.7037037037037037,0.10370370370370374,-0.1784521514300786
-0.6666666666666667,0.10370370370370374,-0.19219688072371183
-0.6296296296296297,0.10370370370370374,-0.16173225940454378
-0.5925925925925926,0.10370370370370374,-0.1652707369874846
-0.5555555555555556,0.10370370370370374,-0.14969506159065138
-0.5185185185185186,0.10370370370370374,-0.1424209109132391
-0.4814814814814815,0.10370370370370374,-0.09756766002539981
-0.4444444444444444,0.10370370370370374,-0.07876850480476598
-0.40740740740740744,0.10370370370370374,-0.05288808902417867
-0.37037037037037046,0.10370370370370374,-0.02804646855390951
-0.33333333333333337,0.10370370370370374,0.04952862093152663
-0.2962962962962963,0.10370370370370374,0.09853153048354334
-0.2592592592592593,0.10370370370370374,0.18448255192253624
-0.22222222222222232,0.10370370370370374,0.2410917836190581
-0.18518518518518523,0.10370370370370374,0.2925545312557815
-0.14814814814814814,0.10370370370370374,0.3389640181995104
-0.11111111111111116,0.10370370370370374,0.4528820230183275
-0.07407407407407418,0.10370370370370374,0.5467761074832376
-0.03703703703703709,0.10370370370370374,0.5953922362206402
0.0,0.10370370370370374,0.6566061931603999
0.03703703703703698,0.10370370370370374,0.7371744980870452
0.07407407407407396,0.10370370370370374,0.7806927896450127
0.11111111111111116,0.10370370370370374,0.8602148422272871
0.14814814814814814,0.10370370370370374,0.8798250313494074
0.18518518518518512,0.10370370370370374,0.9114825612064674
0.2222222222222221,0.10370370370370374,0.961381284053561
0.2592592592592591,0.10370370370370374,1.010615711322758
0.2962962962962963,0.10370370370370374,1.0022380822680754
0.33333333333333326,0.10370370370370374,0.9912979484270916
0.37037037037037024,0.10370370370370374,1.0193382444040766
0.40740740740740744,0.10370370370370374,0.9953552046250135
0.4444444444444444,0.10370370370370374,0.9916983001203021
0.4814814814814814,0.10370370370370374,0.9891306620410701
0.5185185185185184,0.10370370370370374,0.9306389920877691
0.5555555555555554,0.10370370370370374,0.8889040756661453
0.5925925925925926,0.10370370370370374,0.829796346104265
0.6296296296296295,0.10370370370370374,0.755395524302717
0.6666666666666665,0.10370370370370374,0.7063943885303596
0.7037037037037037,0.10370370370370374,0.6471860800357507
0.7407407407407407,0.10370370370370374,0.6130418563726409
0.7777777777777777,0.10370370370370374,0.5477912314736055
0.8148148148148147,0.10370370370370374,0.49191483680266956
0.8518518518518516,0.10370370370370374,0.44589818008012505
0.8888888888888888,0.10370370370370374,0.38312782319986266
0.9259259259259258,0.10370370370370374,0.35665650783618397
0.9629629629629628,0.10370370370370374,0.28370284791836403
1.0,0.10370370370370374,0.30430056486907475
-1.0,0.12962962962962965,-0.09186354643777597
-0.962962962962963,0.12962962962962965,-0.10809873289870332
-0.9259259259259259,0.12962962962962965,-0.1182461870339205
-0.8888888888888888,0.12962962962962965,-0.12581046010027574
-0.8518518518518519,0.12962962962962965,-0.13204299893659532
-0.8148148148148149,0.12962962962962965,-0.16422408806316183
-0.7777777777777778,0.12962962962962965,-0.15904970078072062
-0.7407407407407407,0.12962962962962965,-0.15260700564724322
-0.7037037037037037,0.12962962962962965,-0.16655683363885682
-0.6666666666666667,0.12962962962962965,-0.16130579834919268
-0.6296296296296297,0.12962962962962965,-0.1626965450862443
-0.5925925925925926,0.12962962962962965,-0.12910538791214662
-0.5555555555555556,0.12962962962962965,-0.12785256201934594
-0.5185185185185186,0.12962962962962965,-0.12963793114204586
-0.4814814814814815,0.12962962962962965,-0.12159299141581101
-0.4444444444444444,0.12962962962962965,-0.06757688010972504
-0.40740740740740744,0.12962962962962965,-0.010827404497422938
-0.37037037037037046,0.12962962962962965,-0.008023249798302335
-0.33333333333333337,0.12962962962962965,0.05573868204966772
-0.2962962962962963,0.12962962962962965,0.1068290587943686
-0.2592592592592593,0.12962962962962965,0.17706627537081654
-0.22222222222222232,0.12962962962962965,0.2279524525493852
-0.18518518518518523,0.12962962962962965,0.2964206272142334
-0.14814814814814814,0.12962962962962965,0.3505303070868126
-0.11111111111111116,0.12962962962962965,0.4121174636881057
-0.07407407407407418,0.12962962962962965,0.4881309032921529
-0.03703703703703709,0.12962962962962965,0.5583464295857096
0.0,0.12962962962962965,0.6204599918028499
0.03703703703703698,0.12962962962962965,0.6943099219851537
0.07407407407407396,0.12962962962962965,0.7385575454735507
0.11111111111111116,0.12962962962962965,0.8297223263100848
0.14814814814814814,0.12962962962962965,0.8529650413341489
0.18518518518518512,0.12962962962962965,0.8854471849710841
0.2222222222222221,0.12962962962962965,0.9363516941755607
0.2592592592592591,0.12962962962962965,0.9417613871110627
0.2962962962962963,0.12962962962962965,0.9596867694075456
0.33333333333333326,0.12962962962962965,0.9751147394906702
0.37037037037037024,0.12962962962962965,0.9769315171939114
0.40740740740740744,0.12962962962962965,0.9682471267286947
0.4444444444444444,0.12962962962962965,0.939918782434973
0.4814814814814814,0.12962962962962965,0.9533709386504045
0.5185185185185184,0.12962962962962965,0.8626126911975358
0.5555555555555554,0.12962962962962965,0.8481190379396624
0.5925925925925926,0.12962962962962965,0.8296384053600359
0.6296296296296295,0.12962962962962965,0.7629670151657197
0.6666666666666665,0.12962962962962965,0.7095462842383425
0.7037037037037037,0.12962962962962965,0.6469841137016725
0.7407407407407407,0.12962962962962965,0.6297812887101255
0.7777777777777777,0.12962962962962965,0.5502528351682354
0.8148148148148147,0.12962962962962965,0.5107042749879419
0.8518518518518516,0.12962962962962965,0.462806279696148
0.8888888888888888,0.12962962962962965,0.39085164346264906
0.9259259259259258,0.12962962962962965,0.36912844431279496
0.9629629629629628,0.12962962962962965,0.32610355630822946
1.0,0.12962962962962965,0.2928503093462498
-1.0,0.15555555555555556,-0.1227700271947666
-0.962962962962963,0.15555555555555556,-0.10996447750822214
-0.9259259259259259,0.15555555555555556,-0.12693370263190634
-0.8888888888888888,0.15555555555555556,-0.13734047776566233
-0.8518518518518519,0.15555555555555556,-0.09805338966608129
-0.8148148148148149,0.15555555555555556,-0.12824854715097256
-0.7777777777777778,0.15555555555555556,-0.14152457521967726
-0.7407407407407407,0.15555555555555556,-0.15265798005911257
-0.7037037037037037,0.15555555555555556,-0.16387471944825993
-0.6666666666666667,0.15555555555555556,-0.14461660752664418
-0.6296296296296297,0.15555555555555556,-0.15793362450259735
-0.5925925925925926,0.15555555555555556,-0.13422227293962985
-0.5555555555555556,0.15555555555555556,-0.10180282925906947
-0.5185185185185186,0.15555555555555556,-0.09912982849320093
-0.4814814814814815,0.15555555555555556,-0.058258039237105916
-0.4444444444444444,0.15555555555555556,-0.07103710227754685
-0.40740740740740744,0.15555555555555556,-0.024312549762040465
-0.37037037037037046,0.15555555555555556,0.042868767982838715
-0.33333333333333337,0.15555555555555556,0.03289944867655326
-0.2962962962962963,0.15555555555555556,0.09329881606491697
-0.2592592592592593,0.15555555555555556,0.17311826205594819
-0.22222222222222232,0.15555555555555556,0.1956927367422857
-0.18518518518518523,0.15555555555555556,0.25136853733807313
-0.14814814814814814,0.15555555555555556,0.32027707211168605
-0.11111111111111116,0.15555555555555556,0.3658144696795289
-0.07407407407407418,0.15555555555555556,0.4545306322211693
-0.03703703703703709,0.15555555555555556,0.47782447641766007
0.0,0.15555555555555556,0.6102325934938754
0.03703703703703698,0.15555555555555556,0.6425200469909682
0.07407407407407396,0.15555555555555556,0.668524151969334
0.11111111111111116,0.15555555555555556,0.7490831849197942
0.14814814814814814,0.15555555555555556,0.7895691857448317
0.18518518518518512,0.15555555555555556,0.832224809279539
0.2222222222222221,0.15555555555555556,0.8942934830313491
0.2592592592592591,0.15555555555555556,0.889878435225518
0.2962962962962963,0.15555555555555556,0.9019155408200058
0.33333333333333326,0.15555555555555556,0.9193754391948933
0.37037037037037024,0.15555555555555556,0.901939339838499
0.40740740740740744,0.15555555555555556,0.8990708111583867
0.4444444444444444,0.15555555555555556,0.9075800578130797
0.4814814814814814,0.15555555555555556,0.9096923750421323
0.5185185185185184,0.15555555555555556,0.8526483243545261
0.5555555555555554,0.15555555555555556,0.840297074000171
0.5925925925925926,0.15555555555555556,0.8239948178872428
0.6296296296296295,0.15555555555555556,0.7483412128283655
0.6666666666666665,0.15555555555555556,0.6969755951664256
0.7037037037037037,0.15555555555555556,0.6758729782698649
0.7407407407407407,0.15555555555555556,0.5994385915622918
0.7777777777777777,0.15555555555555556,0.5620398953672201
0.8148148148148147,0.15555555555555556,0.5129787878721076
0.8518518518518516,0.15555555555555556,0.4716587590667481
0.8888888888888888,0.15555555555555556,0.4420364217788459
0.9259259259259258,0.15555555555555556,0.3520410989890464
0.9629629629629628,0.15555555555555556,0.32873609609485027
1.0,0.15555555555555556,0.32170696242742974
-1.0,0.18148148148148147,-0.08083207274318073
-0.962962962962963,0.18148148148148147,-0.07018371896076513
-0.9259259259259259,0.18148148148148147,-0.11611902182236195
-0.8888888888888888,0.18148148148148147,-0.0881385402825363
-0.8518518518518519,0.18148148148148147,-0.09999431009182416
-0.8148148148148149,0.18148148148148147,-0.11503084450859488
-0.7777777777777778,0.18148148148148147,-0.10952929786197871
-0.7407407407407407,0.18148148148148147,-0.13079782152908592
-0.7037037037037037,0.18148148148148147,-0.12866547628127084
-0.6666666666666667,0.18148148148148147,-0.12209482626162593
-0.6296296296296297,0.18148148148148147,-0.1403303339823291
-0.5925925925925926,0.18148148148148147,-0.1064727045211627
-0.5555555555555556,0.18148148148148147,-0.11728239079903252
-0.5185185185185186,0.18148148148148147,-0.050811548534898276
-0.4814814814814815,0.18148148148148147,-0.05031304113712425
-0.4444444444444444,0.18148148148148147,0.02480100348883745
-0.40740740740740744,0.18148148148148147,0.0028933892333742866
-0.37037037037037046,0.18148148148148147,0.001293764387616976
-0.33333333333333337,0.18148148148148147,0.07707331736889494
-0.2962962962962963,0.18148148148148147,0.09460013185071688
-0.2592592592592593,0.18148148148148147,0.1670357472903727
-0.22222222222222232,0.18148148148148147,0.2298885302844662
-0.18518518518518523,0.18148148148148147,0.2208878747170442
-0.14814814814814814,0.18148148148148147,0.3141456750858268
-0.11111111111111116,0.18148148148148147,0.35346070123786044
-0.07407407407407418,0.18148148148148147,0.41847338343572793
-0.03703703703703709,0.18148148148148147,0.5011554263255379
0.0,0.18148148148148147,0.5462499525446521
0.03703703703703698,0.18148148148148147,0.5943998619244789
0.07407407407407396,0.18148148148148147,0.6229147840694664
0.11111111111111116,0.18148148148148147,0.6723382355554581
0.14814814814814814,0.18148148148148147,0.7210508154740768
0.18518518518518512,0.18148148148148147,0.7702443318215257
0.2222222222222221,0.18148148148148147,0.7946935064784658
0.2592592592592591,0.18148148148148147,0.790502502263933
0.2962962962962963,0.18148148148148147,0.8120341106473409
0.33333333333333326,0.18148148148148147,0.8454733130428693
0.37037037037037024,0.18148148148148147,0.8690386892846156
0.40740740740740744,0.18148148148148147,0.8428852162792068
0.4444444444444444,0.18148148148148147,0.8206954417343663
0.4814814814814814,0.18148148148148147,0.821925396346276
0.5185185185185184,0.18148148148148147,0.7869686897341994
0.5555555555555554,0.18148148148148147,0.7741481372961305
0.5925925925925926,0.18148148148148147,0.7625706348700814
0.6296296296296295,0.18148148148148147,0.6869923049646399
0.6666666666666665,0.18148148148148147,0.672471656600059
0.7037037037037037,0.18148148148148147,0.6425598161701023
0.7407407407407407,0.18148148148148147,0.6043915718627868
0.7777777777777777,0.18148148148148147,0.5642100294646053
0.8148148148148147,0.18148148148148147,0.5279072273191234
0.8518518518518516,0.18148148148148147,0.48458919263881206
0.8888888888888888,0.18148148148148147,0.4601944338313014
0.9259259259259258,0.18148148148148147,0.39312980631935074
0.9629629629629628,0.18148148148148147,0.3710603621095188
1.0,0.18148148148148147,0.3447297308398583
-1.0,0.20740740740740737,-0.05679247647602281
-0.962962962962963,0.20740740740740737,-0.058626967012709474
-0.9259259259259259,0.20740740740740737,-0.06471780979425246
-0.8888888888888888,0.20740740740740737,-0.11529514849598554
-0.8518518518518519,0.20740740740740737,-0.08721890422579529
-0.8148148148148149,0.20740740740740737,-0.079050015878269
-0.7777777777777778,0.20740740740740737,-0.10583429320327296
-0.7407407407407407,0.20740740740740737,-0.11727532178466618
-0.7037037037037037,0.20740740740740737,-0.08237540738155909
-0.6666666666666667,0.20740740740740737,-0.118848632416763
-0.6296296296296297,0.20740740740740737,-0.0999439938675868
-0.5925925925925926,0.20740740740740737,-0.0826836774029803
-0.5555555555555556,0.20740740740740737,-0.07926470912601451
-0.5185185185185186,0.20740740740740737,-0.0712036773730419
-0.4814814814814815,0.20740740740740737,-0.05706795243101907
-0.4444444444444444,0.20740740740740737,-0.0029325959512547448
-0.40740740740740744,0.20740740740740737,0.002130878180913781
-0.37037037037037046,0.20740740740740737,0.024961258630447493
-0.33333333333333337,0.20740740740740737,0.04745300674557015
-0.2962962962962963,0.20740740740740737,0.08236790693535583
-0.2592592592592593,0.20740740740740737,0.14090108661295972
-0.22222222222222232,0.20740740740740737,0.19104320370900404
-0.18518518518518523,0.20740740740740737,0.1967798032160511
-0.14814814814814814,0.20740740740740737,0.2622102526295236
-0.11111111111111116,0.20740740740740737,0.3310377757306845
-0.07407407407407418,0.20740740740740737,0.39148537933463123
-0.03703703703703709,0.20740740740740737,0.45742908394758813
0.0,0.20740740740740737,0.49167225164411854
0.03703703703703698,0.20740740740740737,0.524253382935643
0.07407407407407396,0.20740740740740737,0.5730184293857562
0.11111111111111116,0.20740740740740737,0.5988544996509388
0.14814814814814814,0.20740740740740737,0.6524532425982306
0.18518518518518512,0.20740740740740737,0.6878182905090336
0.2222222222222221,0.20740740740740737,0.6898666381469083
0.2592592592592591,0.20740740740740737,0.7302941859488282
0.2962962962962963,0.20740740740740737,0.750454574103021
0.33333333333333326,0.20740740740740737,0.7615109081052742
0.37037037037037024,0.20740740740740737,0.7731704299043511
0.40740740740740744,0.20740740740740737,0.7778394546704612
0.4444444444444444,0.20740740740740737,0.7242580973652114
0.4814814814814814,0.20740740740740737,0.7364297117978182
0.5185185185185184,0.20740740740740737,0.7450420567377524
0.5555555555555554,0.20740740740740737,0.7108867831817438
0.5925925925925926,0.20740740740740737,0.6740403552918015
0.6296296296296295,0.20740740740740737,0.6464715797452629
0.6666666666666665,0.20740740740740737,0.6173050382133413
0.7037037037037037,0.20740740740740737,0.6026184017281884
0.7407407407407407,0.20740740740740737,0.5925050407795296
0.7777777777777777,0.20740740740740737,0.5681985834820384
0.8148148148148147,0.20740740740740737,0.4812504663140008
0.8518518518518516,0.20740740740740737,0.4729929137784106
0.8888888888888888,0.20740740740740737,0.4349394380741719
0.9259259259259258,0.20740740740740737,0.3989089789687624
0.9629629629629628,0.20740740740740737,0.4016726767152281
1.0,0.20740740740740737,0.3432270698065528
-1.0,0.2333333333333334,-0.0525171156135234
-0.962962962962963,0.2333333333333334,-0.06124345272829098
-0.9259259259259259,0.2333333333333334,-0.07554454464524146
-0.8888888888888888,0.2333333333333334,-0.03889757646507706
-0.8518518518518519,0.2333333333333334,-0.07210172501112652
-0.8148148148148149,0.2333333333333334,-0.05504351462965758
-0.7777777777777778,0.2333333333333334,-0.08609556474864094
-0.7407407407407407,0.2333333333333334,-0.09271261975139951
-0.7037037037037037,0.2333333333333334,-0.07244809263860823
-0.6666666666666667,0.2333333333333334,-0.08822007732077719
-0.6296296296296297,0.2333333333333334,-0.052366606672150574
-0.5925925925925926,0.2333333333333334,-0.05604790521427519
-0.5555555555555556,0.2333333333333334,-0.04470945883056753
-0.5185185185185186,0.2333333333333334,-0.04851190100072702
-0.4814814814814815,0.2333333333333334,-0.01756870386659289
-0.4444444444444444,0.2333333333333334,-0.006142719382064062
-0.40740740740740744,0.2333333333333334,0.02368286147956769
-0.37037037037037046,0.2333333333333334,0.029144677781640177
-0.33333333333333337,0.2333333333333334,0.08259804859460454
-0.2962962962962963,0.2333333333333334,0.0842721013010638
-0.2592592592592593,0.2333333333333334,0.15835909363374703
-0.22222222222222232,0.2333333333333334,0.2024350450451922
-0.18518518518518523,0.2333333333333334,0.22660122007329309
-0.14814814814814814,0.2333333333333334,0.28025423225250984
-0.11111111111111116,0.2333333333333334,0.3298938580471954
-0.07407407407407418,0.2333333333333334,0.3661985497635671
-0.03703703703703709,0.2333333333333334,0.40196873248747034
0.0,0.2333333333333334,0.42706731704188905
0.03703703703703698,0.2333333333333334,0.5109414777123732
0.07407407407407396,0.2333333333333334,0.5148055934307848
0.11111111111111116,0.2333333333333334,0.5489758645539821
0.14814814814814814,0.2333333333333334,0.6088922393690508
0.18518518518518512,0.2333333333333334,0.6234211439600522
0.2222222222222221,0.2333333333333334,0.62481573472192
0.2592592592592591,0.2333333333333334,0.6556612220095205
0.2962962962962963,0.2333333333333334,0.6839527970894383
0.33333333333333326,0.2333333333333334,0.7010878858868174
0.37037037037037024,0.2333333333333334,0.6851280416684741
0.40740740740740744,0.2333333333333334,0.6786976572422253
0.4444444444444444,0.2333333333333334,0.6778188270538295
0.4814814814814814,0.2333333333333334,0.6423951738212624
0.5185185185185184,0.2333333333333334,0.6540992817261883
0.5555555555555554,0.2333333333333334,0.6251808934675557
0.5925925925925926,0.2333333333333334,0.6314633008190401
0.6296296296296295,0.2333333333333334,0.5670264287650238
0.6666666666666665,0.2333333333333334,0.5602907904356752
0.7037037037037037,0.2333333333333334,0.530994599929692
0.7407407407407407,0.2333333333333334,0.5233047276825404
0.7777777777777777,0.2333333333333334,0.5320865343491017
0.8148148148148147,0.2333333333333334,0.4655860377191446
0.8518518518518516,0.2333333333333334,0.442677201810549
0.8888888888888888,0.2333333333333334,0.4287077387386777
0.9259259259259258,0.2333333333333334,0.41365634695636316
0.9629629629629628,0.2333333333333334,0.3688039749366796
1.0,0.2333333333333334,0.38204882509061133
-1.0,0.2592592592592593,-0.04947426155206429
-0.962962962962963,0.2592592592592593,-0.06367097560576164
-0.9259259259259259,0.2592592592592593,-0.07352043490294802
-0.8888888888888888,0.2592592592592593,-0.07716925047331608
-0.8518518518518519,0.2592592592592593,-0.07344924034276237
-0.8148148148148149,0.2592592592592593,-0.05299585969535338
-0.7777777777777778,0.2592592592592593,-0.06250171405809526
-0.7407407407407407,0.2592592592592593,-0.05362402149782601
-0.7037037037037037,0.2592592592592593,-0.06427492587634555
-0.6666666666666667,0.2592592592592593,-0.06897882733951778
-0.6296296296296297,0.2592592592592593,-0.07792608282082744
-0.5925925925925926,0.2592592592592593,-0.059172691872857584
-0.5555555555555556,0.2592592592592593,-0.029687117201686763
-0.5185185185185186,0.2592592592592593,-0.007626026984714138
-0.4814814814814815,0.2592592592592593,-0.029662569979384486
-0.4444444444444444,0.2592592592592593,0.006667619651878087
-0.40740740740740744,0.2592592592592593,0.03256703740439969
-0.37037037037037046,0.2592592592592593,0.019950603964351048
-0.33333333333333337,0.2592592592592593,0.09476124186278104
-0.2962962962962963,0.2592592592592593,0.12381214708886101
-0.2592592592592593,0.2592592592592593,0.1583258094950997
-0.22222222222222232,0.2592592592592593,0.22270696678293084
-0.18518518518518523,0.2592592592592593,0.19518568472645265
-0.14814814814814814,0.2592592592592593,0.22990186281228264
-0.11111111111111116,0.2592592592592593,0.27099068758021994
-0.07407407407407418,0.2592592592592593,0.33808832850403286
-0.03703703703703709,0.2592592592592593,0.3622578728551667
0.0,0.2592592592592593,0.411887647100015
0.03703703703703698,0.2592592592592593,0.4149262161956412
0.07407407407407396,0.2592592592592593,0.44957719557956516
0.11111111111111116,0.2592592592592593,0.5076323768086227
0.14814814814814814,0.2592592592592593,0.5341143045825436
0.18518518518518512,0.2592592592592593,0.5325886587734711
0.2222222222222221,0.2592592592592593,0.5619874943085602
0.2592592592592591,0.2592592592592593,0.5616321204024288
0.2962962962962963,0.2592592592592593,0.5778207914240374
0.33333333333333326,0.2592592592592593,0.5685280666440824
0.37037037037037024,0.2592592592592593,0.6208711383259914
0.40740740740740744,0.2592592592592593,0.601875617102011
0.4444444444444444,0.2592592592592593,0.5972940589201078
0.4814814814814814,0.2592592592592593,0.5832687403150267
0.5185185185185184,0.2592592592592593,0.5809790881452338
0.5555555555555554,0.2592592592592593,0.5630301871784877
0.5925925925925926,0.2592592592592593,0.5124566722846913
0.6296296296296295,0.2592592592592593,0.49428052016385765
0.6666666666666665,0.2592592592592593,0.4981029184919396
0.7037037037037037,0.2592592592592593,0.47962628069064717
0.7407407407407407,0.2592592592592593,0.4803634945994069
0.7777777777777777,0.2592592592592593,0.4496395954588098
0.8148148148148147,0.2592592592592593,0.44481431470683785
0.8518518518518516,0.2592592592592593,0.4145229049170877
0.8888888888888888,0.2592592592592593,0.39552965196529327
0.9259259259259258,0.2592592592592593,0.36014996200816246
0.9629629629629628,0.2592592592592593,0.35270379951155617
1.0,0.2592592592592593,0.3381071921770413
-1.0,0.2851851851851852,-0.0317917473152102
-0.962962962962963,0.2851851851851852,-0.03879399546888205
-0.9259259259259259,0.2851851851851852,-0.05445832355496982
-0.8888888888888888,0.2851851851851852,-0.0339759287594999
-0.8518518518518519,0.2851851851851852,-0.03407634445623185
-0.8148148148148149,0.2851851851851852,-0.05946389537349754
-0.7777777777777778,0.2851851851851852,-0.04447653339752412
-0.7407407407407407,0.2851851851851852,-0.029530620018518826
-0.7037037037037037,0.2851851851851852,-0.021264687283704488
-0.6666666666666667,0.2851851851851852,-0.05199527027457993
-0.6296296296296297,0.2851851851851852,-0.029223548961833337
-0.5925925925925926,0.2851851851851852,-0.019716981558374487
-0.5555555555555556,0.2851851851851852,-0.0607202158034188
-0.5185185185185186,0.2851851851851852,-0.03301743552454786
-0.4814814814814815,0.2851851851851852,0.0099716884237318
-0.4444444444444444,0.2851851851851852,0.021993022087411874
-0.40740740740740744,0.2851851851851852,0.030979660766120888
-0.37037037037037046,0.2851851851851852,0.04949691560205073
-0.33333333333333337,0.2851851851851852,0.07139674665512961
-0.2962962962962963,0.2851851851851852,0.07723907594463211
-0.2592592592592593,0.2851851851851852,0.12335507953106849
-0.22222222222222232,0.2851851851851852,0.1882870413647323
-0.18518518518518523,0.2851851851851852,0.1970591487388875
-0.14814814814814814,0.2851851851851852,0.2454097085821514
-0.11111111111111116,0.2851851851851852,0.2443599696073287
-0.07407407407407418,0.2851851851851852,0.29653097952202134
-0.03703703703703709,0.2851851851851852,0.3327728830242942
0.0,0.2851851851851852,0.36829847641295743
0.03703703703703698,0.2851851851851852,0.39023865864801094
0.07407407407407396,0.2851851851851852,0.41476256912010606
0.11111111111111116,0.2851851851851852,0.46126452808289
0.14814814814814814,0.2851851851851852,0.4539649619476572
0.18518518518518512,0.2851851851851852,0.5179368023701145
0.2222222222222221,0.2851851851851852,0.510169161292914
0.2592592592592591,0.2851851851851852,0.5096808667061847
0.2962962962962963,0.2851851851851852,0.5283623413062377
0.33333333333333326,0.2851851851851852,0.5239706984325925
0.37037037037037024,0.2851851851851852,0.5281650847107694
0.40740740740740744,0.2851851851851852,0.5012490807462411
0.4444444444444444,0.2851851851851852,0.518689814532518
0.4814814814814814,0.2851851851851852,0.5077912337680555
0.5185185185185184,0.2851851851851852,0.5114253309391482
0.5555555555555554,0.2851851851851852,0.4802658728350316
0.5925925925925926,0.2851851851851852,0.4485215363932987
0.6296296296296295,0.2851851851851852,0.4608886390906599
0.6666666666666665,0.2851851851851852,0.4503651351705819
0.7037037037037037,0.2851851851851852,0.37669875181613754
0.7407407407407407,0.2851851851851852,0.4041956001891747
0.7777777777777777,0.2851851851851852,0.39938222229711434
0.8148148148148147,0.2851851851851852,0.35575245688427826
0.8518518518518516,0.2851851851851852,0.373616083062424
0.8888888888888888,0.2851851851851852,0.35255084144993615
0.9259259259259258,0.2851851851851852,0.36752622460432244
0.9629629629629628,0.2851851851851852,0.3184985969247552
1.0,0.2851851851851852,0.33630528262292436
-1.0,0.3111111111111111,-0.014609021243337243
-0.962962962962963,0.3111111111111111,-0.04743422143300682
-0.9259259259259259,0.3111111111111111,-0.06841213795821913
-0.8888888888888888,0.3111111111111111,-0.05143248318438698
-0.8518518518518519,0.3111111111111111,-0.04808710732429822
-0.8148148148148149,0.3111111111111111,-0.04501369774694784
-0.7777777777777778,0.3111111111111111,-0.07375549151355398
-0.7407407407407407,0.3111111111111111,-0.051975032733985516
-0.7037037037037037,0.3111111111111111,-0.047471100711219356
-0.6666666666666667,0.3111111111111111,-0.027381205832350798
-0.6296296296296297,0.3111111111111111,-0.0033548609174603554
-0.5925925925925926,0.3111111111111111,-0.028955615096100774
-0.5555555555555556,0.3111111111111111,-0.01759408013682135
-0.5185185185185186,0.3111111111111111,-0.007367430822677557
-0.4814814814814815,0.3111111111111111,-0.014381809117126967
-0.4444444444444444,0.3111111111111111,0.04951438804807985
-0.40740740740740744,0.3111111111111111,0.03007479394619518
-0.37037037037037046,0.3111111111111111,0.06495565159110456
-0.33333333333333337,0.3111111111111111,0.11532696474943162
-0.2962962962962963,0.3111111111111111,0.08448472865505598
-0.2592592592592593,0.3111111111111111,0.1319954356611101
-0.22222222222222232,0.3111111111111111,0.11713986362444406
-0.18518518518518523,0.3111111111111111,0.18327184094336116
-0.14814814814814814,0.3111111111111111,0.21878964032071366
-0.11111111111111116,0.3111111111111111,0.23532571856174794
-0.07407407407407418,0.3111111111111111,0.2575071011064655
-0.03703703703703709,0.3111111111111111,0.3396927526667163
0.0,0.3111111111111111,0.33143430785011335
0.03703703703703698,0.3111111111111111,0.3441971590839959
0.07407407407407396,0.3111111111111111,0.3540608172841103
0.11111111111111116,0.3111111111111111,0.3728578127988526
0.14814814814814814,0.3111111111111111,0.3937848954680896
0.18518518518518512,0.3111111111111111,0.41376451729055236
0.2222222222222221,0.3111111111111111,0.4269543516880963
0.2592592592592591,0.3111111111111111,0.4412240495164652
0.2962962962962963,0.3111111111111111,0.4318021372127249
0.33333333333333326,0.3111111111111111,0.45570383195591435
0.37037037037037024,0.3111111111111111,0.4594476348307095
0.40740740740740744,0.3111111111111111,0.4720549133868059
0.4444444444444444,0.3111111111111111,0.41542042201598756
0.4814814814814814,0.3111111111111111,0.40229010296874906
0.5185185185185184,0.3111111111111111,0.41428106955922117
0.5555555555555554,0.3111111111111111,0.4098644670188239
0.5925925925925926,0.3111111111111111,0.4102275594724625
0.6296296296296295,0.3111111111111111,0.36807813590154975
0.6666666666666665,0.3111111111111111,0.394932183813642
0.7037037037037037,0.3111111111111111,0.3574449080139449
0.7407407407407407,0.3111111111111111,0.3475184863072564
0.7777777777777777,0.3111111111111111,0.33136364188591594
0.8148148148148147,0.3111111111111111,0.3469655734204026
0.8518518518518516,0.3111111111111111,0.3222921242136
0.8888888888888888,0.3111111111111111,0.3196924895261932
0.9259259259259258,0.3111111111111111,0.305335450636055
0.9629629629629628,0.3111111111111111,0.2807281708453338
1.0,0.3111111111111111,0.29831057021213186
-1.0,0.337037037037037,-0.02710455225249193
-0.962962962962963,0.337037037037037,-0.03869718795561358
-0.9259259259259259,0.337037037037037,-0.01919802823026425
-0.8888888888888888,0.337037037037037,-0.03826204689655793
-0.8518518518518519,0.337037037037037,-0.015073454947788214
-0.8148148148148149,0.337037037037037,-0.022861676686599476
-0.7777777777777778,0.337037037037037,-0.009877893328397874
-0.7407407407407407,0.337037037037037,-0.04860064826883414
-0.7037037037037037,0.337037037037037,-0.027687922099559455
-0.6666666666666667,0.337037037037037,-0.05611055975205063
-0.6296296296296297,0.337037037037037,0.00420543000160211
-0.5925925925925926,0.337037037037037,-0.022006115209956382
-0.5555555555555556,0.337037037037037,0.0053106618247142304
-0.5185185185185186,0.337037037037037,0.01169030135801822
-0.4814814814814815,0.337037037037037,0.03131478050901629
-0.4444444444444444,0.337037037037037,0.007145059019189919
-0.40740740740740744,0.337037037037037,0.028580818635487518
-0.37037037037037046,0.337037037037037,0.028312444118512775
-0.33333333333333337,0.337037037037037,0.067414932763356
-0.2962962962962963,0.337037037037037,0.0870042372709076
-0.2592592592592593,0.337037037037037,0.1116947800503907
-0.22222222222222232,0.337037037037037,0.13512835158669875
-0.18518518518518523,0.337037037037037,0.13512551366772227
-0.14814814814814814,0.337037037037037,0.19438050647786062
-0.11111111111111116,0.337037037037037,0.21684987902486685
-0.07407407407407418,0.337037037037037,0.26160821958377095
-0.03703703703703709,0.337037037037037,0.2534542663390753
0.0,0.337037037037037,0.28419503230403365
0.03703703703703698,0.337037037037037,0.3124668005055603
0.07407407407407396,0.337037037037037,0.34239649364123703
0.11111111111111116,0.337037037037037,0.31270185026334507
0.14814814814814814,0.337037037037037,0.36539427249278045
0.18518518518518512,0.337037037037037,0.3439793875697428
0.2222222222222221,0.337037037037037,0.39498368766648106
0.2592592592592591,0.337037037037037,0.3834639257220307
0.2962962962962963,0.337037037037037,0.39314436667534197
0.33333333333333326,0.337037037037037,0.37788446305930506
0.37037037037037024,0.337037037037037,0.3567287152664382
0.40740740740740744,0.337037037037037,0.3871101474438287
0.4444444444444444,0.337037037037037,0.4057863262948115
0.4814814814814814,0.337037037037037,0.38790018688608036
0.5185185185185184,0.337037037037037,0.32723308605659995
0.5555555555555554,0.337037037037037,0.34424646711517254
0.5925925925925926,0.337037037037037,0.324930687513733
0.6296296296296295,0.337037037037037,0.3223354425794181
0.6666666666666665,0.337037037037037,0.3019784664872403
0.7037037037037037,0.337037037037037,0.3126978485882328
0.7407407407407407,0.337037037037037,0.28913067586701796
0.7777777777777777,0.337037037037037,0.281720575762575
0.8148148148148147,0.337037037037037,0.27320272038264704
0.8518518518518516,0.337037037037037,0.26148062962776913
0.8888888888888888,0.337037037037037,0.2495911112692517
0.9259259259259258,0.337037037037037,0.2534085399200499
0.9629629629629628,0.337037037037037,0.26720076490313666
1.0,0.337037037037037,0.27193168464525247
-1.0,0.36296296296296293,-0.02373942549249936
-0.962962962962963,0.36296296296296293,-0.010920276241156986
-0.9259259259259259,0.36296296296296293,-0.026002420785310953
-0.8888888888888888,0.36296296296296293,-0.022151501787854657
-0.8518518518518519,0.36296296296296293,-0.009953193973165195
-0.8148148148148149,0.36296296296296293,-0.020754927124681785
-0.7777777777777778,0.36296296296296293,-0.03625437751452679
-0.7407407407407407,0.36296296296296293,-0.017873552277122017
-0.7037037037037037,0.36296296296296293,-0.02323658517061904
-0.6666666666666667,0.36296296296296293,-0.04816803512489385
-0.6296296296296297,0.36296296296296293,0.0028139019702115384
-0.5925925925925926,0.36296296296296293,-0.0038021900221184048
-0.5555555555555556,0.36296296296296293,-0.013476389710815065
-0.5185185185185186,0.36296296296296293,0.0006193085693152805
-0.4814814814814815,0.36296296296296293,0.03316251008289856
-0.4444444444444444,0.36296296296296293,0.028213514839445817
-0.40740740740740744,0.36296296296296293,0.022372807904838546
-0.37037037037037046,0.36296296296296293,0.045883831038048134
-0.33333333333333337,0.36296296296296293,0.09882582110380231
-0.2962962962962963,0.36296296296296293,0.09616429850671665
-0.2592592592592593,0.36296296296296293,0.08763583446231234
-0.22222222222222232,0.36296296296296293,0.11484843205328774
-0.18518518518518523,0.36296296296296293,0.13289386367027178
-0.14814814814814814,0.36296296296296293,0.16538876807369352
-0.11111111111111116,0.36296296296296293,0.17567906152133442
-0.07407407407407418,0.36296296296296293,0.21766067569457145
-0.03703703703703709,0.36296296296296293,0.24101614376178176
0.0,0.36296296296296293,0.2385810914429445
0.03703703703703698,0.36296296296296293,0.28251521465237167
0.07407407407407396,0.36296296296296293,0.26775237507177807
0.11111111111111116,0.36296296296296293,0.30647315059175245
0.14814814814814814,0.36296296296296293,0.31835967827099454
0.18518518518518512,0.36296296296296293,0.3379271418287179
0.2222222222222221,0.36296296296296293,0.30919733053444753
0.2592592592592591,0.36296296296296293,0.3264766368003628
0.2962962962962963,0.36296296296296293,0.33451728465905534
0.33333333333333326,0.36296296296296293,0.3213423877131857
0.37037037037037024,0.36296296296296293,0.3582279944219736
0.40740740740740744,0.36296296296296293,0.30926941190935087
0.4444444444444444,0.36296296296296293,0.2950608889873384
0.4814814814814814,0.36296296296296293,0.329425688473466
0.5185185185185184,0.36296296296296293,0.28921548335491054
0.5555555555555554,0.36296296296296293,0.27996976827210934
0.5925925925925926,0.36296296296296293,0.28497887011430534
0.6296296296296295,0.36296296296296293,0.2475056365410559
0.6666666666666665,0.36296296296296293,0.24287613853141005
0.7037037037037037,0.36296296296296293,0.23713021021164465
0.7407407407407407,0.36296296296296293,0.2452390755697227
0.7777777777777777,0.36296296296296293,0.23647465711603236
0.8148148148148147,0.36296296296296293,0.2050321770399091
0.8518518518518516,0.36296296296296293,0.20919941273364742
0.8888888888888888,0.36296296296296293,0.2000076890486923
0.9259259259259258,0.36296296296296293,0.21886577828692605
0.9629629629629628,0.36296296296296293,0.1924226799832761
1.0,0.36296296296296293,0.21879209204088954
-1.0,0.38888888888888884,-0.009158037939404725
-0.962962962962963,0.38888888888888884,0.0037558795455257254
-0.9259259259259259,0.38888888888888884,0.0003984559373850678
-0.8888888888888888,0.38888888888888884,-0.007622905153831889
-0.8518518518518519,0.38888888888888884,-0.025826257448184908
-0.8148148148148149,0.38888888888888884,-0.04808244402758448
-0.7777777777777778,0.38888888888888884,-0.002741352383982345
-0.7407407407407407,0.38888888888888884,-0.006758136340068794
-0.7037037037037037,0.38888888888888884,-0.02241339951324825
-0.6666666666666667,0.38888888888888884,-0.023505225914807366
-0.6296296296296297,0.38888888888888884,-0.0021777442769917565
-0.5925925925925926,0.38888888888888884,-0.0033585791852025764
-0.5555555555555556,0.38888888888888884,-0.006496534443506884
-0.5185185185185186,0.38888888888888884,0.002253049822252928
-0.4814814814814815,0.38888888888888884,-0.002579414101809223
-0.4444444444444444,0.38888888888888884,0.015198743322281619
-0.40740740740740744,0.38888888888888884,0.036404277930333746
-0.37037037037037046,0.38888888888888884,0.03375051065661924
-0.33333333333333337,0.38888888888888884,0.04414700628657427
-0.2962962962962963,0.38888888888888884,0.06001981690459031
-0.2592592592592593,0.38888888888888884,0.08925452939576149
-0.22222222222222232,0.38888888888888884,0.11156524728032371
-0.18518518518518523,0.38888888888888884,0.13487440198684383
-0.14814814814814814,0.38888888888888884,0.1454665738618972
-0.11111111111111116,0.38888888888888884,0.16867909650427726
-0.07407407407407418,0.38888888888888884,0.20767256998564856
-0.03703703703703709,0.38888888888888884,0.2193619111125241
0.0,0.38888888888888884,0.21599963959598983
0.03703703703703698,0.38888888888888884,0.21116666561440522
0.07407407407407396,0.38888888888888884,0.2298845650815408
0.11111111111111116,0.38888888888888884,0.2452131857469006
0.14814814814814814,0.38888888888888884,0.24435225557591247
0.18518518518518512,0.38888888888888884,0.24246514046631717
0.2222222222222221,0.38888888888888884,0.2886672381068797
0.2592592592592591,0.38888888888888884,0.2756005472485063
0.2962962962962963,0.38888888888888884,0.2776828426165948
0.33333333333333326,0.38888888888888884,0.2737329861231638
0.37037037037037024,0.38888888888888884,0.2797373814981929
0.40740740740740744,0.38888888888888884,0.2663734578958536
0.4444444444444444,0.38888888888888884,0.2750866552185976
0.4814814814814814,0.38888888888888884,0.22722128753544416
0.5185185185185184,0.38888888888888884,0.22842761324012498
0.5555555555555554,0.38888888888888884,0.2494565816866047
0.5925925925925926,0.38888888888888884,0.2266790004362509
0.6296296296296295,0.38888888888888884,0.22870082204981385
0.6666666666666665,0.38888888888888884,0.1840481362211009
0.7037037037037037,0.38888888888888884,0.21248150019038942
0.7407407407407407,0.38888888888888884,0.18324588481576493
0.7777777777777777,0.38888888888888884,0.19324199278770315
0.8148148148148147,0.38888888888888884,0.16381542409105232
0.8518518518518516,0.38888888888888884,0.16745654662762824
0.8888888888888888,0.38888888888888884,0.13491912608973664
0.9259259259259258,0.38888888888888884,0.14980089420785278
0.9629629629629628,0.38888888888888884,0.15728119738997023
1.0,0.38888888888888884,0.15008590823668994
-1.0,0.41481481481481475,-0.017909250751421135
-0.962962962962963,0.41481481481481475,-0.012325315978823654
-0.9259259259259259,0.41481481481481475,-0.006260816907257255
-0.8888888888888888,0.41481481481481475,-0.030306752710784993
-0.8518518518518519,0.41481481481481475,-0.008133386738272153
-0.8148148148148149,0.41481481481481475,-0.01336521693349196
-0.7777777777777778,0.41481481481481475,-0.01578040656271726
-0.7407407407407407,0.41481481481481475,-0.013508529993934445
-0.7037037037037037,0.41481481481481475,-0.029230205993304646
-0.6666666666666667,0.41481481481481475,-0.003050096734870027
-0.6296296296296297,0.41481481481481475,-0.03493350374627745
-0.5925925925925926,0.41481481481481475,-0.021652816005843022
-0.5555555555555556,0.41481481481481475,0.006108307998859055
-0.5185185185185186,0.41481481481481475,0.012446567332231146
-0.4814814814814815,0.41481481481481475,-0.01335086362316194
-0.4444444444444444,0.41481481481481475,0.03408343608171109
-0.40740740740740744,0.41481481481481475,0.024339840185043378
-0.37037037037037046,0.41481481481481475,0.06029050644292509
-0.33333333333333337,0.41481481481481475,0.03968953169651786
-0.2962962962962963,0.41481481481481475,0.05891430116260518
-0.2592592592592593,0.41481481481481475,0.071417748372725
-0.22222222222222232,0.41481481481481475,0.08645844053614656
-0.18518518518518523,0.41481481481481475,0.1253998544115865
-0.14814814814814814,0.41481481481481475,0.13835203885817945
-0.11111111111111116,0.41481481481481475,0.13406468462098725
-0.07407407407407418,0.41481481481481475,0.15217393584258337
-0.03703703703703709,0.41481481481481475,0.17933357737690908
0.0,0.41481481481481475,0.18281691994859706
0.03703703703703698,0.41481481481481475,0.19711147988049815
0.07407407407407396,0.41481481481481475,0.21164603182955766
0.11111111111111116,0.41481481481481475,0.219570969428727
0.14814814814814814,0.41481481481481475,0.1861097420987458
0.18518518518518512,0.41481481481481475,0.2045766079372854
0.2222222222222221,0.41481481481481475,0.2586427051920931
0.2592592592592591,0.41481481481481475,0.24963386417964165
0.2962962962962963,0.41481481481481475,0.24213962164504585
0.33333333333333326,0.41481481481481475,0.25231515791914877
0.37037037037037024,0.41481481481481475,0.20275730919612442
0.40740740740740744,0.41481481481481475,0.22541416101010534
0.4444444444444444,0.41481481481481475,0.23667482335557632
0.4814814814814814,0.41481481481481475,0.21469183422094432
0.5185185185185184,0.41481481481481475,0.2171171510272038
0.5555555555555554,0.41481481481481475,0.177864811672747
0.5925925925925926,0.41481481481481475,0.17098651190726732
0.6296296296296295,0.41481481481481475,0.18586630880276148
0.6666666666666665,0.41481481481481475,0.15394327908303548
0.7037037037037037,0.41481481481481475,0.17617376216795633
0.7407407407407407,0.41481481481481475,0.17026699499673523
0.7777777777777777,0.41481481481481475,0.1171321923272315
0.8148148148148147,0.41481481481481475,0.1279248905447114
0.8518518518518516,0.41481481481481475,0.13499859572250666
0.8888888888888888,0.41481481481481475,0.13841608844839795
0.9259259259259258,0.41481481481481475,0.08900173029871691
0.9629629629629628,0.41481481481481475,0.12056999473890573
1.0,0.41481481481481475,0.14614494706432415
-1.0,0.44074074074074066,-0.003130647571509035
-0.962962962962963,0.44074074074074066,-0.023707141614537956
-0.9259259259259259,0.44074074074074066,0.01690014593458509
-0.8888888888888888,0.44074074074074066,0.0006698440925834367
-0.8518518518518519,0.44074074074074066,-0.007822002021258413
-0.8148148148148149,0.44074074074074066,-0.02053122739646855
-0.7777777777777778,0.44074074074074066,-0.0027731289407870383
-0.7407407407407407,0.44074074074074066,-0.01774456715049616
-0.7037037037037037,0.44074074074074066,0.0005649408937072053
-0.6666666666666667,0.44074074074074066,-0.022067948842364526
-0.6296296296296297,0.44074074074074066,-0.005431473199256748
-0.5925925925925926,0.44074074074074066,0.019956278289220825
-0.5555555555555556,0.44074074074074066,-0.005544845633885763
-0.5185185185185186,0.44074074074074066,0.023223412875805385
-0.4814814814814815,0.44074074074074066,0.015986158692404155
-0.4444444444444444,0.44074074074074066,0.005226502540420279
-0.40740740740740744,0.44074074074074066,0.0404677159141387
-0.37037037037037046,0.44074074074074066,0.014016346787787626
-0.33333333333333337,0.44074074074074066,0.041140937744000086
-0.2962962962962963,0.44074074074074066,0.03557604084861696
-0.2592592592592593,0.44074074074074066,0.08451169791371743
-0.22222222222222232,0.44074074074074066,0.08576560311605776
-0.18518518518518523,0.44074074074074066,0.08775401076616106
-0.14814814814814814,0.44074074074074066,0.13093429465076303
-0.11111111111111116,0.44074074074074066,0.10493132050632079
-0.07407407407407418,0.44074074074074066,0.1382559802485978
-0.03703703703703709,0.44074074074074066,0.14075871441202675
0.0,0.44074074074074066,0.161621910362315
0.03703703703703698,0.44074074074074066,0.1644130411983809
0.07407407407407396,0.44074074074074066,0.1861870032580912
0.11111111111111116,0.44074074074074066,0.16610200813680778
0.14814814814814814,0.44074074074074066,0.1911150715333225
0.18518518518518512,0.44074074074074066,0.19108916024785239
0.2222222222222221,0.44074074074074066,0.18541750944952584
0.2592592592592591,0.44074074074074066,0.20339675933669746
0.2962962962962963,0.44074074074074066,0.20900154604806012
0.33333333333333326,0.44074074074074066,0.18665859733743573
0.37037037037037024,0.44074074074074066,0.20600376668284884
0.40740740740740744,0.44074074074074066,0.17195311763797166
0.4444444444444444,0.44074074074074066,0.18505110162103935
0.4814814814814814,0.44074074074074066,0.1825716755333821
0.5185185185185184,0.44074074074074066,0.1825994963137432
0.5555555555555554,0.44074074074074066,0.1585428225146598
0.5925925925925926,0.44074074074074066,0.1472211225551268
0.6296296296296295,0.44074074074074066,0.13449403194679702
0.6666666666666665,0.44074074074074066,0.12770209795434745
0.7037037037037037,0.44074074074074066,0.12377215069776983
0.7407407407407407,0.44074074074074066,0.14127316973306858
0.7777777777777777,0.44074074074074066,0.08522661865740852
0.8148148148148147,0.44074074074074066,0.12368162999601229
0.8518518518518516,0.44074074074074066,0.10553151152859615
0.8888888888888888,0.44074074074074066,0.10069656729059645
0.9259259259259258,0.44074074074074066,0.09156063566159892
0.9629629629629628,0.44074074074074066,0.09966183063630346
1.0,0.44074074074074066,0.08495647804326077
-1.0,0.4666666666666668,0.000992615146515094
-0.962962962962963,0.4666666666666668,0.0032831828493267573
-0.9259259259259259,0.4666666666666668,-0.008099096830163943
-0.8888888888888888,0.4666666666666668,-0.0008777847990437352
-0.8518518518518519,0.4666666666666668,0.0017508098147012733
-0.8148148148148149,0.4666666666666668,-0.0073702726069310685
-0.7777777777777778,0.4666666666666668,0.020950443018498337
-0.7407407407407407,0.4666666666666668,0.0047061773205857235
-0.7037037037037037,0.4666666666666668,-0.018437247572689375
-0.6666666666666667,0.4666666666666668,0.019961858409621787
-0.6296296296296297,0.4666666666666668,-0.0070778785484666915
-0.5925925925925926,0.4666666666666668,-0.016315090907111203
-0.5555555555555556,0.4666666666666668,-0.002601385480701492
-0.5185185185185186,0.4666666666666668,0.013086048472825082
-0.4814814814814815,0.4666666666666668,0.026950321903064324
-0.4444444444444444,0.4666666666666668,0.030178712447741195
-0.40740740740740744,0.4666666666666668,0.02098188911838819
-0.37037037037037046,0.4666666666666668,0.05025280227513573
-0.33333333333333337,0.4666666666666668,0.056183414383455706
-0.2962962962962963,0.4666666666666668,0.060843398520276024
-0.2592592592592593,0.4666666666666668,0.07123297862504976
-0.22222222222222232,0.4666666666666668,0.07962779778129842
-0.18518518518518523,0.4666666666666668,0.09716400833249589
-0.14814814814814814,0.4666666666666668,0.11049495084989071
-0.11111111111111116,0.4666666666666668,0.10698081221650013
-0.07407407407407418,0.4666666666666668,0.11507050397509853
-0.03703703703703709,0.4666666666666668,0.10590174527532298
0.0,0.4666666666666668,0.13585379835785244
0.03703703703703698,0.4666666666666668,0.14740046712959995
0.07407407407407396,0.4666666666666668,0.1548377470210222
0.11111111111111116,0.4666666666666668,0.13257968039097245
0.14814814814814814,0.4666666666666668,0.17701494924878328
0.18518518518518512,0.4666666666666668,0.14824430539559336
0.2222222222222221,0.4666666666666668,0.15649682885934682
0.2592592592592591,0.4666666666666668,0.196395582508538
0.2962962962962963,0.4666666666666668,0.14337442827328947
0.33333333333333326,0.4666666666666668,0.1674039017962061
0.37037037037037024,0.4666666666666668,0.16330772636344137
0.40740740740740744,0.4666666666666668,0.18138201589573205
0.4444444444444444,0.4666666666666668,0.18397621123791558
0.4814814814814814,0.4666666666666668,0.1317066362516685
0.5185185185185184,0.4666666666666668,0.1325424933014382
0.5555555555555554,0.4666666666666668,0.1326516909301182
0.5925925925925926,0.4666666666666668,0.11392203548876402
0.6296296296296295,0.4666666666666668,0.1350116490817343
0.6666666666666665,0.4666666666666668,0.12182703492292155
0.7037037037037037,0.4666666666666668,0.07187078925981967
0.7407407407407407,0.4666666666666668,0.07750876478407888
0.7777777777777777,0.4666666666666668,0.09753387595677192
0.8148148148148147,0.4666666666666668,0.07995684848292552
0.8518518518518516,0.4666666666666668,0.0664106406275116
0.8888888888888888,0.4666666666666668,0.03467831821786127
0.9259259259259258,0.4666666666666668,0.06442172221787913
0.9629629629629628,0.4666666666666668,0.038944942087937126
1.0,0.4666666666666668,0.055819641175946344
-1.0,0.4925925925925927,-0.003550839566367029
-0.962962962962963,0.4925925925925927,0.007160961759985176
-0.9259259259259259,0.4925925925925927,-0.01672972105390294
-0.8888888888888888,0.4925925925925927,-0.007806355154490352
-0.8518518518518519,0.4925925925925927,0.0034028729180747815
-0.8148148148148149,0.4925925925925927,-9.10367420901394e-05
-0.7777777777777778,0.4925925925925927,0.018037737241674585
-0.7407407407407407,0.4925925925925927,-0.009345236200308128
-0.7037037037037037,0.4925925925925927,-0.0010046759556296017
-0.6666666666666667,0.4925925925925927,-0.016640829889380843
-0.6296296296296297,0.4925925925925927,-0.007373418120179524
-0.5925925925925926,0.4925925925925927,-0.002247713905438194
-0.5555555555555556,0.4925925925925927,0.009982218049161816
-0.5185185185185186,0.4925925925925927,0.013166502479112191
-0.4814814814814815,0.4925925925925927,0.039400882737081186
-0.4444444444444444,0.4925925925925927,0.024059135409223005
-0.40740740740740744,0.4925925925925927,0.03688693966441735
-0.37037037037037046,0.4925925925925927,0.03849845073829026
-0.33333333333333337,0.4925925925925927,0.02243557403242418
-0.2962962962962963,0.4925925925925927,0.00871075823600205
-0.2592592592592593,0.4925925925925927,0.06603847414387715
-0.22222222222222232,0.4925925925925927,0.06818201245410631
-0.18518518518518523,0.4925925925925927,0.06717111074045426
-0.14814814814814814,0.4925925925925927,0.07634143533013349
-0.11111111111111116,0.4925925925925927,0.06116663096880129
-0.07407407407407418,0.4925925925925927,0.1335477784120181
-0.03703703703703709,0.4925925925925927,0.06536261161642462
0.0,0.4925925925925927,0.11743680190076428
0.03703703703703698,0.4925925925925927,0.10862718251520898
0.07407407407407396,0.4925925925925927,0.10886057691533806
0.11111111111111116,0.4925925925925927,0.13282168161145633
0.14814814814814814,0.4925925925925927,0.1343354698760231
0.18518518518518512,0.4925925925925927,0.1430008286756409
0.2222222222222221,0.4925925925925927,0.14952832696047536
0.2592592592592591,0.4925925925925927,0.12026037532868393
0.2962962962962963,0.4925925925925927,0.11798642247822176
0.33333333333333326,0.4925925925925927,0.1436408922181693
0.37037037037037024,0.4925925925925927,0.1186408009959936
0.40740740740740744,0.4925925925925927,0.12667242537798307
0.4444444444444444,0.4925925925925927,0.13757764194757774
0.4814814814814814,0.4925925925925927,0.12546231241170724
0.5185185185185184,0.4925925925925927,0.08508433821254757
0.5555555555555554,0.4925925925925927,0.11804064198734494
0.5925925925925926,0.4925925925925927,0.10819996191448436
0.6296296296296295,0.4925925925925927,0.09261351554210162
0.6666666666666665,0.4925925925925927,0.07946857938501166
0.7037037037037037,0.4925925925925927,0.07461937697311061
0.7407407407407407,0.4925925925925927,0.08202243374322331
0.7777777777777777,0.4925925925925927,0.06742859661537241
0.8148148148148147,0.4925925925925927,0.05307632187764802
0.8518518518518516,0.4925925925925927,0.05241895868073153
0.8888888888888888,0.4925925925925927,0.0902622200744275
0.9259259259259258,0.4925925925925927,0.03632778432443255
0.9629629629629628,0.4925925925925927,0.05431113642333849
1.0,0.4925925925925927,0.06394732477225568
-1.0,0.5185185185185186,0.014259923091953062
-0.962962962962963,0.5185185185185186,-0.0039226415138403385
-0.9259259259259259,0.5185185185185186,-0.028780195909516457
-0.8888888888888888,0.5185185185185186,-0.0013179142487569318
-0.8518518518518519,0.5185185185185186,0.014176024074721376
-0.8148148148148149,0.5185185185185186,-0.04253939668459952
-0.7777777777777778,0.5185185185185186,-0.00392094703935765
-0.7407407407407407,0.5185185185185186,-0.0033653790737837833
-0.7037037037037037,0.5185185185185186,0.011219634404083809
-0.6666666666666667,0.5185185185185186,-0.0038744306457823606
-0.6296296296296297,0.5185185185185186,-0.012210669777325676
-0.5925925925925926,0.5185185185185186,0.009519017850303024
-0.5555555555555556,0.5185185185185186,-0.015127160960379651
-0.5185185185185186,0.5185185185185186,-0.0005750926167446893
-0.4814814814814815,0.5185185185185186,-0.0021011476338974044
-0.4444444444444444,0.5185185185185186,0.027144415565869107
-0.40740740740740744,0.5185185185185186,0.029892408697781068
-0.37037037037037046,0.5185185185185186,0.03696811011424979
-0.33333333333333337,0.5185185185185186,0.008936666520571807
-0.2962962962962963,0.5185185185185186,0.03233976983441113
-0.2592592592592593,0.5185185185185186,0.07451816396499286
-0.22222222222222232,0.5185185185185186,0.02881767083796696
-0.18518518518518523,0.5185185185185186,0.07270089335335378
-0.14814814814814814,0.5185185185185186,0.07153568046608869
-0.11111111111111116,0.5185185185185186,0.07627104724318515
-0.07407407407407418,0.5185185185185186,0.039943678767664255
-0.03703703703703709,0.5185185185185186,0.09518439329219197
0.0,0.5185185185185186,0.09398275821658732
0.03703703703703698,0.5185185185185186,0.11400085552619846
0.07407407407407396,0.5185185185185186,0.08226256733757747
0.11111111111111116,0.5185185185185186,0.10284729146381395
0.14814814814814814,0.5185185185185186,0.11934348031711113
0.18518518518518512,0.5185185185185186,0.12173930764581238
0.2222222222222221,0.5185185185185186,0.13024367843050502
0.2592592592592591,0.5185185185185186,0.12246643445177699
0.2962962962962963,0.5185185185185186,0.10034715717747958
0.33333333333333326,0.5185185185185186,0.09526606159840434
0.37037037037037024,0.5185185185185186,0.11703885216080309
0.40740740740740744,0.5185185185185186,0.10631066935457724
0.4444444444444444,0.5185185185185186,0.11320372366679725
0.4814814814814814,0.5185185185185186,0.09465762322514133
0.5185185185185184,0.5185185185185186,0.07873852719918256
0.5555555555555554,0.5185185185185186,0.08509003217858739
0.5925925925925926,0.5185185185185186,0.07670858765142777
0.6296296296296295,0.5185185185185186,0.07036924824563805
0.6666666666666665,0.5185185185185186,0.050115252136265415
0.7037037037037037,0.5185185185185186,0.04045505574306796
0.7407407407407407,0.5185185185185186,0.06041911226877673
0.7777777777777777,0.5185185185185186,0.051836624267549786
0.8148148148148147,0.5185185185185186,0.05362138084504759
0.8518518518518516,0.5185185185185186,0.04474597483129822
0.8888888888888888,0.5185185185185186,0.03694538446782783
0.9259259259259258,0.5185185185185186,0.006907585906450599
0.9629629629629628,0.5185185185185186,0.05852603609002606
1.0,0.5185185185185186,0.06600751745179148
-1.0,0.5444444444444445,-0.002881939604573662
-0.962962962962963,0.5444444444444445,-0.011743377629626659
-0.9259259259259259,0.5444444444444445,0.002791380267634442
-0.8888888888888888,0.5444444444444445,-0.0032720999229401406
-0.8518518518518519,0.5444444444444445,0.02354410797806865
-0.8148148148148149,0.5444444444444445,-0.010821179894812604
-0.7777777777777778,0.5444444444444445,0.012300033551072554
-0.7407407407407407,0.5444444444444445,-0.012061696373014798
-0.7037037037037037,0.5444444444444445,-0.022108377057668136
-0.6666666666666667,0.5444444444444445,-0.0038278729899972456
-0.6296296296296297,0.5444444444444445,0.03953939122115998
-0.5925925925925926,0.5444444444444445,0.017465825529457066
-0.5555555555555556,0.5444444444444445,0.007819228120143738
-0.5185185185185186,0.5444444444444445,0.00020540144277725499
-0.4814814814814815,0.5444444444444445,0.0016117780187587059
-0.4444444444444444,0.5444444444444445,0.010016014684438239
-0.40740740740740744,0.5444444444444445,0.04839021644688238
-0.37037037037037046,0.5444444444444445,0.031279123432938455
-0.33333333333333337,0.5444444444444445,-0.003288210529033546
-0.2962962962962963,0.5444444444444445,0.0251960359226356
-0.2592592592592593,0.5444444444444445,0.04031476497224053
-0.22222222222222232,0.5444444444444445,0.0234234941532837
-0.18518518518518523,0.5444444444444445,0.03798600144226237
-0.14814814814814814,0.5444444444444445,0.06923323897358119
-0.11111111111111116,0.5444444444444445,0.04666564025098209
-0.07407407407407418,0.5444444444444445,0.06131103783355918
-0.03703703703703709,0.5444444444444445,0.07067818319272143
0.0,0.5444444444444445,0.09143899534474222
0.03703703703703698,0.5444444444444445,0.08929320485522231
0.07407407407407396,0.5444444444444445,0.11141492085901224
0.11111111111111116,0.5444444444444445,0.07400468507074304
0.14814814814814814,0.5444444444444445,0.09358869142779447
0.18518518518518512,0.5444444444444445,0.09470925719322149
0.2222222222222221,0.5444444444444445,0.10746742291888134
0.2592592592592591,0.5444444444444445,0.060993424148846176
0.2962962962962963,0.5444444444444445,0.0845636143458013
0.33333333333333326,0.5444444444444445,0.09278575009130252
0.37037037037037024,0.5444444444444445,0.08191858394977919
0.40740740740740744,0.5444444444444445,0.03757871998718752
0.4444444444444444,0.5444444444444445,0.062225870519468526
0.4814814814814814,0.5444444444444445,0.08385495596453102
0.5185185185185184,0.5444444444444445,0.09181691366392755
0.5555555555555554,0.5444444444444445,0.05533283259607373
0.5925925925925926,0.5444444444444445,0.07049480770706927
0.6296296296296295,0.5444444444444445,0.046213999047252305
0.6666666666666665,0.5444444444444445,0.048129532863710134
0.7037037037037037,0.5444444444444445,0.031669755546072736
0.7407407407407407,0.5444444444444445,0.028966446157760953
0.7777777777777777,0.5444444444444445,0.06370855493823409
0.8148148148148147,0.5444444444444445,0.03660056917050954
0.8518518518518516,0.5444444444444445,0.02299740948037363
0.8888888888888888,0.5444444444444445,0.04183158045492637
0.9259259259259258,0.5444444444444445,0.020141346170099033
0.9629629629629628,0.5444444444444445,0.03575836792462851
1.0,0.5444444444444445,0.02366700053623192
-1.0,0.5703703703703704,0.004394165394454096
-0.962962962962963,0.5703703703703704,-0.01592034331818293
-0.9259259259259259,0.5703703703703704,0.002961624267053724
-0.8888888888888888,0.5703703703703704,0.003948215899054104
-0.8518518518518519,0.5703703703703704,0.012598094879625269
-0.8148148148148149,0.5703703703703704,0.015930613326845037
-0.7777777777777778,0.5703703703703704,-0.008979509826571568
-0.7407407407407407,0.5703703703703704,0.013803310255497211
-0.7037037037037037,0.5703703703703704,-0.010436212066475511
-0.6666666666666667,0.5703703703703704,-0.0006268129307333136
-0.6296296296296297,0.5703703703703704,0.013850030840169923
-0.5925925925925926,0.5703703703703704,-0.0008317195805585065
-0.5555555555555556,0.5703703703703704,0.007219621731676794
-0.5185185185185186,0.5703703703703704,0.009754141463389127
-0.4814814814814815,0.5703703703703704,0.013775493777806864
-0.4444444444444444,0.5703703703703704,0.0011760170734553196
-0.40740740740740744,0.5703703703703704,0.028175301553112653
-0.37037037037037046,0.5703703703703704,-0.002162680521872438
-0.33333333333333337,0.5703703703703704,-0.0018150950656325854
-0.2962962962962963,0.5703703703703704,0.041849941621376195
-0.2592592592592593,0.5703703703703704,0.02546735741427687
-0.22222222222222232,0.5703703703703704,0.0212106379621212
-0.18518518518518523,0.5703703703703704,-0.0012096395939606985
-0.14814814814814814,0.5703703703703704,0.05639384401017851
-0.11111111111111116,0.5703703703703704,0.018812979873558996
-0.07407407407407418,0.5703703703703704,0.03252623032187782
-0.03703703703703709,0.5703703703703704,0.07086498119861923
0.0,0.5703703703703704,0.08252979982031039
0.03703703703703698,0.5703703703703704,0.04190841427287017
0.07407407407407396,0.5703703703703704,0.06278217206577745
0.11111111111111116,0.5703703703703704,0.08173865115211107
0.14814814814814814,0.5703703703703704,0.04592494290006323
0.18518518518518512,0.5703703703703704,0.08871540869230582
0.2222222222222221,0.5703703703703704,0.04090522652303631
0.2592592592592591,0.5703703703703704,0.06990505313111324
0.2962962962962963,0.5703703703703704,0.069403829444863
0.33333333333333326,0.5703703703703704,0.07461270670453674
0.37037037037037024,0.5703703703703704,0.08709947072620756
0.40740740740740744,0.5703703703703704,0.047182293242747836
0.4444444444444444,0.5703703703703704,0.04012988652005403
0.4814814814814814,0.5703703703703704,0.0697296616380701
0.5185185185185184,0.5703703703703704,0.0840965313258778
0.5555555555555554,0.5703703703703704,0.03967259415834196
0.5925925925925926,0.5703703703703704,0.020156493105601924
0.6296296296296295,0.5703703703703704,0.04131403616214546
0.6666666666666665,0.5703703703703704,0.07266629241110559
0.7037037037037037,0.5703703703703704,0.012645585108439113
0.7407407407407407,0.5703703703703704,0.04051545310434188
0.7777777777777777,0.5703703703703704,0.0462536429721375
0.8148148148148147,0.5703703703703704,0.010586837723035942
0.8518518518518516,0.5703703703703704,0.02776198242903247
0.8888888888888888,0.5703703703703704,0.012424342410138444
0.9259259259259258,0.5703703703703704,-0.006927301170132908
0.9629629629629628,0.5703703703703704,0.005083303577971765
1.0,0.5703703703703704,0.03244510835155582
-1.0,0.5962962962962963,-0.0021656138155351297
-0.962962962962963,0.5962962962962963,0.01058584317325551
-0.9259259259259259,0.5962962962962963,0.0010450108518082844
-0.8888888888888888,0.5962962962962963,-0.02200032331172287
-0.8518518518518519,0.5962962962962963,-0.005810217944457915
-0.8148148148148149,0.5962962962962963,-0.0188478684291199
-0.7777777777777778,0.5962962962962963,-0.018450401908815514
-0.7407407407407407,0.5962962962962963,-0.01759631375902651
-0.7037037037037037,0.5962962962962963,-0.0030494643658185413
-0.6666666666666667,0.5962962962962963,-0.005698031355262913
-0.6296296296296297,0.5962962962962963,-0.007115054403973134
-0.5925925925925926,0.5962962962962963,0.024037398101056616
-0.5555555555555556,0.5962962962962963,-0.007980857003369072
-0.5185185185185186,0.5962962962962963,0.01574938171938659
-0.4814814814814815,0.5962962962962963,0.013658397972832841
-0.4444444444444444,0.5962962962962963,0.017318647897623673
-0.40740740740740744,0.5962962962962963,0.015023202424644331
-0.37037037037037046,0.5962962962962963,0.04450163558853262
-0.33333333333333337,0.5962962962962963,0.004162624714829583
-0.2962962962962963,0.5962962962962963,0.0022857095091289824
-0.2592592592592593,0.5962962962962963,0.02046134724495415
-0.22222222222222232,0.5962962962962963,-0.0003280235463963381
-0.18518518518518523,0.5962962962962963,0.04749751118193073
-0.14814814814814814,0.5962962962962963,0.027145754242357503
-0.11111111111111116,0.5962962962962963,0.04690414910052695
-0.07407407407407418,0.5962962962962963,0.042293145658437434
-0.03703703703703709,0.5962962962962963,0.06545788883625829
0.0,0.5962962962962963,0.02606403772525723
0.03703703703703698,0.5962962962962963,0.034370406075027164
0.07407407407407396,0.5962962962962963,0.056308793546095
0.11111111111111116,0.5962962962962963,0.04926505789308975
0.14814814814814814,0.5962962962962963,0.04763342475063922
0.18518518518518512,0.5962962962962963,0.03533605857985836
0.2222222222222221,0.5962962962962963,0.04159388349002543
0.2592592592592591,0.5962962962962963,0.06199256255882541
0.2962962962962963,0.5962962962962963,0.035972856858261404
0.33333333333333326,0.5962962962962963,0.037385410566309424
0.37037037037037024,0.5962962962962963,0.041364988368005624
0.40740740740740744,0.5962962962962963,0.07659801696090401
0.4444444444444444,0.5962962962962963,0.04695837171025943
0.4814814814814814,0.5962962962962963,0.057341917988695354
0.5185185185185184,0.5962962962962963,0.04250080677583798
0.5555555555555554,0.5962962962962963,0.05644370301793364
0.5925925925925926,0.5962962962962963,0.06425874105121676
0.6296296296296295,0.5962962962962963,0.02883731109886774
0.6666666666666665,0.5962962962962963,0.013734762797144653
0.7037037037037037,0.5962962962962963,0.021829278029425265
0.7407407407407407,0.5962962962962963,0.03415313900791709
0.7777777777777777,0.5962962962962963,0.009481638491571256
0.8148148148148147,0.5962962962962963,0.03169586969052654
0.8518518518518516,0.5962962962962963,0.015551119672903955
0.8888888888888888,0.5962962962962963,0.023539554750692155
0.9259259259259258,0.5962962962962963,0.023507138680890473
0.9629629629629628,0.5962962962962963,-0.00708245995868295
1.0,0.5962962962962963,0.024593704724613707
-1.0,0.6222222222222222,0.02077988165523693
-0.962962962962963,0.6222222222222222,0.015682945494263724
-0.9259259259259259,0.6222222222222222,-0.008913865704236551
-0.8888888888888888,0.6222222222222222,-0.009145210402922587
-0.8518518518518519,0.6222222222222222,0.0009034926680841413
-0.8148148148148149,0.6222222222222222,-0.0023754292453316353
-0.7777777777777778,0.6222222222222222,-0.009682183074210269
-0.7407407407407407,0.6222222222222222,0.0051438865373634925
-0.7037037037037037,0.6222222222222222,0.00016699182869947765
-0.6666666666666667,0.6222222222222222,-0.02006866513743303
-0.6296296296296297,0.6222222222222222,0.0030773489175177685
-0.5925925925925926,0.6222222222222222,0.01024906051664622
-0.5555555555555556,0.6222222222222222,0.006247071974229187
-0.5185185185185186,0.6222222222222222,-0.015808677998687917
-0.4814814814814815,0.6222222222222222,0.0026763060316304875
-0.4444444444444444,0.6222222222222222,-0.00618263372760906
-0.40740740740740744,0.6222222222222222,0.008112071546864842
-0.37037037037037046,0.6222222222222222,-0.0017094115098916386
-0.33333333333333337,0.6222222222222222,0.03364539518235804
-0.2962962962962963,0.6222222222222222,0.02101893100442745
-0.2592592592592593,0.6222222222222222,0.021757216630262956
-0.22222222222222232,0.6222222222222222,0.022097010511616434
-0.18518518518518523,0.6222222222222222,0.003182477407190694
-0.14814814814814814,0.6222222222222222,0.033674720536252596
-0.11111111111111116,0.6222222222222222,0.02464947990697345
-0.07407407407407418,0.6222222222222222,0.023324526617948475
-0.03703703703703709,0.6222222222222222,0.025791797289327106
0.0,0.6222222222222222,0.023495876552888956
0.03703703703703698,0.6222222222222222,0.04106338430782637
0.07407407407407396,0.6222222222222222,0.044531969872923065
0.11111111111111116,0.6222222222222222,0.03833966619889006
0.14814814814814814,0.6222222222222222,0.009604973580962663
0.18518518518518512,0.6222222222222222,0.03766525127347586
0.2222222222222221,0.6222222222222222,0.033608903043956986
0.2592592592592591,0.6222222222222222,0.05770407404378238
0.2962962962962963,0.6222222222222222,0.032766600058057274
0.33333333333333326,0.6222222222222222,0.01579495705423732
0.37037037037037024,0.6222222222222222,0.049998142558349154
0.40740740740740744,0.6222222222222222,0.02573348236984923
0.4444444444444444,0.6222222222222222,0.019439875223653088
0.4814814814814814,0.6222222222222222,0.01232124673711249
0.5185185185185184,0.6222222222222222,0.048251851316866046
0.5555555555555554,0.6222222222222222,0.030472613354250725
0.5925925925925926,0.6222222222222222,0.022553950720877916
0.6296296296296295,0.6222222222222222,0.01881218257932167
0.6666666666666665,0.6222222222222222,0.04955881030860658
0.7037037037037037,0.6222222222222222,0.028865877162479948
0.7407407407407407,0.6222222222222222,0.022983323864937368
0.7777777777777777,0.6222222222222222,0.019676658556644085
0.8148148148148147,0.6222222222222222,0.022701014826561325
0.8518518518518516,0.6222222222222222,0.034489461801235514
0.8888888888888888,0.6222222222222222,0.012625150641262779
0.9259259259259258,0.6222222222222222,0.03882407317512583
0.9629629629629628,0.6222222222222222,-0.00786884107947992
1.0,0.6222222222222222,0.011712184491452678
-1.0,0.6481481481481481,0.004485938123226339
-0.962962962962963,0.6481481481481481,-0.006447757964410083
-0.9259259259259259,0.6481481481481481,0.021621740019767594
-0.8888888888888888,0.6481481481481481,0.014169828926269846
-0.8518518518518519,0.6481481481481481,0.010987632117127603
-0.8148148148148149,0.6481481481481481,-0.008613247097312286
-0.7777777777777778,0.6481481481481481,-0.00990214895351698
-0.7407407407407407,0.6481481481481481,-0.006615383919724188
-0.7037037037037037,0.6481481481481481,0.030937945941646453
-0.6666666666666667,0.6481481481481481,0.0020557739862661047
-0.6296296296296297,0.6481481481481481,0.00921820649061109
-0.5925925925925926,0.6481481481481481,0.008326528885091087
-0.5555555555555556,0.6481481481481481,0.003037943423159756
-0.5185185185185186,0.6481481481481481,-0.008845986978916403
-0.4814814814814815,0.6481481481481481,-0.006806488677141376
-0.4444444444444444,0.6481481481481481,0.041267598396184164
-0.40740740740740744,0.6481481481481481,-0.0017339033818859814
-0.37037037037037046,0.6481481481481481,0.011184675165758861
-0.33333333333333337,0.6481481481481481,0.007461641393889478
-0.2962962962962963,0.6481481481481481,0.015483543687331125
-0.2592592592592593,0.6481481481481481,0.018990614596351683
-0.22222222222222232,0.6481481481481481,-0.008129076834758171
-0.18518518518518523,0.6481481481481481,0.008650047765457497
-0.14814814814814814,0.6481481481481481,-0.0041643151841850926
-0.11111111111111116,0.6481481481481481,-0.008923848442752968
-0.07407407407407418,0.6481481481481481,0.015620267438598416
-0.03703703703703709,0.6481481481481481,0.006831740098642677
0.0,0.6481481481481481,0.02821509919896493
0.03703703703703698,0.6481481481481481,0.04989045227166575
0.07407407407407396,0.6481481481481481,0.015338387315817796
0.11111111111111116,0.6481481481481481,0.02258814308823856
0.14814814814814814,0.6481481481481481,0.023935788243367534
0.18518518518518512,0.6481481481481481,-0.007007267804989711
0.2222222222222221,0.6481481481481481,0.020589425522381775
0.2592592592592591,0.6481481481481481,0.045668392099998616
0.2962962962962963,0.6481481481481481,0.03206810120967183
0.33333333333333326,0.6481481481481481,0.05217503951205546
0.37037037037037024,0.6481481481481481,0.0361515022753384
0.40740740740740744,0.6481481481481481,0.041851299653734284
0.4444444444444444,0.6481481481481481,0.047073683943629235
0.4814814814814814,0.6481481481481481,0.026261025573748306
0.5185185185185184,0.6481481481481481,0.007017506478689088
0.5555555555555554,0.6481481481481481,0.037440382717263423
0.5925925925925926,0.6481481481481481,0.03243397819889133
0.6296296296296295,0.6481481481481481,0.02710809156546492
0.6666666666666665,0.6481481481481481,0.05312614447361555
0.7037037037037037,0.6481481481481481,0.0060961585248403664
0.7407407407407407,0.6481481481481481,0.04558482470214628
0.7777777777777777,0.6481481481481481,-0.00025186916951449624
0.8148148148148147,0.6481481481481481,0.002426262922315731
0.8518518518518516,0.6481481481481481,0.016166975377508334
0.8888888888888888,0.6481481481481481,0.02131915148886139
0.9259259259259258,0.6481481481481481,0.016067916668195986
0.9629629629629628,0.6481481481481481,0.021523435137413928
1.0,0.6481481481481481,0.004657823681347578
-1.0,0.674074074074074,0.00155866912424691
-0.962962962962963,0.674074074074074,-0.022950231895575227
-0.9259259259259259,0.674074074074074,0.010604761556699932
-0.8888888888888888,0.674074074074074,-0.007712526016185293
-0.8518518518518519,0.674074074074074,-0.020615598802315217
-0.8148148148148149,0.674074074074074,-0.022500910779966077
-0.7777777777777778,0.674074074074074,-0.017800227756874037
-0.7407407407407407,0.674074074074074,0.047435385559920044
-0.7037037037037037,0.674074074074074,-0.00010742290291113359
-0.6666666666666667,0.674074074074074,0.011480584428654005
-0.6296296296296297,0.674074074074074,-0.012429488018093413
-0.5925925925925926,0.674074074074074,0.01049113148149572
-0.5555555555555556,0.674074074074074,-0.01140760373580485
-0.5185185185185186,0.674074074074074,0.00845459693023667
-0.4814814814814815,0.674074074074074,0.024963086034170662
-0.4444444444444444,0.674074074074074,0.010345840196205366
-0.40740740740740744,0.674074074074074,0.030785003133343675
-0.37037037037037046,0.674074074074074,-0.002365276349234291
-0.33333333333333337,0.674074074074074,0.01267988062121772
-0.2962962962962963,0.674074074074074,0.014678470766332748
-0.2592592592592593,0.674074074074074,0.03864307339560716
-0.22222222222222232,0.674074074074074,0.04326878454969809
-0.18518518518518523,0.674074074074074,0.008430237523815005
-0.14814814814814814,0.674074074074074,0.014657653471985933
-0.11111111111111116,0.674074074074074,0.03126738846658289
-0.07407407407407418,0.674074074074074,0.014680187390529145
-0.03703703703703709,0.674074074074074,0.04024096788672288
0.0,0.674074074074074,0.015258098007487052
0.03703703703703698,0.674074074074074,0.0339453735825762
0.07407407407407396,0.674074074074074,0.01884572803168484
0.11111111111111116,0.674074074074074,0.0035676744485239435
0.14814814814814814,0.674074074074074,0.06305412866807057
0.18518518518518512,0.674074074074074,0.020442815716273967
0.2222222222222221,0.674074074074074,0.043088716838204894
0.2592592592592591,0.674074074074074,0.005824068255327296
0.2962962962962963,0.674074074074074,0.05589845880439648
0.33333333333333326,0.674074074074074,0.04002247403326829
0.37037037037037024,0.674074074074074,0.023768763628526535
0.40740740740740744,0.674074074074074,0.04063459425065413
0.4444444444444444,0.674074074074074,0.0071763279453667395
0.4814814814814814,0.674074074074074,0.02943698929973511
0.5185185185185184,0.674074074074074,0.013614455304358668
0.5555555555555554,0.674074074074074,0.026836520209563404
0.5925925925925926,0.674074074074074,0.01940161850249198
0.6296296296296295,0.674074074074074,-0.01304315011760273
0.6666666666666665,0.674074074074074,0.011617202590985648
0.7037037037037037,0.674074074074074,0.01879132560425283
0.7407407407407407,0.674074074074074,0.0017616762287446346
0.7777777777777777,0.674074074074074,0.035500461762494655
0.8148148148148147,0.674074074074074,0.023722762941141486
0.8518518518518516,0.674074074074074,0.009606050738940643
0.8888888888888888,0.674074074074074,0.018387737101660723
0.9259259259259258,0.674074074074074,-0.0034458789761668473
0.9629629629629628,0.674074074074074,0.012528646628354474
1.0,0.674074074074074,-0.00723416159227027
-1.0,0.7,0.003463121328532628
-0.962962962962963,0.7,0.0024276823230508704
-0.9259259259259259,0.7,-0.007345698252825635
-0.8888888888888888,0.7,0.0015349460216547248
-0.8518518518518519,0.7,0.012782766869946612
-0.8148148148148149,0.7,-0.0004031603002165832
-0.7777777777777778,0.7,0.005305770552914253
-0.7407407407407407,0.7,-0.018884217577293357
-0.7037037037037037,0.7,-0.012622641038490333
-0.6666666666666667,0.7,-0.001377121407976816
-0.6296296296296297,0.7,-0.011348971797206902
-0.5925925925925926,0.7,0.011505530063156811
-0.5555555555555556,0.7,0.011975221508710165
-0.5185185185185186,0.7,0.006300833965333701
-0.4814814814814815,0.7,0.012341802494945328
-0.4444444444444444,0.7,0.010718586749845405
-0.40740740740740744,0.7,0.014735865485931353
-0.37037037037037046,0.7,-0.0019303371785937646
-0.33333333333333337,0.7,-0.015807485870164478
-0.2962962962962963,0.7,0.010718501665498467
-0.2592592592592593,0.7,0.006211468311855567
-0.22222222222222232,0.7,0.0030025452793189245
-0.18518518518518523,0.7,0.013029376993513189
-0.14814814814814814,0.7,0.011155711954637678
-0.11111111111111116,0.7,-0.005857427164643632
-0.07407407407407418,0.7,0.024955294541839805
-0.03703703703703709,0.7,0.010885983182946701
0.0,0.7,0.010501113626450573
0.03703703703703698,0.7,0.039315818065025335
0.07407407407407396,0.7,0.003335412689368284
0.11111111111111116,0.7,0.008421464173841292
0.14814814814814814,0.7,0.017540762537567305
0.18518518518518512,0.7,0.03299185062494647
0.2222222222222221,0.7,0.024282435635555735
0.2592592592592591,0.7,0.019697152061908887
0.2962962962962963,0.7,0.00468557495782438
0.33333333333333326,0.7,-0.000747647335049912
0.37037037037037024,0.7,0.038700106686247196
0.40740740740740744,0.7,0.0025130233164767264
0.4444444444444444,0.7,0.026708890364486225
0.4814814814814814,0.7,0.02977802822526432
0.5185185185185184,0.7,0.02315432742579704
0.5555555555555554,0.7,0.0250424856568377
0.5925925925925926,0.7,0.023603254171808995
0.6296296296296295,0.7,-0.010898667854906953
0.6666666666666665,0.7,0.013509596846728016
0.7037037037037037,0.7,0.010680771766811509
0.7407407407407407,0.7,0.01877317384999512
0.7777777777777777,0.7,0.0032709585800113697
0.8148148148148147,0.7,0.026278154984965933
0.8518518518518516,0.7,0.009490934906755955
0.8888888888888888,0.7,-0.004492117748927531
0.9259259259259258,0.7,-0.013281562132244202
0.9629629629629628,0.7,0.029495569135807847
1.0,0.7,-0.021060217848319213
