hc,hu,rho
-1.0,-0.7,-0.01965895379593097
-0.962962962962963,-0.7,0.0014159395782879923
-0.9259259259259259,-0.7,0.008046554055863488
-0.8888888888888888,-0.7,0.003651480640661316
-0.8518518518518519,-0.7,-0.019876369408447874
-0.8148148148148149,-0.7,0.009563220580702567
-0.7777777777777778,-0.7,0.0028895634066057095
-0.7407407407407407,-0.7,0.0017517173784736152
-0.7037037037037037,-0.7,0.0011364055053435414
-0.6666666666666667,-0.7,0.005328708178657663
-0.6296296296296297,-0.7,0.021288967516507492
-0.5925925925925926,-0.7,-0.022497967209603183
-0.5555555555555556,-0.7,-0.01335335615508801
-0.5185185185185186,-0.7,0.011848271224828507
-0.4814814814814815,-0.7,-0.03449562469775862
-0.4444444444444444,-0.7,-0.008938313011256704
-0.40740740740740744,-0.7,-0.02286068428369127
-0.37037037037037046,-0.7,-0.01069693518959044
-0.33333333333333337,-0.7,-0.0001992321165589471
-0.2962962962962963,-0.7,-0.03213747809575596
-0.2592592592592593,-0.7,-0.01274606580017069
-0.22222222222222232,-0.7,-0.012410768794389813
-0.18518518518518523,-0.7,0.012959077386615558
-0.14814814814814814,-0.7,0.015014423238842908
-0.11111111111111116,-0.7,0.05803311675952828
-0.07407407407407418,-0.7,0.037047196081435585
-0.03703703703703709,-0.7,0.08312855514212475
0.0,-0.7,0.0628372972426636
0.03703703703703698,-0.7,0.08427085184155982
0.07407407407407396,-0.7,0.09137440357676471
0.11111111111111116,-0.7,0.10037777696949596
0.14814814814814814,-0.7,0.09114778573750812
0.18518518518518512,-0.7,0.11898217604232059
0.2222222222222221,-0.7,0.1234073905663452
0.2592592592592591,-0.7,0.12252767118916211
0.2962962962962963,-0.7,0.12718788378737708
0.33333333333333326,-0.7,0.10218371329691509
0.37037037037037024,-0.7,0.10453906193509899
0.40740740740740744,-0.7,0.0918611123652151
0.4444444444444444,-0.7,0.06765446280951147
0.4814814814814814,-0.7,0.08925134194387188
0.5185185185185184,-0.7,0.06425884870550047
0.5555555555555554,-0.7,0.06262584425242124
0.5925925925925926,-0.7,0.08784981464517116
0.6296296296296295,-0.7,0.04847417364914514
0.6666666666666665,-0.7,0.038365541535408804
0.7037037037037037,-0.7,0.04555042963758514
0.7407407407407407,-0.7,0.041834746001022695
0.7777777777777777,-0.7,0.045037899349321564
0.8148148148148147,-0.7,0.005680318446368246
0.8518518518518516,-0.7,0.03696422747740803
0.8888888888888888,-0.7,0.005333239782652641
0.9259259259259258,-0.7,-0.01215242311167904
0.9629629629629628,-0.7,-0.010271195688247553
1.0,-0.7,0.01913828202373799
-1.0,-0.674074074074074,0.008443298935100771
-0.962962962962963,-0.674074074074074,0.015369010480127473
-0.9259259259259259,-0.674074074074074,-0.01870104909484821
-0.8888888888888888,-0.674074074074074,-0.011114043402281691
-0.8518518518518519,-0.674074074074074,-0.025265945772848526
-0.8148148148148149,-0.674074074074074,-0.03834857879147153
-0.7777777777777778,-0.674074074074074,-0.01051375870374827
-0.7407407407407407,-0.674074074074074,0.011886294737579444
-0.7037037037037037,-0.674074074074074,0.003176016170891043
-0.6666666666666667,-0.674074074074074,-0.02679604917042243
-0.6296296296296297,-0.674074074074074,0.000832540512317799
-0.5925925925925926,-0.674074074074074,-0.026691014767540308
-0.5555555555555556,-0.674074074074074,-0.01443022629966071
-0.5185185185185186,-0.674074074074074,-0.007370778945388665
-0.4814814814814815,-0.674074074074074,-0.026008331905666753
-0.4444444444444444,-0.674074074074074,-0.032590453347713516
-0.40740740740740744,-0.674074074074074,-0.00815477569913922
-0.37037037037037046,-0.674074074074074,-0.01812913202549698
-0.33333333333333337,-0.674074074074074,-0.020163224224878824
-0.2962962962962963,-0.674074074074074,0.0025066021179492998
-0.2592592592592593,-0.674074074074074,-0.0039566381020757204
-0.22222222222222232,-0.674074074074074,0.012745990786321899
-0.18518518518518523,-0.674074074074074,0.0017152617370053014
-0.14814814814814814,-0.674074074074074,0.03764549298633846
-0.11111111111111116,-0.674074074074074,0.02440223066740538
-0.07407407407407418,-0.674074074074074,0.04561533427273109
-0.03703703703703709,-0.674074074074074,0.03676080118877249
0.0,-0.674074074074074,0.09586522933996526
0.03703703703703698,-0.674074074074074,0.09324653478928172
0.07407407407407396,-0.674074074074074,0.11132905506394437
0.11111111111111116,-0.674074074074074,0.09004177618359807
0.14814814814814814,-0.674074074074074,0.12721970076505978
0.18518518518518512,-0.674074074074074,0.12605262921981653
0.2222222222222221,-0.674074074074074,0.15437044894981217
0.2592592592592591,-0.674074074074074,0.11451502949772109
0.2962962962962963,-0.674074074074074,0.14220192981719867
0.33333333333333326,-0.674074074074074,0.1488801210333567
0.37037037037037024,-0.674074074074074,0.10886453362628852
0.40740740740740744,-0.674074074074074,0.12003716456537308
0.4444444444444444,-0.674074074074074,0.09220134817739364
0.4814814814814814,-0.674074074074074,0.09810819113848854
0.5185185185185184,-0.674074074074074,0.09089693471190056
0.5555555555555554,-0.674074074074074,0.09402515999188407
0.5925925925925926,-0.674074074074074,0.06552139419615223
0.6296296296296295,-0.674074074074074,0.042082539431547966
0.6666666666666665,-0.674074074074074,0.051443909430917645
0.7037037037037037,-0.674074074074074,0.03432915880121203
0.7407407407407407,-0.674074074074074,0.043155010806311234
0.7777777777777777,-0.674074074074074,0.011711614897221853
0.8148148148148147,-0.674074074074074,0.03577947801515734
0.8518518518518516,-0.674074074074074,0.014212219452422493
0.8888888888888888,-0.674074074074074,0.012148322538403701
0.9259259259259258,-0.674074074074074,0.021139444435430095
0.9629629629629628,-0.674074074074074,-0.0036799379630424057
1.0,-0.674074074074074,-0.0047257166395450224
-1.0,-0.6481481481481481,0.0038470137935223713
-0.962962962962963,-0.6481481481481481,-0.00623571494749412
-0.9259259259259259,-0.6481481481481481,-0.005638779466355332
-0.8888888888888888,-0.6481481481481481,-0.01396038463446409
-0.8518518518518519,-0.6481481481481481,-0.01422469852353211
-0.8148148148148149,-0.6481481481481481,0.0014364273935194762
-0.7777777777777778,-0.6481481481481481,0.01586895423097946
-0.7407407407407407,-0.6481481481481481,-0.03639192812412102
-0.7037037037037037,-0.6481481481481481,0.00481383932145607
-0.6666666666666667,-0.6481481481481481,-0.009016267916852555
-0.6296296296296297,-0.6481481481481481,-0.004101941110682128
-0.5925925925925926,-0.6481481481481481,-0.02136873085454312
-0.5555555555555556,-0.6481481481481481,-0.03659014051749948
-0.5185185185185186,-0.6481481481481481,-0.02958934136367069
-0.4814814814814815,-0.6481481481481481,-0.04083998179153765
-0.4444444444444444,-0.6481481481481481,-0.05149812313794299
-0.40740740740740744,-0.6481481481481481,-0.02605942777303862
-0.37037037037037046,-0.6481481481481481,-0.018250759914209384
-0.33333333333333337,-0.6481481481481481,-0.02220485399536456
-0.2962962962962963,-0.6481481481481481,-0.009436352353155493
-0.2592592592592593,-0.6481481481481481,-0.028119632010913734
-0.22222222222222232,-0.6481481481481481,0.020057046742241756
-0.18518518518518523,-0.6481481481481481,0.012695307749238865
-0.14814814814814814,-0.6481481481481481,0.028183593949434354
-0.11111111111111116,-0.6481481481481481,0.05226129140717504
-0.07407407407407418,-0.6481481481481481,0.04817999871756761
-0.03703703703703709,-0.6481481481481481,0.11142641471953221
0.0,-0.6481481481481481,0.1073385578880817
0.03703703703703698,-0.6481481481481481,0.12285667453862137
0.07407407407407396,-0.6481481481481481,0.12146215603825146
0.11111111111111116,-0.6481481481481481,0.1217525366623527
0.14814814814814814,-0.6481481481481481,0.15097738390489338
0.18518518518518512,-0.6481481481481481,0.1409235506863259
0.2222222222222221,-0.6481481481481481,0.16069445019250303
0.2592592592592591,-0.6481481481481481,0.16280281584786116
0.2962962962962963,-0.6481481481481481,0.1766001701000335
0.33333333333333326,-0.6481481481481481,0.16032605065204
0.37037037037037024,-0.6481481481481481,0.14875108242151214
0.40740740740740744,-0.6481481481481481,0.157725993232275
0.4444444444444444,-0.6481481481481481,0.12373104926873964
0.4814814814814814,-0.6481481481481481,0.10479045373243472
0.5185185185185184,-0.6481481481481481,0.09175715282500126
0.5555555555555554,-0.6481481481481481,0.10783506169421872
0.5925925925925926,-0.6481481481481481,0.07340924165212763
0.6296296296296295,-0.6481481481481481,0.05209412794286762
0.6666666666666665,-0.6481481481481481,0.020202183466902182
0.7037037037037037,-0.6481481481481481,0.02405506106280909
0.7407407407407407,-0.6481481481481481,0.03590224316839344
0.7777777777777777,-0.6481481481481481,0.03285852007825017
0.8148148148148147,-0.6481481481481481,0.043177837909601904
0.8518518518518516,-0.6481481481481481,0.0030815970697813666
0.8888888888888888,-0.6481481481481481,0.01732877759059261
0.9259259259259258,-0.6481481481481481,0.026484399521109078
0.9629629629629628,-0.6481481481481481,-0.02934321270011289
1.0,-0.6481481481481481,0.03806930494233993
-1.0,-0.6222222222222222,-0.021560855966987057
-0.962962962962963,-0.6222222222222222,-0.02323738940315275
-0.9259259259259259,-0.6222222222222222,0.005960579695043568
-0.8888888888888888,-0.6222222222222222,-0.0039089281636787866
-0.8518518518518519,-0.6222222222222222,0.005815875678371945
-0.8148148148148149,-0.6222222222222222,-0.005162553364851089
-0.7777777777777778,-0.6222222222222222,-0.013084583032166648
-0.7407407407407407,-0.6222222222222222,-0.022357393567082565
-0.7037037037037037,-0.6222222222222222,-0.03502157845690814
-0.6666666666666667,-0.6222222222222222,-0.017454685689401922
-0.6296296296296297,-0.6222222222222222,-0.05790248035496154
-0.5925925925925926,-0.6222222222222222,-0.03434960957481635
-0.5555555555555556,-0.6222222222222222,-0.021956795561149718
-0.5185185185185186,-0.6222222222222222,-0.052417099381733376
-0.4814814814814815,-0.6222222222222222,-0.023167610051813378
-0.4444444444444444,-0.6222222222222222,-0.020711499034830765
-0.40740740740740744,-0.6222222222222222,-0.03264033675865194
-0.37037037037037046,-0.6222222222222222,-0.032981066244172776
-0.33333333333333337,-0.6222222222222222,-0.017607157393619663
-0.2962962962962963,-0.6222222222222222,-0.009646539453035974
-0.2592592592592593,-0.6222222222222222,-0.014398773724277225
-0.22222222222222232,-0.6222222222222222,0.03097418233362124
-0.18518518518518523,-0.6222222222222222,0.03566026183621904
-0.14814814814814814,-0.6222222222222222,0.04259906991651377
-0.11111111111111116,-0.6222222222222222,0.06491274143809485
-0.07407407407407418,-0.6222222222222222,0.08132808885840155
-0.03703703703703709,-0.6222222222222222,0.059585675671170145
0.0,-0.6222222222222222,0.1374010991612889
0.03703703703703698,-0.6222222222222222,0.0960714441975786
0.07407407407407396,-0.6222222222222222,0.13832353370928288
0.11111111111111116,-0.6222222222222222,0.13408668801418483
0.14814814814814814,-0.6222222222222222,0.17326245105527813
0.18518518518518512,-0.6222222222222222,0.18029895594761317
0.2222222222222221,-0.6222222222222222,0.1837059274547945
0.2592592592592591,-0.6222222222222222,0.13954306961067783
0.2962962962962963,-0.6222222222222222,0.19352325234828546
0.33333333333333326,-0.6222222222222222,0.18035501174240387
0.37037037037037024,-0.6222222222222222,0.13755126369209097
0.40740740740740744,-0.6222222222222222,0.18012313804809338
0.4444444444444444,-0.6222222222222222,0.14203731070695239
0.4814814814814814,-0.6222222222222222,0.11835177360991331
0.5185185185185184,-0.6222222222222222,0.12090517431125436
0.5555555555555554,-0.6222222222222222,0.09088978411750884
0.5925925925925926,-0.6222222222222222,0.08986303134679251
0.6296296296296295,-0.6222222222222222,0.06444309767990121
0.6666666666666665,-0.6222222222222222,0.043583571164951075
0.7037037037037037,-0.6222222222222222,0.02855863749997169
0.7407407407407407,-0.6222222222222222,0.048084900240517855
0.7777777777777777,-0.6222222222222222,0.029271686608587668
0.8148148148148147,-0.6222222222222222,0.009646145938612436
0.8518518518518516,-0.6222222222222222,0.006842908211178339
0.8888888888888888,-0.6222222222222222,-0.0018625234749735913
0.9259259259259258,-0.6222222222222222,0.0405258869830288
0.9629629629629628,-0.6222222222222222,0.011455925324616688
1.0,-0.6222222222222222,0.006680389423932651
-1.0,-0.5962962962962962,0.017898039064521302
-0.962962962962963,-0.5962962962962962,-0.017040059742733052
-0.9259259259259259,-0.5962962962962962,-0.02630907282612152
-0.8888888888888888,-0.5962962962962962,-0.020218576485852725
-0.8518518518518519,-0.5962962962962962,-0.013108225283750838
-0.8148148148148149,-0.5962962962962962,-0.022076269263138694
-0.7777777777777778,-0.5962962962962962,-0.027752239987924098
-0.7407407407407407,-0.5962962962962962,-0.02400982749515251
-0.7037037037037037,-0.5962962962962962,-0.03682302098460249
-0.6666666666666667,-0.5962962962962962,-0.05052416823052668
-0.6296296296296297,-0.5962962962962962,-0.02648337732851241
-0.5925925925925926,-0.5962962962962962,-0.0451026605543864
-0.5555555555555556,-0.5962962962962962,-0.048336629584152656
-0.5185185185185186,-0.5962962962962962,-0.03823339457523249
-0.4814814814814815,-0.5962962962962962,-0.04078160315578319
-0.4444444444444444,-0.5962962962962962,-0.06382929842983229
-0.40740740740740744,-0.5962962962962962,-0.05635538548863962
-0.37037037037037046,-0.5962962962962962,-0.06290072901629018
-0.33333333333333337,-0.5962962962962962,-0.05454677824996082
-0.2962962962962963,-0.5962962962962962,-0.024160619616855582
-0.2592592592592593,-0.5962962962962962,-0.0261131559501557
-0.22222222222222232,-0.5962962962962962,-0.0204663300069831
-0.18518518518518523,-0.5962962962962962,-0.011411321193388736
-0.14814814814814814,-0.5962962962962962,0.04486085356265489
-0.11111111111111116,-0.5962962962962962,0.038664258439192634
-0.07407407407407418,-0.5962962962962962,0.0692306352598723
-0.03703703703703709,-0.5962962962962962,0.08626581078185895
0.0,-0.5962962962962962,0.09524413407005038
0.03703703703703698,-0.5962962962962962,0.13770395222141268
0.07407407407407396,-0.5962962962962962,0.15342274862543057
0.11111111111111116,-0.5962962962962962,0.18942204991063194
0.14814814814814814,-0.5962962962962962,0.19394942600361711
0.18518518518518512,-0.5962962962962962,0.1777663390879209
0.2222222222222221,-0.5962962962962962,0.20225946998770847
0.2592592592592591,-0.5962962962962962,0.20570926778614185
0.2962962962962963,-0.5962962962962962,0.20502713670505887
0.33333333333333326,-0.5962962962962962,0.18203522985305404
0.37037037037037024,-0.5962962962962962,0.16625451222833898
0.40740740740740744,-0.5962962962962962,0.17711216037971764
0.4444444444444444,-0.5962962962962962,0.1693859827938116
0.4814814814814814,-0.5962962962962962,0.12955946739016191
0.5185185185185184,-0.5962962962962962,0.1580459220788591
0.5555555555555554,-0.5962962962962962,0.12227914806338858
0.5925925925925926,-0.5962962962962962,0.08791546303118813
0.6296296296296295,-0.5962962962962962,0.11004721456152662
0.6666666666666665,-0.5962962962962962,0.04162025100410123
0.7037037037037037,-0.5962962962962962,0.03632614861726822
0.7407407407407407,-0.5962962962962962,0.024190842206781835
0.7777777777777777,-0.5962962962962962,0.04867536380736004
0.8148148148148147,-0.5962962962962962,0.012097775345249763
0.8518518518518516,-0.5962962962962962,0.028196374270854356
0.8888888888888888,-0.5962962962962962,0.01607982240388305
0.9259259259259258,-0.5962962962962962,-0.00022186231308744288
0.9629629629629628,-0.5962962962962962,0.007789027522346996
1.0,-0.5962962962962962,-0.014006125477116953
-1.0,-0.5703703703703703,0.007033294491054511
-0.962962962962963,-0.5703703703703703,-0.02363915087950275
-0.9259259259259259,-0.5703703703703703,-0.0254169999190687
-0.8888888888888888,-0.5703703703703703,-0.005667895771557534
-0.8518518518518519,-0.5703703703703703,-0.02719281008099827
-0.8148148148148149,-0.5703703703703703,0.0038379626827695877
-0.7777777777777778,-0.5703703703703703,-0.008079358368563303
-0.7407407407407407,-0.5703703703703703,-0.05853067581520955
-0.7037037037037037,-0.5703703703703703,-0.03628852393247493
-0.6666666666666667,-0.5703703703703703,-0.04568512049770362
-0.6296296296296297,-0.5703703703703703,-0.015923837769980895
-0.5925925925925926,-0.5703703703703703,-0.06085777105627546
-0.5555555555555556,-0.5703703703703703,-0.06567165895824466
-0.5185185185185186,-0.5703703703703703,-0.062035759538283164
-0.4814814814814815,-0.5703703703703703,-0.063884670635779
-0.4444444444444444,-0.5703703703703703,-0.07435368665096956
-0.40740740740740744,-0.5703703703703703,-0.055178994756931846
-0.37037037037037046,-0.5703703703703703,-0.06328104128989251
-0.33333333333333337,-0.5703703703703703,-0.06180049660862878
-0.2962962962962963,-0.5703703703703703,-0.01728467927423154
-0.2592592592592593,-0.5703703703703703,-0.026266664074653466
-0.22222222222222232,-0.5703703703703703,-0.029866317111281616
-0.18518518518518523,-0.5703703703703703,-0.01752285773148845
-0.14814814814814814,-0.5703703703703703,0.018309460659090566
-0.11111111111111116,-0.5703703703703703,0.026914212596701712
-0.07407407407407418,-0.5703703703703703,0.05028971797473786
-0.03703703703703709,-0.5703703703703703,0.11172059619652325
0.0,-0.5703703703703703,0.1186121696569544
0.03703703703703698,-0.5703703703703703,0.1375559740076663
0.07407407407407396,-0.5703703703703703,0.17246927849811367
0.11111111111111116,-0.5703703703703703,0.18239763371857973
0.14814814814814814,-0.5703703703703703,0.20983498588824542
0.18518518518518512,-0.5703703703703703,0.2496089640756512
0.2222222222222221,-0.5703703703703703,0.23093272019299546
0.2592592592592591,-0.5703703703703703,0.22624923957609802
0.2962962962962963,-0.5703703703703703,0.21714634355830822
0.33333333333333326,-0.5703703703703703,0.23785447142660224
0.37037037037037024,-0.5703703703703703,0.2154562835650598
0.40740740740740744,-0.5703703703703703,0.2100848806599519
0.4444444444444444,-0.5703703703703703,0.1628829032929768
0.4814814814814814,-0.5703703703703703,0.1625193374345627
0.5185185185185184,-0.5703703703703703,0.14988686419862782
0.5555555555555554,-0.5703703703703703,0.13631887104378948
0.5925925925925926,-0.5703703703703703,0.11279371824131904
0.6296296296296295,-0.5703703703703703,0.08650341554411131
0.6666666666666665,-0.5703703703703703,0.0931128713425216
0.7037037037037037,-0.5703703703703703,0.05882111772334987
0.7407407407407407,-0.5703703703703703,0.01526815780659721
0.7777777777777777,-0.5703703703703703,0.016607245188200892
0.8148148148148147,-0.5703703703703703,0.026206554339543178
0.8518518518518516,-0.5703703703703703,0.02333646898463101
0.8888888888888888,-0.5703703703703703,-0.005585408723521578
0.9259259259259258,-0.5703703703703703,-0.00795952304830548
0.9629629629629628,-0.5703703703703703,0.01257276374113886
1.0,-0.5703703703703703,0.008677236611458004
-1.0,-0.5444444444444444,0.001703296534603666
-0.962962962962963,-0.5444444444444444,0.0023925584469484014
-0.9259259259259259,-0.5444444444444444,-0.012129277406790522
-0.8888888888888888,-0.5444444444444444,-0.02988752729989675
-0.8518518518518519,-0.5444444444444444,-0.004249321522435814
-0.8148148148148149,-0.5444444444444444,-0.01340500938960945
-0.7777777777777778,-0.5444444444444444,-0.009063633824170962
-0.7407407407407407,-0.5444444444444444,-0.033995518007508586
-0.7037037037037037,-0.5444444444444444,-0.04505356310195914
-0.6666666666666667,-0.5444444444444444,-0.049776064099044816
-0.6296296296296297,-0.5444444444444444,-0.05439350307342243
-0.5925925925925926,-0.5444444444444444,-0.0921649552110521
-0.5555555555555556,-0.5444444444444444,-0.07157810226343155
-0.5185185185185186,-0.5444444444444444,-0.07823463292670482
-0.4814814814814815,-0.5444444444444444,-0.06958134839354523
-0.4444444444444444,-0.5444444444444444,-0.07092569485989646
-0.40740740740740744,-0.5444444444444444,-0.07866366316714436
-0.37037037037037046,-0.5444444444444444,-0.0763319976478612
-0.33333333333333337,-0.5444444444444444,-0.08272790704464528
-0.2962962962962963,-0.5444444444444444,-0.0484151635621093
-0.2592592592592593,-0.5444444444444444,-0.04628223053696926
-0.22222222222222232,-0.5444444444444444,-0.027777896281300084
-0.18518518518518523,-0.5444444444444444,0.013742948015460582
-0.14814814814814814,-0.5444444444444444,0.03644711899941734
-0.11111111111111116,-0.5444444444444444,0.04176078540098725
-0.07407407407407418,-0.5444444444444444,0.09983228526083537
-0.03703703703703709,-0.5444444444444444,0.11449302560462749
0.0,-0.5444444444444444,0.13405269425567493
0.03703703703703698,-0.5444444444444444,0.14882217331438147
0.07407407407407396,-0.5444444444444444,0.17625631699721056
0.11111111111111116,-0.5444444444444444,0.2281463622399497
0.14814814814814814,-0.5444444444444444,0.2051584189968015
0.18518518518518512,-0.5444444444444444,0.2762117174261989
0.2222222222222221,-0.5444444444444444,0.27129743101345644
0.2592592592592591,-0.5444444444444444,0.26036816674026125
0.2962962962962963,-0.5444444444444444,0.2890290480799468
0.33333333333333326,-0.5444444444444444,0.2616445742346332
0.37037037037037024,-0.5444444444444444,0.2276296479390424
0.40740740740740744,-0.5444444444444444,0.22057125849892906
0.4444444444444444,-0.5444444444444444,0.19517223736490633
0.4814814814814814,-0.5444444444444444,0.17210189013995797
0.5185185185185184,-0.5444444444444444,0.19723767951679158
0.5555555555555554,-0.5444444444444444,0.14664171759389258
0.5925925925925926,-0.5444444444444444,0.1202930864886391
0.6296296296296295,-0.5444444444444444,0.1143791504598996
0.6666666666666665,-0.5444444444444444,0.0921617422279709
0.7037037037037037,-0.5444444444444444,0.056338232923792905
0.7407407407407407,-0.5444444444444444,0.037133952913157
0.7777777777777777,-0.5444444444444444,0.010429857101798647
0.8148148148148147,-0.5444444444444444,0.04405644013804484
0.8518518518518516,-0.5444444444444444,0.01823140702062894
0.8888888888888888,-0.5444444444444444,0.029372783315021578
0.9259259259259258,-0.5444444444444444,0.011325336494295315
0.9629629629629628,-0.5444444444444444,-0.013276175122922255
1.0,-0.5444444444444444,-0.00453079112415694
-1.0,-0.5185185185185185,0.02153713647415781
-0.962962962962963,-0.5185185185185185,-0.01645010405116468
-0.9259259259259259,-0.5185185185185185,-0.006097582173834488
-0.8888888888888888,-0.5185185185185185,-0.05612372936448636
-0.8518518518518519,-0.5185185185185185,-0.03934561776793914
-0.8148148148148149,-0.5185185185185185,-0.02016406737273601
-0.7777777777777778,-0.5185185185185185,-0.0711232578350633
-0.7407407407407407,-0.5185185185185185,-0.034309624991859036
-0.7037037037037037,-0.5185185185185185,-0.06590438719587985
-0.6666666666666667,-0.5185185185185185,-0.07559589801350113
-0.6296296296296297,-0.5185185185185185,-0.052294118937669005
-0.5925925925925926,-0.5185185185185185,-0.08879126103746893
-0.5555555555555556,-0.5185185185185185,-0.07047640400960427
-0.5185185185185186,-0.5185185185185185,-0.09766086627626028
-0.4814814814814815,-0.5185185185185185,-0.0890363660315326
-0.4444444444444444,-0.5185185185185185,-0.07981484524593799
-0.40740740740740744,-0.5185185185185185,-0.07750774206993735
-0.37037037037037046,-0.5185185185185185,-0.09301278441355255
-0.33333333333333337,-0.5185185185185185,-0.11589576007050731
-0.2962962962962963,-0.5185185185185185,-0.043623572273572164
-0.2592592592592593,-0.5185185185185185,-0.06289559687092545
-0.22222222222222232,-0.5185185185185185,-0.015844490041707224
-0.18518518518518523,-0.5185185185185185,-0.024242492044494655
-0.14814814814814814,-0.5185185185185185,0.008089214924830003
-0.11111111111111116,-0.5185185185185185,0.04587265545784971
-0.07407407407407418,-0.5185185185185185,0.07603233463985914
-0.03703703703703709,-0.5185185185185185,0.13986307854096958
0.0,-0.5185185185185185,0.1182568500805111
0.03703703703703698,-0.5185185185185185,0.16959782074686108
0.07407407407407396,-0.5185185185185185,0.2134818990084542
0.11111111111111116,-0.5185185185185185,0.2442187208687024
0.14814814814814814,-0.5185185185185185,0.26196950160622695
0.18518518518518512,-0.5185185185185185,0.2828543050807868
0.2222222222222221,-0.5185185185185185,0.3076602886592223
0.2592592592592591,-0.5185185185185185,0.28965334558329064
0.2962962962962963,-0.5185185185185185,0.28887384959657103
0.33333333333333326,-0.5185185185185185,0.2885243869601588
0.37037037037037024,-0.5185185185185185,0.28796072104514897
0.40740740740740744,-0.5185185185185185,0.23816860822485278
0.4444444444444444,-0.5185185185185185,0.26719934590156214
0.4814814814814814,-0.5185185185185185,0.2094982044423249
0.5185185185185184,-0.5185185185185185,0.18019687594825637
0.5555555555555554,-0.5185185185185185,0.15905879064494066
0.5925925925925926,-0.5185185185185185,0.12295049005730575
0.6296296296296295,-0.5185185185185185,0.10218190544722526
0.6666666666666665,-0.5185185185185185,0.0902022886462488
0.7037037037037037,-0.5185185185185185,0.08342658952418056
0.7407407407407407,-0.5185185185185185,0.07114334011352061
0.7777777777777777,-0.5185185185185185,0.04050513933477685
0.8148148148148147,-0.5185185185185185,0.030786076743844894
0.8518518518518516,-0.5185185185185185,0.03313142780223853
0.8888888888888888,-0.5185185185185185,-0.009332466678792482
0.9259259259259258,-0.5185185185185185,0.011241777549414182
0.9629629629629628,-0.5185185185185185,0.025720185915360308
1.0,-0.5185185185185185,0.03182043603731117
-1.0,-0.4925925925925926,0.003970290137601955
-0.962962962962963,-0.4925925925925926,-0.022215532099988586
-0.9259259259259259,-0.4925925925925926,-0.019231235352919488
-0.8888888888888888,-0.4925925925925926,-0.00021363969138563088
-0.8518518518518519,-0.4925925925925926,0.002318719150545101
-0.8148148148148149,-0.4925925925925926,-0.0404959035335339
-0.7777777777777778,-0.4925925925925926,-0.07068575800577225
-0.7407407407407407,-0.4925925925925926,-0.055920203814450654
-0.7037037037037037,-0.4925925925925926,-0.056742670492856626
-0.6666666666666667,-0.4925925925925926,-0.06514180279511933
-0.6296296296296297,-0.4925925925925926,-0.08292070496168934
-0.5925925925925926,-0.4925925925925926,-0.0603982792547654
-0.5555555555555556,-0.4925925925925926,-0.10542892028448236
-0.5185185185185186,-0.4925925925925926,-0.06848048305423154
-0.4814814814814815,-0.4925925925925926,-0.13209286308152343
-0.4444444444444444,-0.4925925925925926,-0.09536587689871485
-0.40740740740740744,-0.4925925925925926,-0.09922711032467163
-0.37037037037037046,-0.4925925925925926,-0.09888811741234266
-0.33333333333333337,-0.4925925925925926,-0.11425480545596006
-0.2962962962962963,-0.4925925925925926,-0.09170158713066681
-0.2592592592592593,-0.4925925925925926,-0.0901953478025689
-0.22222222222222232,-0.4925925925925926,-0.04964779775603462
-0.18518518518518523,-0.4925925925925926,-0.01970012607457876
-0.14814814814814814,-0.4925925925925926,0.015035203941478618
-0.11111111111111116,-0.4925925925925926,0.022068699074893117
-0.07407407407407418,-0.4925925925925926,0.06611652039514376
-0.03703703703703709,-0.4925925925925926,0.08295637848614601
0.0,-0.4925925925925926,0.15556292686379916
0.03703703703703698,-0.4925925925925926,0.177081618179421
0.07407407407407396,-0.4925925925925926,0.24457675860762243
0.11111111111111116,-0.4925925925925926,0.2528276076807644
0.14814814814814814,-0.4925925925925926,0.2960039937863118
0.18518518518518512,-0.4925925925925926,0.3037560603024121
0.2222222222222221,-0.4925925925925926,0.32337473314737947
0.2592592592592591,-0.4925925925925926,0.32762037402923766
0.2962962962962963,-0.4925925925925926,0.31228270932202995
0.33333333333333326,-0.4925925925925926,0.3356320121730455
0.37037037037037024,-0.4925925925925926,0.2955176067148203
0.40740740740740744,-0.4925925925925926,0.30864899522980427
0.4444444444444444,-0.4925925925925926,0.22854131594455268
0.4814814814814814,-0.4925925925925926,0.23173304007841702
0.5185185185185184,-0.4925925925925926,0.22372995554619746
0.5555555555555554,-0.4925925925925926,0.19564858825299786
0.5925925925925926,-0.4925925925925926,0.12581201948135914
0.6296296296296295,-0.4925925925925926,0.13209696025674278
0.6666666666666665,-0.4925925925925926,0.10814859569295777
0.7037037037037037,-0.4925925925925926,0.08850858575924285
0.7407407407407407,-0.4925925925925926,0.06058724124049469
0.7777777777777777,-0.4925925925925926,0.03915459227916457
0.8148148148148147,-0.4925925925925926,0.041363215690217836
0.8518518518518516,-0.4925925925925926,0.03698551634471139
0.8888888888888888,-0.4925925925925926,0.035461461000923115
0.9259259259259258,-0.4925925925925926,0.013332873907143354
0.9629629629629628,-0.4925925925925926,-0.002361149804562552
1.0,-0.4925925925925926,0.017769728656590003
-1.0,-0.4666666666666666,-0.0036775429396472305
-0.962962962962963,-0.4666666666666666,-0.004695066837501646
-0.9259259259259259,-0.4666666666666666,-0.015081772925340914
-0.8888888888888888,-0.4666666666666666,-0.017249853708373935
-0.8518518518518519,-0.4666666666666666,-0.026502522103095765
-0.8148148148148149,-0.4666666666666666,-0.011719333297973495
-0.7777777777777778,-0.4666666666666666,-0.04474822401914399
-0.7407407407407407,-0.4666666666666666,-0.05290728524332243
-0.7037037037037037,-0.4666666666666666,-0.08634413894713268
-0.6666666666666667,-0.4666666666666666,-0.10930768826387521
-0.6296296296296297,-0.4666666666666666,-0.11088278207450776
-0.5925925925925926,-0.4666666666666666,-0.12441169022604173
-0.5555555555555556,-0.4666666666666666,-0.0952527505954182
-0.5185185185185186,-0.4666666666666666,-0.11226168238402562
-0.4814814814814815,-0.4666666666666666,-0.12699749637940522
-0.4444444444444444,-0.4666666666666666,-0.14370191376326494
-0.40740740740740744,-0.4666666666666666,-0.16094295013098545
-0.37037037037037046,-0.4666666666666666,-0.1411602970497479
-0.33333333333333337,-0.4666666666666666,-0.1361290908076812
-0.2962962962962963,-0.4666666666666666,-0.12364963497368009
-0.2592592592592593,-0.4666666666666666,-0.0861020220736135
-0.22222222222222232,-0.4666666666666666,-0.04117530509086585
-0.18518518518518523,-0.4666666666666666,-0.0067868777062781785
-0.14814814814814814,-0.4666666666666666,-0.006025045377607054
-0.11111111111111116,-0.4666666666666666,0.03703370793713286
-0.07407407407407418,-0.4666666666666666,0.08210563424323769
-0.03703703703703709,-0.4666666666666666,0.11099453885612763
0.0,-0.4666666666666666,0.18539905800424206
0.03703703703703698,-0.4666666666666666,0.21677123616140873
0.07407407407407396,-0.4666666666666666,0.25118830206623316
0.11111111111111116,-0.4666666666666666,0.2949062056265568
0.14814814814814814,-0.4666666666666666,0.3107644216960323
0.18518518518518512,-0.4666666666666666,0.33860265518061405
0.2222222222222221,-0.4666666666666666,0.37766444682448885
0.2592592592592591,-0.4666666666666666,0.3817743456900648
0.2962962962962963,-0.4666666666666666,0.3692410038461673
0.33333333333333326,-0.4666666666666666,0.3371585922100722
0.37037037037037024,-0.4666666666666666,0.3810615687647579
0.40740740740740744,-0.4666666666666666,0.32932664773795295
0.4444444444444444,-0.4666666666666666,0.31089686294198854
0.4814814814814814,-0.4666666666666666,0.25256446396709153
0.5185185185185184,-0.4666666666666666,0.24505248814488714
0.5555555555555554,-0.4666666666666666,0.21386337662766242
0.5925925925925926,-0.4666666666666666,0.1791935464665103
0.6296296296296295,-0.4666666666666666,0.16339389896288697
0.6666666666666665,-0.4666666666666666,0.09308586167879464
0.7037037037037037,-0.4666666666666666,0.11431853989399363
0.7407407407407407,-0.4666666666666666,0.07013871247860534
0.7777777777777777,-0.4666666666666666,0.05148999325049933
0.8148148148148147,-0.4666666666666666,0.04487372302881204
0.8518518518518516,-0.4666666666666666,0.04047062599260964
0.8888888888888888,-0.4666666666666666,0.02832297061175842
0.9259259259259258,-0.4666666666666666,0.012832846049060383
0.9629629629629628,-0.4666666666666666,0.022550043586646272
1.0,-0.4666666666666666,0.05292700347077496
-1.0,-0.4407407407407407,0.045884432851014845
-0.962962962962963,-0.4407407407407407,0.01588005397896968
-0.9259259259259259,-0.4407407407407407,0.0253021978640131
-0.8888888888888888,-0.4407407407407407,0.005413742839260325
-0.8518518518518519,-0.4407407407407407,-0.03527944631208063
-0.8148148148148149,-0.4407407407407407,-0.02053327127982741
-0.7777777777777778,-0.4407407407407407,-0.07626766728479024
-0.7407407407407407,-0.4407407407407407,-0.06465141342594347
-0.7037037037037037,-0.4407407407407407,-0.06029527098647232
-0.6666666666666667,-0.4407407407407407,-0.1225907943857114
-0.6296296296296297,-0.4407407407407407,-0.12685653584380469
-0.5925925925925926,-0.4407407407407407,-0.14628775866247037
-0.5555555555555556,-0.4407407407407407,-0.12636334074915384
-0.5185185185185186,-0.4407407407407407,-0.16752882773850614
-0.4814814814814815,-0.4407407407407407,-0.1656392309943808
-0.4444444444444444,-0.4407407407407407,-0.16192167116203843
-0.40740740740740744,-0.4407407407407407,-0.15287277152706003
-0.37037037037037046,-0.4407407407407407,-0.15194106213140995
-0.33333333333333337,-0.4407407407407407,-0.16661560444667275
-0.2962962962962963,-0.4407407407407407,-0.16667451883360557
-0.2592592592592593,-0.4407407407407407,-0.10025756261025714
-0.22222222222222232,-0.4407407407407407,-0.08623619448631754
-0.18518518518518523,-0.4407407407407407,-0.04398713456299469
-0.14814814814814814,-0.4407407407407407,-0.023848908702977206
-0.11111111111111116,-0.4407407407407407,0.028561662865946243
-0.07407407407407418,-0.4407407407407407,0.09648766564499495
-0.03703703703703709,-0.4407407407407407,0.10274588356511158
0.0,-0.4407407407407407,0.17189587030467676
0.03703703703703698,-0.4407407407407407,0.20043761197309132
0.07407407407407396,-0.4407407407407407,0.28983204014542
0.11111111111111116,-0.4407407407407407,0.313900585221625
0.14814814814814814,-0.4407407407407407,0.3321401849761479
0.18518518518518512,-0.4407407407407407,0.3493644078795467
0.2222222222222221,-0.4407407407407407,0.39433247341171085
0.2592592592592591,-0.4407407407407407,0.40478714310846287
0.2962962962962963,-0.4407407407407407,0.4003864813316106
0.33333333333333326,-0.4407407407407407,0.4145394771778954
0.37037037037037024,-0.4407407407407407,0.36294928923514796
0.40740740740740744,-0.4407407407407407,0.3661730469241621
0.4444444444444444,-0.4407407407407407,0.34875623274103934
0.4814814814814814,-0.4407407407407407,0.2849617547241353
0.5185185185185184,-0.4407407407407407,0.2725654396683649
0.5555555555555554,-0.4407407407407407,0.24772505274910706
0.5925925925925926,-0.4407407407407407,0.17050666756060595
0.6296296296296295,-0.4407407407407407,0.14969091268613635
0.6666666666666665,-0.4407407407407407,0.11110959463802139
0.7037037037037037,-0.4407407407407407,0.11205554736091856
0.7407407407407407,-0.4407407407407407,0.11030685007168826
0.7777777777777777,-0.4407407407407407,0.042187131824027294
0.8148148148148147,-0.4407407407407407,0.048246740432664255
0.8518518518518516,-0.4407407407407407,0.07593682538857657
0.8888888888888888,-0.4407407407407407,0.016735688714474853
0.9259259259259258,-0.4407407407407407,0.028195252141834458
0.9629629629629628,-0.4407407407407407,0.02207626656648936
1.0,-0.4407407407407407,0.001542504681796281
-1.0,-0.4148148148148148,0.0694078634021354
-0.962962962962963,-0.4148148148148148,0.04393521340175632
-0.9259259259259259,-0.4148148148148148,0.01883546940486253
-0.8888888888888888,-0.4148148148148148,-0.0023714523381866146
-0.8518518518518519,-0.4148148148148148,0.001994188919676565
-0.8148148148148149,-0.4148148148148148,-0.034929996705421636
-0.7777777777777778,-0.4148148148148148,-0.06864088804554556
-0.7407407407407407,-0.4148148148148148,-0.08532223382585732
-0.7037037037037037,-0.4148148148148148,-0.09341749648514865
-0.6666666666666667,-0.4148148148148148,-0.11130729942405453
-0.6296296296296297,-0.4148148148148148,-0.1579947360944385
-0.5925925925925926,-0.4148148148148148,-0.14088224713689984
-0.5555555555555556,-0.4148148148148148,-0.1880225338493218
-0.5185185185185186,-0.4148148148148148,-0.20990281898147678
-0.4814814814814815,-0.4148148148148148,-0.196969313245332
-0.4444444444444444,-0.4148148148148148,-0.19219211577370732
-0.40740740740740744,-0.4148148148148148,-0.18306858506187684
-0.37037037037037046,-0.4148148148148148,-0.20983395374395758
-0.33333333333333337,-0.4148148148148148,-0.1869698615664596
-0.2962962962962963,-0.4148148148148148,-0.14827253539202612
-0.2592592592592593,-0.4148148148148148,-0.14033647496291551
-0.22222222222222232,-0.4148148148148148,-0.09149950626195105
-0.18518518518518523,-0.4148148148148148,-0.0612036046556341
-0.14814814814814814,-0.4148148148148148,-0.05006819721753361
-0.11111111111111116,-0.4148148148148148,0.008921156946049662
-0.07407407407407418,-0.4148148148148148,0.08710574193242852
-0.03703703703703709,-0.4148148148148148,0.09252081968463347
0.0,-0.4148148148148148,0.1974793101746203
0.03703703703703698,-0.4148148148148148,0.23717465010054828
0.07407407407407396,-0.4148148148148148,0.2779521022298844
0.11111111111111116,-0.4148148148148148,0.37181036397992295
0.14814814814814814,-0.4148148148148148,0.36388190537495324
0.18518518518518512,-0.4148148148148148,0.39845735570535223
0.2222222222222221,-0.4148148148148148,0.42495815734226583
0.2592592592592591,-0.4148148148148148,0.4359003340790407
0.2962962962962963,-0.4148148148148148,0.44970706403496863
0.33333333333333326,-0.4148148148148148,0.43872912941198294
0.37037037037037024,-0.4148148148148148,0.3787008961795988
0.40740740740740744,-0.4148148148148148,0.4069038798424116
0.4444444444444444,-0.4148148148148148,0.37440943439535473
0.4814814814814814,-0.4148148148148148,0.33682088719266223
0.5185185185185184,-0.4148148148148148,0.292614693615373
0.5555555555555554,-0.4148148148148148,0.22416828252026322
0.5925925925925926,-0.4148148148148148,0.22143630672350573
0.6296296296296295,-0.4148148148148148,0.16815665331847834
0.6666666666666665,-0.4148148148148148,0.1269794115083946
0.7037037037037037,-0.4148148148148148,0.11543509812038807
0.7407407407407407,-0.4148148148148148,0.10027953568509468
0.7777777777777777,-0.4148148148148148,0.05463865680475689
0.8148148148148147,-0.4148148148148148,0.036745500243304266
0.8518518518518516,-0.4148148148148148,0.04825440381364068
0.8888888888888888,-0.4148148148148148,0.04421194505314404
0.9259259259259258,-0.4148148148148148,0.012250200005350606
0.9629629629629628,-0.4148148148148148,0.01757639418338322
1.0,-0.4148148148148148,0.01007631101297093
-1.0,-0.38888888888888884,0.10253593915515619
-0.962962962962963,-0.38888888888888884,0.06634988667071152
-0.9259259259259259,-0.38888888888888884,0.013635789354692195
-0.8888888888888888,-0.38888888888888884,0.005990675921829152
-0.8518518518518519,-0.38888888888888884,0.014060309390035261
-0.8148148148148149,-0.38888888888888884,-0.0079108996097773
-0.7777777777777778,-0.38888888888888884,-0.032945322951202574
-0.7407407407407407,-0.38888888888888884,-0.0808145015596268
-0.7037037037037037,-0.38888888888888884,-0.11561460777394979
-0.6666666666666667,-0.38888888888888884,-0.11572953590371055
-0.6296296296296297,-0.38888888888888884,-0.1515547601170645
-0.5925925925925926,-0.38888888888888884,-0.17487449206487882
-0.5555555555555556,-0.38888888888888884,-0.20053750407561077
-0.5185185185185186,-0.38888888888888884,-0.20096799908966792
-0.4814814814814815,-0.38888888888888884,-0.23154331453620705
-0.4444444444444444,-0.38888888888888884,-0.23127891485434252
-0.40740740740740744,-0.38888888888888884,-0.19723092032692052
-0.37037037037037046,-0.38888888888888884,-0.22332646411783696
-0.33333333333333337,-0.38888888888888884,-0.1918651788539469
-0.2962962962962963,-0.38888888888888884,-0.18831561599514973
-0.2592592592592593,-0.38888888888888884,-0.15886172968935755
-0.22222222222222232,-0.38888888888888884,-0.12828443067346204
-0.18518518518518523,-0.38888888888888884,-0.05592840118593551
-0.14814814814814814,-0.38888888888888884,-0.03580860806549194
-0.11111111111111116,-0.38888888888888884,0.016717922830678557
-0.07407407407407418,-0.38888888888888884,0.07353412035159324
-0.03703703703703709,-0.38888888888888884,0.1247274378813552
0.0,-0.38888888888888884,0.21226234281989487
0.03703703703703698,-0.38888888888888884,0.24288532099951127
0.07407407407407396,-0.38888888888888884,0.2894483017132416
0.11111111111111116,-0.38888888888888884,0.3679944081849131
0.14814814814814814,-0.38888888888888884,0.41492424425398033
0.18518518518518512,-0.38888888888888884,0.42479993744496414
0.2222222222222221,-0.38888888888888884,0.47086598972714666
0.2592592592592591,-0.38888888888888884,0.4792672084237601
0.2962962962962963,-0.38888888888888884,0.4566134412551893
0.33333333333333326,-0.38888888888888884,0.43934189665103535
0.37037037037037024,-0.38888888888888884,0.4573898814057984
0.40740740740740744,-0.38888888888888884,0.42468928508093007
0.4444444444444444,-0.38888888888888884,0.40329763003805885
0.4814814814814814,-0.38888888888888884,0.3319818253536183
0.5185185185185184,-0.38888888888888884,0.32904842578908683
0.5555555555555554,-0.38888888888888884,0.2715074550021869
0.5925925925925926,-0.38888888888888884,0.23603924254933395
0.6296296296296295,-0.38888888888888884,0.2203309717125828
0.6666666666666665,-0.38888888888888884,0.1558348657406612
0.7037037037037037,-0.38888888888888884,0.12262733751366049
0.7407407407407407,-0.38888888888888884,0.09206941223063711
0.7777777777777777,-0.38888888888888884,0.05428537959898109
0.8148148148148147,-0.38888888888888884,0.05623419877526485
0.8518518518518516,-0.38888888888888884,0.02064550478376713
0.8888888888888888,-0.38888888888888884,0.014995077603389546
0.9259259259259258,-0.38888888888888884,-0.004952640958551701
0.9629629629629628,-0.38888888888888884,0.027342977785817624
1.0,-0.38888888888888884,0.00913376338212973
-1.0,-0.36296296296296293,0.13043419311442717
-0.962962962962963,-0.36296296296296293,0.081138190754796
-0.9259259259259259,-0.36296296296296293,0.05990536100129181
-0.8888888888888888,-0.36296296296296293,0.029654953520738322
-0.8518518518518519,-0.36296296296296293,-0.0006514746509807615
-0.8148148148148149,-0.36296296296296293,0.011949969172922067
-0.7777777777777778,-0.36296296296296293,-0.08539795111582231
-0.7407407407407407,-0.36296296296296293,-0.053174426507260515
-0.7037037037037037,-0.36296296296296293,-0.0840955592739343
-0.6666666666666667,-0.36296296296296293,-0.13757296479831224
-0.6296296296296297,-0.36296296296296293,-0.15633007858519138
-0.5925925925925926,-0.36296296296296293,-0.16073436887843143
-0.5555555555555556,-0.36296296296296293,-0.20732042382003427
-0.5185185185185186,-0.36296296296296293,-0.2580628848729105
-0.4814814814814815,-0.36296296296296293,-0.2524910943556572
-0.4444444444444444,-0.36296296296296293,-0.23205946758060292
-0.40740740740740744,-0.36296296296296293,-0.26934390135477126
-0.37037037037037046,-0.36296296296296293,-0.23224187365240637
-0.33333333333333337,-0.36296296296296293,-0.24557416793597997
-0.2962962962962963,-0.36296296296296293,-0.20797397034037923
-0.2592592592592593,-0.36296296296296293,-0.19837064556426753
-0.22222222222222232,-0.36296296296296293,-0.16379866513848604
-0.18518518518518523,-0.36296296296296293,-0.11299462093820571
-0.14814814814814814,-0.36296296296296293,-0.08755413319085975
-0.11111111111111116,-0.36296296296296293,0.012661622813180607
-0.07407407407407418,-0.36296296296296293,0.035431919256888524
-0.03703703703703709,-0.36296296296296293,0.13442875593447381
0.0,-0.36296296296296293,0.18698999970998262
0.03703703703703698,-0.36296296296296293,0.27613145260961786
0.07407407407407396,-0.36296296296296293,0.35322015658477807
0.11111111111111116,-0.36296296296296293,0.39127296855803206
0.14814814814814814,-0.36296296296296293,0.43489973552341327
0.18518518518518512,-0.36296296296296293,0.4821977490967601
0.2222222222222221,-0.36296296296296293,0.511694499771825
0.2592592592592591,-0.36296296296296293,0.5322897840373656
0.2962962962962963,-0.36296296296296293,0.5138283388725204
0.33333333333333326,-0.36296296296296293,0.5289177754800785
0.37037037037037024,-0.36296296296296293,0.47510148087698856
0.40740740740740744,-0.36296296296296293,0.45860035448319053
0.4444444444444444,-0.36296296296296293,0.45799864613524177
0.4814814814814814,-0.36296296296296293,0.38583672372939626
0.5185185185185184,-0.36296296296296293,0.349543413289138
0.5555555555555554,-0.36296296296296293,0.29954851468786486
0.5925925925925926,-0.36296296296296293,0.25381786195514194
0.6296296296296295,-0.36296296296296293,0.23746454057281674
0.6666666666666665,-0.36296296296296293,0.1707937159857848
0.7037037037037037,-0.36296296296296293,0.11304457884562959
0.7407407407407407,-0.36296296296296293,0.10421360882614658
0.7777777777777777,-0.36296296296296293,0.08587785843276347
0.8148148148148147,-0.36296296296296293,0.05436486301308819
0.8518518518518516,-0.36296296296296293,0.03789141968547258
0.8888888888888888,-0.36296296296296293,0.05311363932089985
0.9259259259259258,-0.36296296296296293,0.03298914517088457
0.9629629629629628,-0.36296296296296293,0.04140060441453522
1.0,-0.36296296296296293,0.015908504588823088
-1.0,-0.337037037037037,0.12535126496675655
-0.962962962962963,-0.337037037037037,0.11543158798551961
-0.9259259259259259,-0.337037037037037,0.08894399286334452
-0.8888888888888888,-0.337037037037037,0.060621389016308785
-0.8518518518518519,-0.337037037037037,0.04758194430447507
-0.8148148148148149,-0.337037037037037,-0.021936793462359074
-0.7777777777777778,-0.337037037037037,-0.03021440486227834
-0.7407407407407407,-0.337037037037037,-0.03775639960357231
-0.7037037037037037,-0.337037037037037,-0.11258382073881773
-0.6666666666666667,-0.337037037037037,-0.11804457291515347
-0.6296296296296297,-0.337037037037037,-0.16135413568149107
-0.5925925925925926,-0.337037037037037,-0.21723819068324318
-0.5555555555555556,-0.337037037037037,-0.23373013340639331
-0.5185185185185186,-0.337037037037037,-0.22276012906639256
-0.4814814814814815,-0.337037037037037,-0.2719647618753916
-0.4444444444444444,-0.337037037037037,-0.27281298628839107
-0.40740740740740744,-0.337037037037037,-0.28037082968182386
-0.37037037037037046,-0.337037037037037,-0.2935118650979449
-0.33333333333333337,-0.337037037037037,-0.24747318698957443
-0.2962962962962963,-0.337037037037037,-0.23011840406529385
-0.2592592592592593,-0.337037037037037,-0.20768061392580395
-0.22222222222222232,-0.337037037037037,-0.17646947315014577
-0.18518518518518523,-0.337037037037037,-0.13785969463448294
-0.14814814814814814,-0.337037037037037,-0.08244066078048051
-0.11111111111111116,-0.337037037037037,0.010345031066159856
-0.07407407407407418,-0.337037037037037,0.03474754333535296
-0.03703703703703709,-0.337037037037037,0.15437793379010786
0.0,-0.337037037037037,0.2192713170222976
0.03703703703703698,-0.337037037037037,0.2943835085695903
0.07407407407407396,-0.337037037037037,0.35623148821640155
0.11111111111111116,-0.337037037037037,0.4035366757885065
0.14814814814814814,-0.337037037037037,0.45874760511969037
0.18518518518518512,-0.337037037037037,0.5114456136714886
0.2222222222222221,-0.337037037037037,0.5497423177063753
0.2592592592592591,-0.337037037037037,0.5777801106728334
0.2962962962962963,-0.337037037037037,0.5659169221899106
0.33333333333333326,-0.337037037037037,0.5594807351446339
0.37037037037037024,-0.337037037037037,0.5176046530370029
0.40740740740740744,-0.337037037037037,0.5107465680926775
0.4444444444444444,-0.337037037037037,0.46584159891890214
0.4814814814814814,-0.337037037037037,0.44055493997618517
0.5185185185185184,-0.337037037037037,0.3802698205107845
0.5555555555555554,-0.337037037037037,0.3175211587160384
0.5925925925925926,-0.337037037037037,0.2527433273393505
0.6296296296296295,-0.337037037037037,0.24835838543008745
0.6666666666666665,-0.337037037037037,0.17013967545484113
0.7037037037037037,-0.337037037037037,0.1523311687433228
0.7407407407407407,-0.337037037037037,0.13148662044076165
0.7777777777777777,-0.337037037037037,0.10198517932247796
0.8148148148148147,-0.337037037037037,0.051965111154443994
0.8518518518518516,-0.337037037037037,0.03603003518067346
0.8888888888888888,-0.337037037037037,0.054389216239214694
0.9259259259259258,-0.337037037037037,0.037078094163551865
0.9629629629629628,-0.337037037037037,0.06525775556114595
1.0,-0.337037037037037,0.0011731716697003774
-1.0,-0.31111111111111106,0.14342992865790485
-0.962962962962963,-0.31111111111111106,0.1276663910355848
-0.9259259259259259,-0.31111111111111106,0.10673284684907886
-0.8888888888888888,-0.31111111111111106,0.08525042039027904
-0.8518518518518519,-0.31111111111111106,0.06467470012942637
-0.8148148148148149,-0.31111111111111106,0.03108795886293354
-0.7777777777777778,-0.31111111111111106,-0.01343460022644706
-0.7407407407407407,-0.31111111111111106,-0.05772269558579133
-0.7037037037037037,-0.31111111111111106,-0.07974810679190304
-0.6666666666666667,-0.31111111111111106,-0.1297540615022965
-0.6296296296296297,-0.31111111111111106,-0.14497548863639284
-0.5925925925925926,-0.31111111111111106,-0.1991699466791384
-0.5555555555555556,-0.31111111111111106,-0.23498500198800656
-0.5185185185185186,-0.31111111111111106,-0.23532173227564818
-0.4814814814814815,-0.31111111111111106,-0.2573846058198012
-0.4444444444444444,-0.31111111111111106,-0.2665509900146232
-0.40740740740740744,-0.31111111111111106,-0.3124364829375063
-0.37037037037037046,-0.31111111111111106,-0.2822004531057938
-0.33333333333333337,-0.31111111111111106,-0.26534687089869236
-0.2962962962962963,-0.31111111111111106,-0.26170297913994117
-0.2592592592592593,-0.31111111111111106,-0.24752833202765057
-0.22222222222222232,-0.31111111111111106,-0.19376512159155157
-0.18518518518518523,-0.31111111111111106,-0.130344451992802
-0.14814814814814814,-0.31111111111111106,-0.07654300375413588
-0.11111111111111116,-0.31111111111111106,-0.007547013724596971
-0.07407407407407418,-0.31111111111111106,0.08073175789188179
-0.03703703703703709,-0.31111111111111106,0.17424527259487144
0.0,-0.31111111111111106,0.24888406864941048
0.03703703703703698,-0.31111111111111106,0.29137360949195007
0.07407407407407396,-0.31111111111111106,0.3549223704539882
0.11111111111111116,-0.31111111111111106,0.47185254536150206
0.14814814814814814,-0.31111111111111106,0.5255197686977209
0.18518518518518512,-0.31111111111111106,0.5488052084541444
0.2222222222222221,-0.31111111111111106,0.5575802108398973
0.2592592592592591,-0.31111111111111106,0.6217050622531022
0.2962962962962963,-0.31111111111111106,0.5951046191263194
0.33333333333333326,-0.31111111111111106,0.5796354619506139
0.37037037037037024,-0.31111111111111106,0.5651109688111613
0.40740740740740744,-0.31111111111111106,0.5357271095986208
0.4444444444444444,-0.31111111111111106,0.46817915824845874
0.4814814814814814,-0.31111111111111106,0.42480202677208156
0.5185185185185184,-0.31111111111111106,0.39194432175944593
0.5555555555555554,-0.31111111111111106,0.3408247199588474
0.5925925925925926,-0.31111111111111106,0.2662343478433269
0.6296296296296295,-0.31111111111111106,0.2755738084057547
0.6666666666666665,-0.31111111111111106,0.21448621620695874
0.7037037037037037,-0.31111111111111106,0.1661584407624392
0.7407407407407407,-0.31111111111111106,0.13386193931720788
0.7777777777777777,-0.31111111111111106,0.06486673443986968
0.8148148148148147,-0.31111111111111106,0.07385897656405721
0.8518518518518516,-0.31111111111111106,0.06198603602143623
0.8888888888888888,-0.31111111111111106,0.0410004255473879
0.9259259259259258,-0.31111111111111106,0.033216731556840386
0.9629629629629628,-0.31111111111111106,0.028646932946332266
1.0,-0.31111111111111106,0.03657684708764737
-1.0,-0.28518518518518515,0.20203120272345793
-0.962962962962963,-0.28518518518518515,0.15743536142652662
-0.9259259259259259,-0.28518518518518515,0.1574385919944126
-0.8888888888888888,-0.28518518518518515,0.10652154132453562
-0.8518518518518519,-0.28518518518518515,0.08520399933592923
-0.8148148148148149,-0.28518518518518515,0.0525644891035181
-0.7777777777777778,-0.28518518518518515,0.010234239720728951
-0.7407407407407407,-0.28518518518518515,-0.0317396339118862
-0.7037037037037037,-0.28518518518518515,-0.0655151263862746
-0.6666666666666667,-0.28518518518518515,-0.1056815183109645
-0.6296296296296297,-0.28518518518518515,-0.18791182504217044
-0.5925925925925926,-0.28518518518518515,-0.1915603178279566
-0.5555555555555556,-0.28518518518518515,-0.23772538100899923
-0.5185185185185186,-0.28518518518518515,-0.23407331225341607
-0.4814814814814815,-0.28518518518518515,-0.2799945716351349
-0.4444444444444444,-0.28518518518518515,-0.3120943866250519
-0.40740740740740744,-0.28518518518518515,-0.3039126355985908
-0.37037037037037046,-0.28518518518518515,-0.3093729335797731
-0.33333333333333337,-0.28518518518518515,-0.2932600984516471
-0.2962962962962963,-0.28518518518518515,-0.3116689832152783
-0.2592592592592593,-0.28518518518518515,-0.2536370670417895
-0.22222222222222232,-0.28518518518518515,-0.2192486650134242
-0.18518518518518523,-0.28518518518518515,-0.12805346802824413
-0.14814814814814814,-0.28518518518518515,-0.07356526014952124
-0.11111111111111116,-0.28518518518518515,-0.01513353248915197
-0.07407407407407418,-0.28518518518518515,0.06711309740447166
-0.03703703703703709,-0.28518518518518515,0.1514799404792765
0.0,-0.28518518518518515,0.23128420484775758
0.03703703703703698,-0.28518518518518515,0.3090379379574043
0.07407407407407396,-0.28518518518518515,0.3837657493301218
0.11111111111111116,-0.28518518518518515,0.4925357201148504
0.14814814814814814,-0.28518518518518515,0.5218619859106244
0.18518518518518512,-0.28518518518518515,0.5924692439752178
0.2222222222222221,-0.28518518518518515,0.6330122068634352
0.2592592592592591,-0.28518518518518515,0.6477052842027567
0.2962962962962963,-0.28518518518518515,0.6418652082114742
0.33333333333333326,-0.28518518518518515,0.6400152560227076
0.37037037037037024,-0.28518518518518515,0.5974797643287659
0.40740740740740744,-0.28518518518518515,0.5552252827679026
0.4444444444444444,-0.28518518518518515,0.538663201025345
0.4814814814814814,-0.28518518518518515,0.48316472323381826
0.5185185185185184,-0.28518518518518515,0.4359645187972515
0.5555555555555554,-0.28518518518518515,0.36325215366077096
0.5925925925925926,-0.28518518518518515,0.27942584076365856
0.6296296296296295,-0.28518518518518515,0.25028042973168835
0.6666666666666665,-0.28518518518518515,0.20004934171289074
0.7037037037037037,-0.28518518518518515,0.1839036993594373
0.7407407407407407,-0.28518518518518515,0.1200357655016909
0.7777777777777777,-0.28518518518518515,0.11649610670571618
0.8148148148148147,-0.28518518518518515,0.08124549275665352
0.8518518518518516,-0.28518518518518515,0.06208880647081364
0.8888888888888888,-0.28518518518518515,0.046094422052975106
0.9259259259259258,-0.28518518518518515,0.039403107986372886
0.9629629629629628,-0.28518518518518515,0.0050256035392580965
1.0,-0.28518518518518515,0.03265928015897393
-1.0,-0.25925925925925924,0.16843010679946357
-0.962962962962963,-0.25925925925925924,0.1648182200351871
-0.9259259259259259,-0.25925925925925924,0.14308416089595763
-0.8888888888888888,-0.25925925925925924,0.13962587948857635
-0.8518518518518519,-0.25925925925925924,0.08630702321313816
-0.8148148148148149,-0.25925925925925924,0.09136027686403554
-0.7777777777777778,-0.25925925925925924,0.013520362782982503
-0.7407407407407407,-0.25925925925925924,0.027859679854060217
-0.7037037037037037,-0.25925925925925924,-0.043786838422644775
-0.6666666666666667,-0.25925925925925924,-0.08330865103007229
-0.6296296296296297,-0.25925925925925924,-0.13362954455816853
-0.5925925925925926,-0.25925925925925924,-0.16692877329356687
-0.5555555555555556,-0.25925925925925924,-0.22974462249206742
-0.5185185185185186,-0.25925925925925924,-0.2738686035578158
-0.4814814814814815,-0.25925925925925924,-0.2681547026684799
-0.4444444444444444,-0.25925925925925924,-0.29225056038663516
-0.40740740740740744,-0.25925925925925924,-0.3170206353416775
-0.37037037037037046,-0.25925925925925924,-0.3205359022631786
-0.33333333333333337,-0.25925925925925924,-0.31017788593861473
-0.2962962962962963,-0.25925925925925924,-0.2845689228785139
-0.2592592592592593,-0.25925925925925924,-0.24061933692938953
-0.22222222222222232,-0.25925925925925924,-0.21404902084305952
-0.18518518518518523,-0.25925925925925924,-0.14717604622184377
-0.14814814814814814,-0.25925925925925924,-0.06618110245924089
-0.11111111111111116,-0.25925925925925924,-0.01006245769460471
-0.07407407407407418,-0.25925925925925924,0.08611875601047508
-0.03703703703703709,-0.25925925925925924,0.15695103009209707
0.0,-0.25925925925925924,0.2576829665999036
0.03703703703703698,-0.25925925925925924,0.3422005738814725
0.07407407407407396,-0.25925925925925924,0.44829090329527255
0.11111111111111116,-0.25925925925925924,0.5015735078536919
0.14814814814814814,-0.25925925925925924,0.5550434234725548
0.18518518518518512,-0.25925925925925924,0.6277449424337321
0.2222222222222221,-0.25925925925925924,0.6524898633415152
0.2592592592592591,-0.25925925925925924,0.700679655702215
0.2962962962962963,-0.25925925925925924,0.690171651719356
0.33333333333333326,-0.25925925925925924,0.6652441220481191
0.37037037037037024,-0.25925925925925924,0.6285954238886006
0.40740740740740744,-0.25925925925925924,0.6070146195544622
0.4444444444444444,-0.25925925925925924,0.5553024391085456
0.4814814814814814,-0.25925925925925924,0.5019599815699655
0.5185185185185184,-0.25925925925925924,0.44726950245639324
0.5555555555555554,-0.25925925925925924,0.43748694082919953
0.5925925925925926,-0.25925925925925924,0.3168717672136651
0.6296296296296295,-0.25925925925925924,0.2772774562700781
0.6666666666666665,-0.25925925925925924,0.2367275571839889
0.7037037037037037,-0.25925925925925924,0.19808166762886106
0.7407407407407407,-0.25925925925925924,0.13965756468227514
0.7777777777777777,-0.25925925925925924,0.11390452350144797
0.8148148148148147,-0.25925925925925924,0.07928252260805427
0.8518518518518516,-0.25925925925925924,0.09259541255523085
0.8888888888888888,-0.25925925925925924,0.03607981309014067
0.9259259259259258,-0.25925925925925924,0.03683225616366683
0.9629629629629628,-0.25925925925925924,0.011775030743016326
1.0,-0.25925925925925924,0.026970251819047487
-1.0,-0.23333333333333328,0.17695788180690783
-0.962962962962963,-0.23333333333333328,0.19759778145552873
-0.9259259259259259,-0.23333333333333328,0.14771533090362693
-0.8888888888888888,-0.23333333333333328,0.13195285264378262
-0.8518518518518519,-0.23333333333333328,0.10544613253524024
-0.8148148148148149,-0.23333333333333328,0.07989022656046695
-0.7777777777777778,-0.23333333333333328,0.030394322192306603
-0.7407407407407407,-0.23333333333333328,-0.02566731168368653
-0.7037037037037037,-0.23333333333333328,-0.06842681250529062
-0.6666666666666667,-0.23333333333333328,-0.08693390208898871
-0.6296296296296297,-0.23333333333333328,-0.11023964532743193
-0.5925925925925926,-0.23333333333333328,-0.15250495814728057
-0.5555555555555556,-0.23333333333333328,-0.20168794811329238
-0.5185185185185186,-0.23333333333333328,-0.22930100353069263
-0.4814814814814815,-0.23333333333333328,-0.2741611701842304
-0.4444444444444444,-0.23333333333333328,-0.29866628699263986
-0.40740740740740744,-0.23333333333333328,-0.3022959096473976
-0.37037037037037046,-0.23333333333333328,-0.2927606823902896
-0.33333333333333337,-0.23333333333333328,-0.28401452775864305
-0.2962962962962963,-0.23333333333333328,-0.2780261313680973
-0.2592592592592593,-0.23333333333333328,-0.2714980326921363
-0.22222222222222232,-0.23333333333333328,-0.21411849953747286
-0.18518518518518523,-0.23333333333333328,-0.1823497937538432
-0.14814814814814814,-0.23333333333333328,-0.06065103259049162
-0.11111111111111116,-0.23333333333333328,0.002710354654021518
-0.07407407407407418,-0.23333333333333328,0.11112940594267012
-0.03703703703703709,-0.23333333333333328,0.20407233773241512
0.0,-0.23333333333333328,0.2760953560450597
0.03703703703703698,-0.23333333333333328,0.3819479971950627
0.07407407407407396,-0.23333333333333328,0.45958159273779464
0.11111111111111116,-0.23333333333333328,0.518157410340188
0.14814814814814814,-0.23333333333333328,0.6149957920250649
0.18518518518518512,-0.23333333333333328,0.6654117217276783
0.2222222222222221,-0.23333333333333328,0.703551104695428
0.2592592592592591,-0.23333333333333328,0.7455496127078632
0.2962962962962963,-0.23333333333333328,0.7104093991815761
0.33333333333333326,-0.23333333333333328,0.6881804181433185
0.37037037037037024,-0.23333333333333328,0.696842163735776
0.40740740740740744,-0.23333333333333328,0.6600084577633102
0.4444444444444444,-0.23333333333333328,0.6005193961511249
0.4814814814814814,-0.23333333333333328,0.5349276116451034
0.5185185185185184,-0.23333333333333328,0.4759995681795288
0.5555555555555554,-0.23333333333333328,0.41258253764111785
0.5925925925925926,-0.23333333333333328,0.34965377182672436
0.6296296296296295,-0.23333333333333328,0.28553832570722193
0.6666666666666665,-0.23333333333333328,0.2554687397256963
0.7037037037037037,-0.23333333333333328,0.18220191716453282
0.7407407407407407,-0.23333333333333328,0.13028847296284587
0.7777777777777777,-0.23333333333333328,0.11611805163325294
0.8148148148148147,-0.23333333333333328,0.0772498344100107
0.8518518518518516,-0.23333333333333328,0.05177886589761979
0.8888888888888888,-0.23333333333333328,0.0563033825918867
0.9259259259259258,-0.23333333333333328,0.016812854708989383
0.9629629629629628,-0.23333333333333328,0.009496694783754846
1.0,-0.23333333333333328,0.007589225594075811
-1.0,-0.20740740740740737,0.1560489599221003
-0.962962962962963,-0.20740740740740737,0.1530545949857658
-0.9259259259259259,-0.20740740740740737,0.13992032870004137
-0.8888888888888888,-0.20740740740740737,0.107316733465489
-0.8518518518518519,-0.20740740740740737,0.08241094139778973
-0.8148148148148149,-0.20740740740740737,0.10524407465694934
-0.7777777777777778,-0.20740740740740737,0.04515287711897494
-0.7407407407407407,-0.20740740740740737,-8.245941928663146e-06
-0.7037037037037037,-0.20740740740740737,-0.02541916280593353
-0.6666666666666667,-0.20740740740740737,-0.07125443390929753
-0.6296296296296297,-0.20740740740740737,-0.11431607827913193
-0.5925925925925926,-0.20740740740740737,-0.1632340983012112
-0.5555555555555556,-0.20740740740740737,-0.20100657848520073
-0.5185185185185186,-0.20740740740740737,-0.2391288074251043
-0.4814814814814815,-0.20740740740740737,-0.23751310374784423
-0.4444444444444444,-0.20740740740740737,-0.28958453930002687
-0.40740740740740744,-0.20740740740740737,-0.29224839801943026
-0.37037037037037046,-0.20740740740740737,-0.2946916300674262
-0.33333333333333337,-0.20740740740740737,-0.32153457324195955
-0.2962962962962963,-0.20740740740740737,-0.25661411089660296
-0.2592592592592593,-0.20740740740740737,-0.2358653376962753
-0.22222222222222232,-0.20740740740740737,-0.21843814084954608
-0.18518518518518523,-0.20740740740740737,-0.11004237823275646
-0.14814814814814814,-0.20740740740740737,-0.0455368474028804
-0.11111111111111116,-0.20740740740740737,0.026756356734305535
-0.07407407407407418,-0.20740740740740737,0.10324638524782617
-0.03703703703703709,-0.20740740740740737,0.19521007492737333
0.0,-0.20740740740740737,0.30401295423337565
0.03703703703703698,-0.20740740740740737,0.39598843468852657
0.07407407407407396,-0.20740740740740737,0.5087650870969169
0.11111111111111116,-0.20740740740740737,0.5858355127874446
0.14814814814814814,-0.20740740740740737,0.6629581703409757
0.18518518518518512,-0.20740740740740737,0.7054475930250204
0.2222222222222221,-0.20740740740740737,0.7389519665189017
0.2592592592592591,-0.20740740740740737,0.7584934541060184
0.2962962962962963,-0.20740740740740737,0.7604454145189219
0.33333333333333326,-0.20740740740740737,0.7475909173116361
0.37037037037037024,-0.20740740740740737,0.7247314676840361
0.40740740740740744,-0.20740740740740737,0.6792324003608232
0.4444444444444444,-0.20740740740740737,0.6219923929994395
0.4814814814814814,-0.20740740740740737,0.5970802404274433
0.5185185185185184,-0.20740740740740737,0.4977031199086834
0.5555555555555554,-0.20740740740740737,0.43479653931440665
0.5925925925925926,-0.20740740740740737,0.3622127557839502
0.6296296296296295,-0.20740740740740737,0.31937326414095446
0.6666666666666665,-0.20740740740740737,0.26177742590896186
0.7037037037037037,-0.20740740740740737,0.20109639812994187
0.7407407407407407,-0.20740740740740737,0.17253422856038345
0.7777777777777777,-0.20740740740740737,0.13065031921169412
0.8148148148148147,-0.20740740740740737,0.07258930918373452
0.8518518518518516,-0.20740740740740737,0.04950650109496669
0.8888888888888888,-0.20740740740740737,0.03543095301148304
0.9259259259259258,-0.20740740740740737,0.03736104244396068
0.9629629629629628,-0.20740740740740737,0.013660936930615257
1.0,-0.20740740740740737,-0.006735003454501499
-1.0,-0.18148148148148147,0.1317173675757058
-0.962962962962963,-0.18148148148148147,0.13325990285526557
-0.9259259259259259,-0.18148148148148147,0.12133506336814234
-0.8888888888888888,-0.18148148148148147,0.10903334882419545
-0.8518518518518519,-0.18148148148148147,0.08443745036377041
-0.8148148148148149,-0.18148148148148147,0.06498170611587335
-0.7777777777777778,-0.18148148148148147,0.03047224686554492
-0.7407407407407407,-0.18148148148148147,-0.0111081243452445
-0.7037037037037037,-0.18148148148148147,-0.05505855854260629
-0.6666666666666667,-0.18148148148148147,-0.07422675005785295
-0.6296296296296297,-0.18148148148148147,-0.10454239112479585
-0.5925925925925926,-0.18148148148148147,-0.16045204025987178
-0.5555555555555556,-0.18148148148148147,-0.19669695214573363
-0.5185185185185186,-0.18148148148148147,-0.20981581709166894
-0.4814814814814815,-0.18148148148148147,-0.2245601806252253
-0.4444444444444444,-0.18148148148148147,-0.2497221788595685
-0.40740740740740744,-0.18148148148148147,-0.2918035686167761
-0.37037037037037046,-0.18148148148148147,-0.29661372861812885
-0.33333333333333337,-0.18148148148148147,-0.28050917997503505
-0.2962962962962963,-0.18148148148148147,-0.2518045466529898
-0.2592592592592593,-0.18148148148148147,-0.2141884634211696
-0.22222222222222232,-0.18148148148148147,-0.19748389281097323
-0.18518518518518523,-0.18148148148148147,-0.0896275736004319
-0.14814814814814814,-0.18148148148148147,-0.021648974513790865
-0.11111111111111116,-0.18148148148148147,0.04334583285657059
-0.07407407407407418,-0.18148148148148147,0.15039769400323857
-0.03703703703703709,-0.18148148148148147,0.23104532900140465
0.0,-0.18148148148148147,0.3399265763746823
0.03703703703703698,-0.18148148148148147,0.461185508517306
0.07407407407407396,-0.18148148148148147,0.5134251438052525
0.11111111111111116,-0.18148148148148147,0.6090597271455663
0.14814814814814814,-0.18148148148148147,0.6815076792450303
0.18518518518518512,-0.18148148148148147,0.740175621642169
0.2222222222222221,-0.18148148148148147,0.7881260229852484
0.2592592592592591,-0.18148148148148147,0.8025326541572173
0.2962962962962963,-0.18148148148148147,0.8323515821643063
0.33333333333333326,-0.18148148148148147,0.775734086536016
0.37037037037037024,-0.18148148148148147,0.7677579871367661
0.40740740740740744,-0.18148148148148147,0.7044400573264427
0.4444444444444444,-0.18148148148148147,0.6587517711169748
0.4814814814814814,-0.18148148148148147,0.5863182363794612
0.5185185185185184,-0.18148148148148147,0.5151828214036561
0.5555555555555554,-0.18148148148148147,0.44143294635405067
0.5925925925925926,-0.18148148148148147,0.37837132029881804
0.6296296296296295,-0.18148148148148147,0.3032225306496492
0.6666666666666665,-0.18148148148148147,0.25124667109583443
0.7037037037037037,-0.18148148148148147,0.1749995913127346
0.7407407407407407,-0.18148148148148147,0.1594677149751928
0.7777777777777777,-0.18148148148148147,0.11318428978662166
0.8148148148148147,-0.18148148148148147,0.0911830487042615
0.8518518518518516,-0.18148148148148147,0.05820183082713907
0.8888888888888888,-0.18148148148148147,0.06717621494177009
0.9259259259259258,-0.18148148148148147,0.03392931774807736
0.9629629629629628,-0.18148148148148147,0.02354306813085783
1.0,-0.18148148148148147,0.03596440503100461
-1.0,-0.15555555555555556,0.09161043307187576
-0.962962962962963,-0.15555555555555556,0.1036227758743452
-0.9259259259259259,-0.15555555555555556,0.07237983419324555
-0.8888888888888888,-0.15555555555555556,0.06656535623300253
-0.8518518518518519,-0.15555555555555556,0.05051239030759527
-0.8148148148148149,-0.15555555555555556,0.06701289147424662
-0.7777777777777778,-0.15555555555555556,0.00472521702801831
-0.7407407407407407,-0.15555555555555556,-0.0026821992548447544
-0.7037037037037037,-0.15555555555555556,-0.03758132493303521
-0.6666666666666667,-0.15555555555555556,-0.05845532177172781
-0.6296296296296297,-0.15555555555555556,-0.11838177216621
-0.5925925925925926,-0.15555555555555556,-0.16945762623256272
-0.5555555555555556,-0.15555555555555556,-0.2006357894037978
-0.5185185185185186,-0.15555555555555556,-0.1913168129012442
-0.4814814814814815,-0.15555555555555556,-0.22832484678962936
-0.4444444444444444,-0.15555555555555556,-0.2334810868713371
-0.40740740740740744,-0.15555555555555556,-0.24159359918288856
-0.37037037037037046,-0.15555555555555556,-0.25933314314390354
-0.33333333333333337,-0.15555555555555556,-0.2527487533286992
-0.2962962962962963,-0.15555555555555556,-0.219163289352684
-0.2592592592592593,-0.15555555555555556,-0.20941361591195576
-0.22222222222222232,-0.15555555555555556,-0.14399928097275214
-0.18518518518518523,-0.15555555555555556,-0.07548575547422899
-0.14814814814814814,-0.15555555555555556,0.012366251220965747
-0.11111111111111116,-0.15555555555555556,0.06185913980507685
-0.07407407407407418,-0.15555555555555556,0.15503337768205794
-0.03703703703703709,-0.15555555555555556,0.29973449481567094
0.0,-0.15555555555555556,0.39280546388555526
0.03703703703703698,-0.15555555555555556,0.4779800073226676
0.07407407407407396,-0.15555555555555556,0.5711803456544569
0.11111111111111116,-0.15555555555555556,0.6637745083882723
0.14814814814814814,-0.15555555555555556,0.7122374407520461
0.18518518518518512,-0.15555555555555556,0.7800492994654946
0.2222222222222221,-0.15555555555555556,0.8454063246884262
0.2592592592592591,-0.15555555555555556,0.8645946512040515
0.2962962962962963,-0.15555555555555556,0.8736520309722068
0.33333333333333326,-0.15555555555555556,0.8375907865468801
0.37037037037037024,-0.15555555555555556,0.8131331850184687
0.40740740740740744,-0.15555555555555556,0.7239866467959847
0.4444444444444444,-0.15555555555555556,0.6639987652831276
0.4814814814814814,-0.15555555555555556,0.5729795119442235
0.5185185185185184,-0.15555555555555556,0.5230467835176975
0.5555555555555554,-0.15555555555555556,0.44359067786670614
0.5925925925925926,-0.15555555555555556,0.41009661479010073
0.6296296296296295,-0.15555555555555556,0.3444590461386111
0.6666666666666665,-0.15555555555555556,0.25159510845614785
0.7037037037037037,-0.15555555555555556,0.19386308049559506
0.7407407407407407,-0.15555555555555556,0.18638929090331544
0.7777777777777777,-0.15555555555555556,0.1521775884964825
0.8148148148148147,-0.15555555555555556,0.08204617729478209
0.8518518518518516,-0.15555555555555556,0.07842256185457237
0.8888888888888888,-0.15555555555555556,0.07592396119061018
0.9259259259259258,-0.15555555555555556,0.0433364017633751
0.9629629629629628,-0.15555555555555556,0.05085985644867198
1.0,-0.15555555555555556,0.02018735556253336
-1.0,-0.12962962962962965,0.07496040917611765
-0.962962962962963,-0.12962962962962965,0.06063328914399341
-0.9259259259259259,-0.12962962962962965,0.025653058741012827
-0.8888888888888888,-0.12962962962962965,0.03799430671346055
-0.8518518518518519,-0.12962962962962965,0.015476626324406412
-0.8148148148148149,-0.12962962962962965,0.02730049716304703
-0.7777777777777778,-0.12962962962962965,-0.03248297195787264
-0.7407407407407407,-0.12962962962962965,-0.039112221257868916
-0.7037037037037037,-0.12962962962962965,-0.06484514229240536
-0.6666666666666667,-0.12962962962962965,-0.08710395637159267
-0.6296296296296297,-0.12962962962962965,-0.12590010600402027
-0.5925925925925926,-0.12962962962962965,-0.12637495057031864
-0.5555555555555556,-0.12962962962962965,-0.17872864593475823
-0.5185185185185186,-0.12962962962962965,-0.20834100477379103
-0.4814814814814815,-0.12962962962962965,-0.22906141176128506
-0.4444444444444444,-0.12962962962962965,-0.2309449370468747
-0.40740740740740744,-0.12962962962962965,-0.2741506150292915
-0.37037037037037046,-0.12962962962962965,-0.2575719395048849
-0.33333333333333337,-0.12962962962962965,-0.22965466936495665
-0.2962962962962963,-0.12962962962962965,-0.21354166729912638
-0.2592592592592593,-0.12962962962962965,-0.15877543473862238
-0.22222222222222232,-0.12962962962962965,-0.1340237285487367
-0.18518518518518523,-0.12962962962962965,-0.010505729273416576
-0.14814814814814814,-0.12962962962962965,0.04429005474014787
-0.11111111111111116,-0.12962962962962965,0.13032986802337182
-0.07407407407407418,-0.12962962962962965,0.2106817338957834
-0.03703703703703709,-0.12962962962962965,0.3402423291547088
0.0,-0.12962962962962965,0.4458632282705395
0.03703703703703698,-0.12962962962962965,0.52600576433311
0.07407407407407396,-0.12962962962962965,0.6280433577007744
0.11111111111111116,-0.12962962962962965,0.6931062072205336
0.14814814814814814,-0.12962962962962965,0.7902928400873007
0.18518518518518512,-0.12962962962962965,0.8434587437854074
0.2222222222222221,-0.12962962962962965,0.8953591782681
0.2592592592592591,-0.12962962962962965,0.9043903233366609
0.2962962962962963,-0.12962962962962965,0.9124855570489162
0.33333333333333326,-0.12962962962962965,0.8706022876045398
0.37037037037037024,-0.12962962962962965,0.8372825298023863
0.40740740740740744,-0.12962962962962965,0.7786140863824192
0.4444444444444444,-0.12962962962962965,0.7173314045418343
0.4814814814814814,-0.12962962962962965,0.6357384742117561
0.5185185185185184,-0.12962962962962965,0.568081970180302
0.5555555555555554,-0.12962962962962965,0.48442998561763495
0.5925925925925926,-0.12962962962962965,0.43517484961376024
0.6296296296296295,-0.12962962962962965,0.3548618678481077
0.6666666666666665,-0.12962962962962965,0.2877876638176366
0.7037037037037037,-0.12962962962962965,0.2228102049617202
0.7407407407407407,-0.12962962962962965,0.1957281314454248
0.7777777777777777,-0.12962962962962965,0.14089241049825452
0.8148148148148147,-0.12962962962962965,0.11351643365627803
0.8518518518518516,-0.12962962962962965,0.07149286583937262
0.8888888888888888,-0.12962962962962965,0.06198368157675826
0.9259259259259258,-0.12962962962962965,0.03103588883492414
0.9629629629629628,-0.12962962962962965,0.019362957718858334
1.0,-0.12962962962962965,0.011716197900342801
-1.0,-0.10370370370370363,0.06265055646385329
-0.962962962962963,-0.10370370370370363,0.033782338669340814
-0.9259259259259259,-0.10370370370370363,0.04481092636651893
-0.8888888888888888,-0.10370370370370363,-0.0020406999433759954
-0.8518518518518519,-0.10370370370370363,0.0018648783843379715
-0.8148148148148149,-0.10370370370370363,-0.02941640426498124
-0.7777777777777778,-0.10370370370370363,-0.03740384629706778
-0.7407407407407407,-0.10370370370370363,-0.04174392958126687
-0.7037037037037037,-0.10370370370370363,-0.06922584140721713
-0.6666666666666667,-0.10370370370370363,-0.13072146757013667
-0.6296296296296297,-0.10370370370370363,-0.13469052170933674
-0.5925925925925926,-0.10370370370370363,-0.15966212673351576
-0.5555555555555556,-0.10370370370370363,-0.19903018717811682
-0.5185185185185186,-0.10370370370370363,-0.22331763441747574
-0.4814814814814815,-0.10370370370370363,-0.2457532715024829
-0.4444444444444444,-0.10370370370370363,-0.2387324996380892
-0.40740740740740744,-0.10370370370370363,-0.26167365174992374
-0.37037037037037046,-0.10370370370370363,-0.23529432061095412
-0.33333333333333337,-0.10370370370370363,-0.20935230139169222
-0.2962962962962963,-0.10370370370370363,-0.18852679820453638
-0.2592592592592593,-0.10370370370370363,-0.14955983775930734
-0.22222222222222232,-0.10370370370370363,-0.062304481831481615
-0.18518518518518523,-0.10370370370370363,-0.005188043349373956
-0.14814814814814814,-0.10370370370370363,0.05712504554319514
-0.11111111111111116,-0.10370370370370363,0.16898559878175773
-0.07407407407407418,-0.10370370370370363,0.2772342589545646
-0.03703703703703709,-0.10370370370370363,0.3677984553396674
0.0,-0.10370370370370363,0.4886696510694816
0.03703703703703698,-0.10370370370370363,0.5885129469483712
0.07407407407407396,-0.10370370370370363,0.6875082342069111
0.11111111111111116,-0.10370370370370363,0.7628626271838808
0.14814814814814814,-0.10370370370370363,0.8324667008201406
0.18518518518518512,-0.10370370370370363,0.9101027833922137
0.2222222222222221,-0.10370370370370363,0.9345043182890773
0.2592592592592591,-0.10370370370370363,0.952381797829555
0.2962962962962963,-0.10370370370370363,0.9501539195745734
0.33333333333333326,-0.10370370370370363,0.9219630019920795
0.37037037037037024,-0.10370370370370363,0.8804445024997566
0.40740740740740744,-0.10370370370370363,0.8230700740616975
0.4444444444444444,-0.10370370370370363,0.7513010505559309
0.4814814814814814,-0.10370370370370363,0.6664118917223758
0.5185185185185184,-0.10370370370370363,0.6071437037230022
0.5555555555555554,-0.10370370370370363,0.5196283817242986
0.5925925925925926,-0.10370370370370363,0.4332689283979193
0.6296296296296295,-0.10370370370370363,0.37735705764268834
0.6666666666666665,-0.10370370370370363,0.3262010504135669
0.7037037037037037,-0.10370370370370363,0.22591956820922104
0.7407407407407407,-0.10370370370370363,0.19198775172353685
0.7777777777777777,-0.10370370370370363,0.16524084448528242
0.8148148148148147,-0.10370370370370363,0.09077088364929638
0.8518518518518516,-0.10370370370370363,0.08318309114645392
0.8888888888888888,-0.10370370370370363,0.059833446255848945
0.9259259259259258,-0.10370370370370363,0.035239673675063296
0.9629629629629628,-0.10370370370370363,0.05486558294080162
1.0,-0.10370370370370363,0.033833207900591564
-1.0,-0.07777777777777772,0.008214479407971256
-0.962962962962963,-0.07777777777777772,-0.018164087083053827
-0.9259259259259259,-0.07777777777777772,-0.0056989910334122275
-0.8888888888888888,-0.07777777777777772,-0.03280195152318456
-0.8518518518518519,-0.07777777777777772,-0.02794945594004336
-0.8148148148148149,-0.07777777777777772,-0.05766373002171689
-0.7777777777777778,-0.07777777777777772,-0.06888898229481029
-0.7407407407407407,-0.07777777777777772,-0.07409067570517208
-0.7037037037037037,-0.07777777777777772,-0.10803689567112758
-0.6666666666666667,-0.07777777777777772,-0.14767668933425163
-0.6296296296296297,-0.07777777777777772,-0.1699946314496637
-0.5925925925925926,-0.07777777777777772,-0.20384640779020033
-0.5555555555555556,-0.07777777777777772,-0.2005457002461768
-0.5185185185185186,-0.07777777777777772,-0.24111418957121153
-0.4814814814814815,-0.07777777777777772,-0.24691836314255558
-0.4444444444444444,-0.07777777777777772,-0.263090500535249
-0.40740740740740744,-0.07777777777777772,-0.2360787283904926
-0.37037037037037046,-0.07777777777777772,-0.19424745569000226
-0.33333333333333337,-0.07777777777777772,-0.20251187897705442
-0.2962962962962963,-0.07777777777777772,-0.16409995720424564
-0.2592592592592593,-0.07777777777777772,-0.11458673908944175
-0.22222222222222232,-0.07777777777777772,-0.04183699581808215
-0.18518518518518523,-0.07777777777777772,0.03791453948200374
-0.14814814814814814,-0.07777777777777772,0.15486665806057545
-0.11111111111111116,-0.07777777777777772,0.2335135922550555
-0.07407407407407418,-0.07777777777777772,0.3222661209875828
-0.03703703703703709,-0.07777777777777772,0.4116695234651221
0.0,-0.07777777777777772,0.55417457914197
0.03703703703703698,-0.07777777777777772,0.6468988124800082
0.07407407407407396,-0.07777777777777772,0.7272213445238874
0.11111111111111116,-0.07777777777777772,0.8289401336077129
0.14814814814814814,-0.07777777777777772,0.8976496739105725
0.18518518518518512,-0.07777777777777772,0.9677572966819947
0.2222222222222221,-0.07777777777777772,0.9920139643826071
0.2592592592592591,-0.07777777777777772,0.9879238548265846
0.2962962962962963,-0.07777777777777772,0.9967802135695778
0.33333333333333326,-0.07777777777777772,0.9876803306538814
0.37037037037037024,-0.07777777777777772,0.925110068055658
0.40740740740740744,-0.07777777777777772,0.8537117728030117
0.4444444444444444,-0.07777777777777772,0.7798474320650328
0.4814814814814814,-0.07777777777777772,0.7432428085809116
0.5185185185185184,-0.07777777777777772,0.6439168115845477
0.5555555555555554,-0.07777777777777772,0.5285744763388246
0.5925925925925926,-0.07777777777777772,0.46894848112172666
0.6296296296296295,-0.07777777777777772,0.4032675580104162
0.6666666666666665,-0.07777777777777772,0.3274140337772039
0.7037037037037037,-0.07777777777777772,0.24652583442315645
0.7407407407407407,-0.07777777777777772,0.1986823506755863
0.7777777777777777,-0.07777777777777772,0.12678251592394235
0.8148148148148147,-0.07777777777777772,0.11512783641418678
0.8518518518518516,-0.07777777777777772,0.08649261331121015
0.8888888888888888,-0.07777777777777772,0.0778760916904694
0.9259259259259258,-0.07777777777777772,0.04378502127755733
0.9629629629629628,-0.07777777777777772,0.025808898355010556
1.0,-0.07777777777777772,0.04734424296773562
-1.0,-0.051851851851851816,0.0013009938223068618
-0.962962962962963,-0.051851851851851816,-0.03081048683342815
-0.9259259259259259,-0.051851851851851816,-0.06497515772619936
-0.8888888888888888,-0.051851851851851816,-0.07311046558385252
-0.8518518518518519,-0.051851851851851816,-0.06537823371424505
-0.8148148148148149,-0.051851851851851816,-0.08168791163230042
-0.7777777777777778,-0.051851851851851816,-0.10366089486012178
-0.7407407407407407,-0.051851851851851816,-0.1109441816036344
-0.7037037037037037,-0.051851851851851816,-0.1199615968981258
-0.6666666666666667,-0.051851851851851816,-0.1582977162604615
-0.6296296296296297,-0.051851851851851816,-0.18820967469321917
-0.5925925925925926,-0.051851851851851816,-0.2092793314157136
-0.5555555555555556,-0.051851851851851816,-0.25189416753502103
-0.5185185185185186,-0.051851851851851816,-0.22912038915173075
-0.4814814814814815,-0.051851851851851816,-0.2533817745779582
-0.4444444444444444,-0.051851851851851816,-0.2352271100286854
-0.40740740740740744,-0.051851851851851816,-0.25757768635951134
-0.37037037037037046,-0.051851851851851816,-0.22463624875847735
-0.33333333333333337,-0.051851851851851816,-0.21390754136172785
-0.2962962962962963,-0.051851851851851816,-0.15104329440568687
-0.2592592592592593,-0.051851851851851816,-0.06469567810617469
-0.22222222222222232,-0.051851851851851816,-0.03329780701650762
-0.18518518518518523,-0.051851851851851816,0.051433010928892284
-0.14814814814814814,-0.051851851851851816,0.14210520004256533
-0.11111111111111116,-0.051851851851851816,0.2547690510266556
-0.07407407407407418,-0.051851851851851816,0.3419774472230402
-0.03703703703703709,-0.051851851851851816,0.4605664857561624
0.0,-0.051851851851851816,0.5590998949425366
0.03703703703703698,-0.051851851851851816,0.7278763506274885
0.07407407407407396,-0.051851851851851816,0.7773172829279414
0.11111111111111116,-0.051851851851851816,0.8716266953098581
0.14814814814814814,-0.051851851851851816,0.9291531673390714
0.18518518518518512,-0.051851851851851816,1.002507195606745
0.2222222222222221,-0.051851851851851816,1.0312764868529747
0.2592592592592591,-0.051851851851851816,1.0187571934172392
0.2962962962962963,-0.051851851851851816,1.0823690766967806
0.33333333333333326,-0.051851851851851816,1.0031185612540547
0.37037037037037024,-0.051851851851851816,0.955629078348723
0.40740740740740744,-0.051851851851851816,0.9102385725970003
0.4444444444444444,-0.051851851851851816,0.7928177518473356
0.4814814814814814,-0.051851851851851816,0.7385266389312762
0.5185185185185184,-0.051851851851851816,0.6353734053495256
0.5555555555555554,-0.051851851851851816,0.5568720980598223
0.5925925925925926,-0.051851851851851816,0.47596249461558005
0.6296296296296295,-0.051851851851851816,0.36693725523982634
0.6666666666666665,-0.051851851851851816,0.3232637249690398
0.7037037037037037,-0.051851851851851816,0.2711859806169783
0.7407407407407407,-0.051851851851851816,0.19704471378844554
0.7777777777777777,-0.051851851851851816,0.16759029135928913
0.8148148148148147,-0.051851851851851816,0.12231824238006882
0.8518518518518516,-0.051851851851851816,0.11563977667260072
0.8888888888888888,-0.051851851851851816,0.06831639073999594
0.9259259259259258,-0.051851851851851816,0.056245858484757986
0.9629629629629628,-0.051851851851851816,0.03837583321550615
1.0,-0.051851851851851816,0.022347937756267082
-1.0,-0.025925925925925908,-0.005029202935782632
-0.962962962962963,-0.025925925925925908,-0.03346424184743864
-0.9259259259259259,-0.025925925925925908,-0.04719704070990717
-0.8888888888888888,-0.025925925925925908,-0.055792444091763684
-0.8518518518518519,-0.025925925925925908,-0.0521477063854086
-0.8148148148148149,-0.025925925925925908,-0.11542147667575983
-0.7777777777777778,-0.025925925925925908,-0.10259703547870483
-0.7407407407407407,-0.025925925925925908,-0.16075461547046493
-0.7037037037037037,-0.025925925925925908,-0.1700290864333512
-0.6666666666666667,-0.025925925925925908,-0.17993763396552978
-0.6296296296296297,-0.025925925925925908,-0.19397404430635506
-0.5925925925925926,-0.025925925925925908,-0.24397085739626878
-0.5555555555555556,-0.025925925925925908,-0.22922840377746317
-0.5185185185185186,-0.025925925925925908,-0.24790069931015463
-0.4814814814814815,-0.025925925925925908,-0.22726159706026258
-0.4444444444444444,-0.025925925925925908,-0.27785725883826373
-0.40740740740740744,-0.025925925925925908,-0.23783140523706486
-0.37037037037037046,-0.025925925925925908,-0.22940050163766054
-0.33333333333333337,-0.025925925925925908,-0.1932644168313656
-0.2962962962962963,-0.025925925925925908,-0.14079936059649928
-0.2592592592592593,-0.025925925925925908,-0.08885599859293987
-0.22222222222222232,-0.025925925925925908,-0.001378234392885886
-0.18518518518518523,-0.025925925925925908,0.07752848838159733
-0.14814814814814814,-0.025925925925925908,0.1562754464633616
-0.11111111111111116,-0.025925925925925908,0.3105998809237105
-0.07407407407407418,-0.025925925925925908,0.3877714600581589
-0.03703703703703709,-0.025925925925925908,0.4748573188047488
0.0,-0.025925925925925908,0.612453269788679
0.03703703703703698,-0.025925925925925908,0.7275691038841957
0.07407407407407396,-0.025925925925925908,0.8247895779551472
0.11111111111111116,-0.025925925925925908,0.9150869982157366
0.14814814814814814,-0.025925925925925908,1.012531737214773
0.18518518518518512,-0.025925925925925908,1.040493677833777
0.2222222222222221,-0.025925925925925908,1.0765437691028332
0.2592592592592591,-0.025925925925925908,1.0876658781529607
0.2962962962962963,-0.025925925925925908,1.0800957707661847
0.33333333333333326,-0.025925925925925908,1.0451389972683882
0.37037037037037024,-0.025925925925925908,1.0077642301036855
0.40740740740740744,-0.025925925925925908,0.9574721465644481
0.4444444444444444,-0.025925925925925908,0.8659976690615446
0.4814814814814814,-0.025925925925925908,0.7810884819299952
0.5185185185185184,-0.025925925925925908,0.6822324282755314
0.5555555555555554,-0.025925925925925908,0.5916729982946092
0.5925925925925926,-0.025925925925925908,0.4901173894807485
0.6296296296296295,-0.025925925925925908,0.45779417188982496
0.6666666666666665,-0.025925925925925908,0.35106996396973056
0.7037037037037037,-0.025925925925925908,0.2738165352048499
0.7407407407407407,-0.025925925925925908,0.2308678609173793
0.7777777777777777,-0.025925925925925908,0.17784878339937527
0.8148148148148147,-0.025925925925925908,0.15759227642565124
0.8518518518518516,-0.025925925925925908,0.11303333508649167
0.8888888888888888,-0.025925925925925908,0.06443095872378043
0.9259259259259258,-0.025925925925925908,0.05233007738374541
0.9629629629629628,-0.025925925925925908,0.031031156835160726
1.0,-0.025925925925925908,0.029653416416167987
-1.0,0.0,-0.06224468748560209
-0.962962962962963,0.0,-0.024816534330566888
-0.9259259259259259,0.0,-0.05790910125490166
-0.8888888888888888,0.0,-0.07629975333653513
-0.8518518518518519,0.0,-0.09259850563477001
-0.8148148148148149,0.0,-0.10706492432663701
-0.7777777777777778,0.0,-0.15001783568352206
-0.7407407407407407,0.0,-0.15796678066896797
-0.7037037037037037,0.0,-0.15840282804414338
-0.6666666666666667,0.0,-0.18360531433016672
-0.6296296296296297,0.0,-0.24280302740794163
-0.5925925925925926,0.0,-0.2520332020466151
-0.5555555555555556,0.0,-0.2641996383932656
-0.5185185185185186,0.0,-0.2968916204129617
-0.4814814814814815,0.0,-0.28152491752199454
-0.4444444444444444,0.0,-0.2675954575615482
-0.40740740740740744,0.0,-0.24509525648771857
-0.37037037037037046,0.0,-0.22992869615861483
-0.33333333333333337,0.0,-0.2119904022162594
-0.2962962962962963,0.0,-0.144638751103958
-0.2592592592592593,0.0,-0.09045650158407666
-0.22222222222222232,0.0,0.010718085138963255
-0.18518518518518523,0.0,0.09688070886920078
-0.14814814814814814,0.0,0.17494186000350984
-0.11111111111111116,0.0,0.3093531784448301
-0.07407407407407418,0.0,0.39931025195591247
-0.03703703703703709,0.0,0.5266149968045014
0.0,0.0,0.6612677299589644
0.03703703703703698,0.0,0.7635606152846459
0.07407407407407396,0.0,0.8552595933420796
0.11111111111111116,0.0,0.9538242137769407
0.14814814814814814,0.0,1.068084039804156
0.18518518518518512,0.0,1.0822760077020033
0.2222222222222221,0.0,1.1274336375927765
0.2592592592592591,0.0,1.1195539109980401
0.2962962962962963,0.0,1.1344281343359288
0.33333333333333326,0.0,1.0892085047179751
0.37037037037037024,0.0,1.0591874144921163
0.40740740740740744,0.0,0.9681693569652763
0.4444444444444444,0.0,0.9126374378756913
0.4814814814814814,0.0,0.8171571695617647
0.5185185185185184,0.0,0.7304469464787259
0.5555555555555554,0.0,0.6411457884554812
0.5925925925925926,0.0,0.5558630301838248
0.6296296296296295,0.0,0.4468999742756788
0.6666666666666665,0.0,0.3545356861213132
0.7037037037037037,0.0,0.3115242212234752
0.7407407407407407,0.0,0.26372584687255285
0.7777777777777777,0.0,0.1849097615416569
0.8148148148148147,0.0,0.17463788947602477
0.8518518518518516,0.0,0.1102546940388812
0.8888888888888888,0.0,0.09764140176340536
0.9259259259259258,0.0,0.07347935417274061
0.9629629629629628,0.0,0.05680775125483003
1.0,0.0,0.0627921389964436
-1.0,0.025925925925925908,-0.05984236282862593
-0.962962962962963,0.025925925925925908,-0.0684392010895577
-0.9259259259259259,0.025925925925925908,-0.07523964663070007
-0.8888888888888888,0.025925925925925908,-0.08046549466524852
-0.8518518518518519,0.025925925925925908,-0.11488095994874342
-0.8148148148148149,0.025925925925925908,-0.10211966502314318
-0.7777777777777778,0.025925925925925908,-0.14266961590221364
-0.7407407407407407,0.025925925925925908,-0.1663514570957267
-0.7037037037037037,0.025925925925925908,-0.1951233627624636
-0.6666666666666667,0.025925925925925908,-0.1969243614089261
-0.6296296296296297,0.025925925925925908,-0.21103885954098153
-0.5925925925925926,0.025925925925925908,-0.28681317410832813
-0.5555555555555556,0.025925925925925908,-0.2568590333227775
-0.5185185185185186,0.025925925925925908,-0.29021497439668525
-0.4814814814814815,0.025925925925925908,-0.27055322699628315
-0.4444444444444444,0.025925925925925908,-0.26833146355533843
-0.40740740740740744,0.025925925925925908,-0.25164028501937824
-0.37037037037037046,0.025925925925925908,-0.2320614102777746
-0.33333333333333337,0.025925925925925908,-0.1997045972535878
-0.2962962962962963,0.025925925925925908,-0.13097719457944268
-0.2592592592592593,0.025925925925925908,-0.09382996843510763
-0.22222222222222232,0.025925925925925908,0.017795920912141345
-0.18518518518518523,0.025925925925925908,0.09559938417472601
-0.14814814814814814,0.025925925925925908,0.16514239304633682
-0.11111111111111116,0.025925925925925908,0.26899312422953525
-0.07407407407407418,0.025925925925925908,0.4334947281527389
-0.03703703703703709,0.025925925925925908,0.5271642790076466
0.0,0.025925925925925908,0.6328779074480626
0.03703703703703698,0.025925925925925908,0.7782484234048413
0.07407407407407396,0.025925925925925908,0.873686454055176
0.11111111111111116,0.025925925925925908,0.9745648327379346
0.14814814814814814,0.025925925925925908,1.046767993836686
0.18518518518518512,0.025925925925925908,1.1080500350170077
0.2222222222222221,0.025925925925925908,1.1541974713924397
0.2592592592592591,0.025925925925925908,1.1734073250260524
0.2962962962962963,0.025925925925925908,1.125295652246451
0.33333333333333326,0.025925925925925908,1.1240168931256884
0.37037037037037024,0.025925925925925908,1.0879415600427005
0.40740740740740744,0.025925925925925908,1.028446349742486
0.4444444444444444,0.025925925925925908,0.9305673756971747
0.4814814814814814,0.025925925925925908,0.8483281564961407
0.5185185185185184,0.025925925925925908,0.7466812103027992
0.5555555555555554,0.025925925925925908,0.6404968398788963
0.5925925925925926,0.025925925925925908,0.5676021339327147
0.6296296296296295,0.025925925925925908,0.49826244217355825
0.6666666666666665,0.025925925925925908,0.41043364078404887
0.7037037037037037,0.025925925925925908,0.35779554228790855
0.7407407407407407,0.025925925925925908,0.2701330160597533
0.7777777777777777,0.025925925925925908,0.23224345066190988
0.8148148148148147,0.025925925925925908,0.17767753376477408
0.8518518518518516,0.025925925925925908,0.14932095829517356
0.8888888888888888,0.025925925925925908,0.1017778358739989
0.9259259259259258,0.025925925925925908,0.08645517866025217
0.9629629629629628,0.025925925925925908,0.06817658140471958
1.0,0.025925925925925908,0.057375441756348074
-1.0,0.05185185185185193,-0.016046035684988733
-0.962962962962963,0.05185185185185193,-0.0747283145349115
-0.9259259259259259,0.05185185185185193,-0.05706075096060956
-0.8888888888888888,0.05185185185185193,-0.09556909114289283
-0.8518518518518519,0.05185185185185193,-0.101561732500148
-0.8148148148148149,0.05185185185185193,-0.12655047876152936
-0.7777777777777778,0.05185185185185193,-0.14367048752930348
-0.7407407407407407,0.05185185185185193,-0.14282087688079148
-0.7037037037037037,0.05185185185185193,-0.19213574359608068
-0.6666666666666667,0.05185185185185193,-0.18369115656717008
-0.6296296296296297,0.05185185185185193,-0.2465432692707296
-0.5925925925925926,0.05185185185185193,-0.2474578540627173
-0.5555555555555556,0.05185185185185193,-0.268697882883113
-0.5185185185185186,0.05185185185185193,-0.2891598106045166
-0.4814814814814815,0.05185185185185193,-0.2696995140328238
-0.4444444444444444,0.05185185185185193,-0.2794612227179863
-0.40740740740740744,0.05185185185185193,-0.2435318659809762
-0.37037037037037046,0.05185185185185193,-0.2422199969719367
-0.33333333333333337,0.05185185185185193,-0.19031712233645226
-0.2962962962962963,0.05185185185185193,-0.14108150920444987
-0.2592592592592593,0.05185185185185193,-0.056138921516678805
-0.22222222222222232,0.05185185185185193,-0.0012824688382208505
-0.18518518518518523,0.05185185185185193,0.07078425499136877
-0.14814814814814814,0.05185185185185193,0.15427620317200985
-0.11111111111111116,0.05185185185185193,0.28522661397160487
-0.07407407407407418,0.05185185185185193,0.42082434644471994
-0.03703703703703709,0.05185185185185193,0.5309127714157288
0.0,0.05185185185185193,0.6314541763543713
0.03703703703703698,0.05185185185185193,0.761843155465598
0.07407407407407396,0.05185185185185193,0.8771890363989461
0.11111111111111116,0.05185185185185193,0.9621543182495248
0.14814814814814814,0.05185185185185193,1.0483992802847224
0.18518518518518512,0.05185185185185193,1.1085660005098041
0.2222222222222221,0.05185185185185193,1.152868168917346
0.2592592592592591,0.05185185185185193,1.1853639361222488
0.2962962962962963,0.05185185185185193,1.1302915058242735
0.33333333333333326,0.05185185185185193,1.101486603292864
0.37037037037037024,0.05185185185185193,1.1124112688740169
0.40740740740740744,0.05185185185185193,1.0287716746279576
0.4444444444444444,0.05185185185185193,0.9773917295529673
0.4814814814814814,0.05185185185185193,0.898906562002828
0.5185185185185184,0.05185185185185193,0.7809256284498746
0.5555555555555554,0.05185185185185193,0.6937498396907109
0.5925925925925926,0.05185185185185193,0.6232679761425804
0.6296296296296295,0.05185185185185193,0.5386318636589986
0.6666666666666665,0.05185185185185193,0.4489737483394589
0.7037037037037037,0.05185185185185193,0.384378253254222
0.7407407407407407,0.05185185185185193,0.3046996781213238
0.7777777777777777,0.05185185185185193,0.2612337156097063
0.8148148148148147,0.05185185185185193,0.2021633307885846
0.8518518518518516,0.05185185185185193,0.1808148355493633
0.8888888888888888,0.05185185185185193,0.12673509513372727
0.9259259259259258,0.05185185185185193,0.11086135371479211
0.9629629629629628,0.05185185185185193,0.09316619726440704
1.0,0.05185185185185193,0.03834122087091028
-1.0,0.07777777777777783,-0.019910201058819
-0.962962962962963,0.07777777777777783,-0.07827946374692282
-0.9259259259259259,0.07777777777777783,-0.0717817743684751
-0.8888888888888888,0.07777777777777783,-0.08812506432087507
-0.8518518518518519,0.07777777777777783,-0.10125260861955389
-0.8148148148148149,0.07777777777777783,-0.14811653632648605
-0.7777777777777778,0.07777777777777783,-0.12795194928723305
-0.7407407407407407,0.07777777777777783,-0.15306906382466984
-0.7037037037037037,0.07777777777777783,-0.17642853337425213
-0.6666666666666667,0.07777777777777783,-0.19442534233337797
-0.6296296296296297,0.07777777777777783,-0.20154719517888975
-0.5925925925925926,0.07777777777777783,-0.24275376622208558
-0.5555555555555556,0.07777777777777783,-0.26208986655441013
-0.5185185185185186,0.07777777777777783,-0.24824137030980792
-0.4814814814814815,0.07777777777777783,-0.28193300261984144
-0.4444444444444444,0.07777777777777783,-0.2667202204104594
-0.40740740740740744,0.07777777777777783,-0.2614113619954486
-0.37037037037037046,0.07777777777777783,-0.20747579920048492
-0.33333333333333337,0.07777777777777783,-0.1905905277884167
-0.2962962962962963,0.07777777777777783,-0.12790977885741747
-0.2592592592592593,0.07777777777777783,-0.07461799531814403
-0.22222222222222232,0.07777777777777783,-0.02656251907967163
-0.18518518518518523,0.07777777777777783,0.07243504272692568
-0.14814814814814814,0.07777777777777783,0.15463205525575835
-0.11111111111111116,0.07777777777777783,0.248480333247808
-0.07407407407407418,0.07777777777777783,0.3893372966543546
-0.03703703703703709,0.07777777777777783,0.491279281333141
0.0,0.07777777777777783,0.623983675599307
0.03703703703703698,0.07777777777777783,0.7385553932870539
0.07407407407407396,0.07777777777777783,0.8733882456333012
0.11111111111111116,0.07777777777777783,0.9427236674160551
0.14814814814814814,0.07777777777777783,1.0223652246250643
0.18518518518518512,0.07777777777777783,1.093719305237433
0.2222222222222221,0.07777777777777783,1.1234471417578902
0.2592592592592591,0.07777777777777783,1.1640234248279655
0.2962962962962963,0.07777777777777783,1.1697322317757557
0.33333333333333326,0.07777777777777783,1.1327493822638146
0.37037037037037024,0.07777777777777783,1.0818573469103883
0.40740740740740744,0.07777777777777783,1.031385113111538
0.4444444444444444,0.07777777777777783,0.9846246579489409
0.4814814814814814,0.07777777777777783,0.8819848198359662
0.5185185185185184,0.07777777777777783,0.8067244373803764
0.5555555555555554,0.07777777777777783,0.7082381613383032
0.5925925925925926,0.07777777777777783,0.621113107119075
0.6296296296296295,0.07777777777777783,0.5610024020491116
0.6666666666666665,0.07777777777777783,0.4468189517522203
0.7037037037037037,0.07777777777777783,0.4238756472749445
0.7407407407407407,0.07777777777777783,0.34447683207813484
0.7777777777777777,0.07777777777777783,0.29764031276258546
0.8148148148148147,0.07777777777777783,0.2305669948000923
0.8518518518518516,0.07777777777777783,0.18206746882007285
0.8888888888888888,0.07777777777777783,0.1289298059160558
0.9259259259259258,0.07777777777777783,0.12862351501573577
0.9629629629629628,0.07777777777777783,0.12424657476847238
1.0,0.07777777777777783,0.09907747942430663
-1.0,0.10370370370370374,-0.03550368377371171
-0.962962962962963,0.10370370370370374,-0.06559079916680771
-0.9259259259259259,0.10370370370370374,-0.07260163253148497
-0.8888888888888888,0.10370370370370374,-0.06121223445826217
-0.8518518518518519,0.10370370370370374,-0.1124523115986411
-0.8148148148148149,0.10370370370370374,-0.12745036633276427
-0.7777777777777778,0.10370370370370374,-0.10430168449037727
-0.7407407407407407,0.10370370370370374,-0.1382372292265565
-0.7037037037037037,0.10370370370370374,-0.1538268481931006
-0.6666666666666667,0.10370370370370374,-0.19271431194535102
-0.6296296296296297,0.10370370370370374,-0.22184757812699565
-0.5925925925925926,0.10370370370370374,-0.22571554280717346
-0.5555555555555556,0.10370370370370374,-0.23225013489426963
-0.5185185185185186,0.10370370370370374,-0.22721669090406318
-0.4814814814814815,0.10370370370370374,-0.22423255652024615
-0.4444444444444444,0.10370370370370374,-0.2514546355393193
-0.40740740740740744,0.10370370370370374,-0.22478999710815525
-0.37037037037037046,0.10370370370370374,-0.22225509343554856
-0.33333333333333337,0.10370370370370374,-0.18724052554674606
-0.2962962962962963,0.10370370370370374,-0.14186723390738293
-0.2592592592592593,0.10370370370370374,-0.0986160716807272
-0.22222222222222232,0.10370370370370374,-0.028343820920387
-0.18518518518518523,0.10370370370370374,0.10341198378952432
-0.14814814814814814,0.10370370370370374,0.1456290320787454
-0.11111111111111116,0.10370370370370374,0.2866542030476952
-0.07407407407407418,0.10370370370370374,0.3622549940598894
-0.03703703703703709,0.10370370370370374,0.49163541942372296
0.0,0.10370370370370374,0.5785269006878103
0.03703703703703698,0.10370370370370374,0.7438414890666012
0.07407407407407396,0.10370370370370374,0.8292821440186317
0.11111111111111116,0.10370370370370374,0.8968882072196331
0.14814814814814814,0.10370370370370374,1.0002467221616063
0.18518518518518512,0.10370370370370374,1.0767697554713127
0.2222222222222221,0.10370370370370374,1.0909794062521259
0.2592592592592591,0.10370370370370374,1.1570538038053724
0.2962962962962963,0.10370370370370374,1.1357256775381028
0.33333333333333326,0.10370370370370374,1.1221991115153052
0.37037037037037024,0.10370370370370374,1.06458228519886
0.40740740740740744,0.10370370370370374,1.0303607225170364
0.4444444444444444,0.10370370370370374,0.9878292660090373
0.4814814814814814,0.10370370370370374,0.896361044013761
0.5185185185185184,0.10370370370370374,0.8075059000274311
0.5555555555555554,0.10370370370370374,0.7179932044811109
0.5925925925925926,0.10370370370370374,0.6413036525187801
0.6296296296296295,0.10370370370370374,0.5888640413522974
0.6666666666666665,0.10370370370370374,0.49657054029855074
0.7037037037037037,0.10370370370370374,0.4165604635474566
0.7407407407407407,0.10370370370370374,0.38872006527636327
0.7777777777777777,0.10370370370370374,0.31872342825211564
0.8148148148148147,0.10370370370370374,0.29752070304708794
0.8518518518518516,0.10370370370370374,0.2590750399839758
0.8888888888888888,0.10370370370370374,0.203514441883746
0.9259259259259258,0.10370370370370374,0.15514634387176027
0.9629629629629628,0.10370370370370374,0.1372966825048125
1.0,0.10370370370370374,0.13944647740333388
-1.0,0.12962962962962965,-0.024730898042030755
-0.962962962962963,0.12962962962962965,-0.04700547424319482
-0.9259259259259259,0.12962962962962965,-0.04504095026050579
-0.8888888888888888,0.12962962962962965,-0.06798932085614164
-0.8518518518518519,0.12962962962962965,-0.10819404772327842
-0.8148148148148149,0.12962962962962965,-0.09031323961732632
-0.7777777777777778,0.12962962962962965,-0.11784434735222368
-0.7407407407407407,0.12962962962962965,-0.13300455626818192
-0.7037037037037037,0.12962962962962965,-0.15879590924859233
-0.6666666666666667,0.12962962962962965,-0.1440510262254581
-0.6296296296296297,0.12962962962962965,-0.1848013666844451
-0.5925925925925926,0.12962962962962965,-0.2196777666423156
-0.5555555555555556,0.12962962962962965,-0.21760802296183349
-0.5185185185185186,0.12962962962962965,-0.19581336478233993
-0.4814814814814815,0.12962962962962965,-0.23276178615234686
-0.4444444444444444,0.12962962962962965,-0.23809292287843373
-0.40740740740740744,0.12962962962962965,-0.21150940935185542
-0.37037037037037046,0.12962962962962965,-0.18809991094040687
-0.33333333333333337,0.12962962962962965,-0.1587970622424857
-0.2962962962962963,0.12962962962962965,-0.1328056953681657
-0.2592592592592593,0.12962962962962965,-0.07563729490588815
-0.22222222222222232,0.12962962962962965,-0.012919967228973511
-0.18518518518518523,0.12962962962962965,0.07787948260928397
-0.14814814814814814,0.12962962962962965,0.15054859717645638
-0.11111111111111116,0.12962962962962965,0.2570404898159264
-0.07407407407407418,0.12962962962962965,0.399685646421167
-0.03703703703703709,0.12962962962962965,0.46495968523326797
0.0,0.12962962962962965,0.574639611790163
0.03703703703703698,0.12962962962962965,0.6821531114248424
0.07407407407407396,0.12962962962962965,0.7675401387813481
0.11111111111111116,0.12962962962962965,0.8910640148927587
0.14814814814814814,0.12962962962962965,0.9476813427751739
0.18518518518518512,0.12962962962962965,1.0487138559168585
0.2222222222222221,0.12962962962962965,1.060467892693014
0.2592592592592591,0.12962962962962965,1.1190279758812802
0.2962962962962963,0.12962962962962965,1.0944651696093235
0.33333333333333326,0.12962962962962965,1.100737893211777
0.37037037037037024,0.12962962962962965,1.0536193117379757
0.40740740740740744,0.12962962962962965,1.0329489672303087
0.4444444444444444,0.12962962962962965,0.9804187653311283
0.4814814814814814,0.12962962962962965,0.8836576288968878
0.5185185185185184,0.12962962962962965,0.8084957805111915
0.5555555555555554,0.12962962962962965,0.7300045308047997
0.5925925925925926,0.12962962962962965,0.6570914793864232
0.6296296296296295,0.12962962962962965,0.5871612431554415
0.6666666666666665,0.12962962962962965,0.5235884939346908
0.7037037037037037,0.12962962962962965,0.46440992303541156
0.7407407407407407,0.12962962962962965,0.39294266942958145
0.7777777777777777,0.12962962962962965,0.34979375865286233
0.8148148148148147,0.12962962962962965,0.3019809478766785
0.8518518518518516,0.12962962962962965,0.25881547345129563
0.8888888888888888,0.12962962962962965,0.25201883120766744
0.9259259259259258,0.12962962962962965,0.19931360726044672
0.9629629629629628,0.12962962962962965,0.17925087264834125
1.0,0.12962962962962965,0.15809668195376694
-1.0,0.15555555555555556,-0.033737782839224406
-0.962962962962963,0.15555555555555556,-0.04871194722530067
-0.9259259259259259,0.15555555555555556,-0.04991285784605653
-0.8888888888888888,0.15555555555555556,-0.026463468548055195
-0.8518518518518519,0.15555555555555556,-0.08366398146480869
-0.8148148148148149,0.15555555555555556,-0.09855155348982926
-0.7777777777777778,0.15555555555555556,-0.09002267903533412
-0.7407407407407407,0.15555555555555556,-0.1402307662992786
-0.7037037037037037,0.15555555555555556,-0.12875415723559758
-0.6666666666666667,0.15555555555555556,-0.16330750739923794
-0.6296296296296297,0.15555555555555556,-0.18204766136168726
-0.5925925925925926,0.15555555555555556,-0.20451607714834386
-0.5555555555555556,0.15555555555555556,-0.1816461682051263
-0.5185185185185186,0.15555555555555556,-0.21762798181025084
-0.4814814814814815,0.15555555555555556,-0.2005574889520203
-0.4444444444444444,0.15555555555555556,-0.20622912205997268
-0.40740740740740744,0.15555555555555556,-0.1785409654014718
-0.37037037037037046,0.15555555555555556,-0.17996885032822918
-0.33333333333333337,0.15555555555555556,-0.11873441390277553
-0.2962962962962963,0.15555555555555556,-0.09619189049658372
-0.2592592592592593,0.15555555555555556,-0.03938491570533327
-0.22222222222222232,0.15555555555555556,-0.02080619117350646
-0.18518518518518523,0.15555555555555556,0.07400825758171113
-0.14814814814814814,0.15555555555555556,0.1663718815541585
-0.11111111111111116,0.15555555555555556,0.24810040519558263
-0.07407407407407418,0.15555555555555556,0.31418436036029335
-0.03703703703703709,0.15555555555555556,0.41385348779182995
0.0,0.15555555555555556,0.5274202874783075
0.03703703703703698,0.15555555555555556,0.6301917661643893
0.07407407407407396,0.15555555555555556,0.751894696645873
0.11111111111111116,0.15555555555555556,0.8331979248027012
0.14814814814814814,0.15555555555555556,0.880610713630359
0.18518518518518512,0.15555555555555556,0.9726294292662486
0.2222222222222221,0.15555555555555556,1.0186251316470227
0.2592592592592591,0.15555555555555556,1.0471442521231604
0.2962962962962963,0.15555555555555556,1.040634926370163
0.33333333333333326,0.15555555555555556,1.0207189804307297
0.37037037037037024,0.15555555555555556,0.990001694316086
0.40740740740740744,0.15555555555555556,0.970661385513337
0.4444444444444444,0.15555555555555556,0.8886706695759058
0.4814814814814814,0.15555555555555556,0.8359577017701899
0.5185185185185184,0.15555555555555556,0.7997082097062794
0.5555555555555554,0.15555555555555556,0.7312312703623708
0.5925925925925926,0.15555555555555556,0.6562093322419283
0.6296296296296295,0.15555555555555556,0.571670683437588
0.6666666666666665,0.15555555555555556,0.5383486780573443
0.7037037037037037,0.15555555555555556,0.434212279365549
0.7407407407407407,0.15555555555555556,0.3937530266955368
0.7777777777777777,0.15555555555555556,0.3617582249454262
0.8148148148148147,0.15555555555555556,0.3342857259050897
0.8518518518518516,0.15555555555555556,0.27013402023683236
0.8888888888888888,0.15555555555555556,0.2741588089309715
0.9259259259259258,0.15555555555555556,0.23206094015430465
0.9629629629629628,0.15555555555555556,0.20975287744184207
1.0,0.15555555555555556,0.18384360772086616
-1.0,0.18148148148148147,-0.009839092765668953
-0.962962962962963,0.18148148148148147,-0.04805900925482064
-0.9259259259259259,0.18148148148148147,-0.06754797898910138
-0.8888888888888888,0.18148148148148147,-0.0480856154376625
-0.8518518518518519,0.18148148148148147,-0.05462154543594201
-0.8148148148148149,0.18148148148148147,-0.07307627280104527
-0.7777777777777778,0.18148148148148147,-0.1266432687290419
-0.7407407407407407,0.18148148148148147,-0.09546666354125817
-0.7037037037037037,0.18148148148148147,-0.1246017283222096
-0.6666666666666667,0.18148148148148147,-0.14764375475980493
-0.6296296296296297,0.18148148148148147,-0.1348278342459341
-0.5925925925925926,0.18148148148148147,-0.13651855798806467
-0.5555555555555556,0.18148148148148147,-0.18281339422819293
-0.5185185185185186,0.18148148148148147,-0.1742907974893267
-0.4814814814814815,0.18148148148148147,-0.188953622356778
-0.4444444444444444,0.18148148148148147,-0.17189957542018114
-0.40740740740740744,0.18148148148148147,-0.1664786016085347
-0.37037037037037046,0.18148148148148147,-0.1381853299622939
-0.33333333333333337,0.18148148148148147,-0.13078595897491832
-0.2962962962962963,0.18148148148148147,-0.1122706820339562
-0.2592592592592593,0.18148148148148147,-0.03967884150590593
-0.22222222222222232,0.18148148148148147,0.011879185715485786
-0.18518518518518523,0.18148148148148147,0.09073456092297225
-0.14814814814814814,0.18148148148148147,0.12827470015839323
-0.11111111111111116,0.18148148148148147,0.22941449253430876
-0.07407407407407418,0.18148148148148147,0.3445243683471211
-0.03703703703703709,0.18148148148148147,0.4100076829401019
0.0,0.18148148148148147,0.5224351134794205
0.03703703703703698,0.18148148148148147,0.6108865875623657
0.07407407407407396,0.18148148148148147,0.7049261371174914
0.11111111111111116,0.18148148148148147,0.7685609177474967
0.14814814814814814,0.18148148148148147,0.8342147934066283
0.18518518518518512,0.18148148148148147,0.887714126140961
0.2222222222222221,0.18148148148148147,0.9392345910841454
0.2592592592592591,0.18148148148148147,0.9840656552327753
0.2962962962962963,0.18148148148148147,1.0027328625483791
0.33333333333333326,0.18148148148148147,0.9658159905982854
0.37037037037037024,0.18148148148148147,0.9539593372311186
0.40740740740740744,0.18148148148148147,0.9244746391314407
0.4444444444444444,0.18148148148148147,0.8389144866755492
0.4814814814814814,0.18148148148148147,0.8034805182717303
0.5185185185185184,0.18148148148148147,0.7650744975464052
0.5555555555555554,0.18148148148148147,0.6905380090959222
0.5925925925925926,0.18148148148148147,0.6231328016941318
0.6296296296296295,0.18148148148148147,0.5674760591981759
0.6666666666666665,0.18148148148148147,0.5069336171409814
0.7037037037037037,0.18148148148148147,0.47696737566874925
0.7407407407407407,0.18148148148148147,0.42077039103355957
0.7777777777777777,0.18148148148148147,0.3718961030199283
0.8148148148148147,0.18148148148148147,0.3575334530883909
0.8518518518518516,0.18148148148148147,0.3296159812562346
0.8888888888888888,0.18148148148148147,0.2910990355552012
0.9259259259259258,0.18148148148148147,0.27197889084866617
0.9629629629629628,0.18148148148148147,0.23782167055356132
1.0,0.18148148148148147,0.2189260907472554
-1.0,0.20740740740740737,-0.014193182039540946
-0.962962962962963,0.20740740740740737,-0.01548590346640913
-0.9259259259259259,0.20740740740740737,-0.055751635835971716
-0.8888888888888888,0.20740740740740737,-0.04188123745459692
-0.8518518518518519,0.20740740740740737,-0.06107077884183352
-0.8148148148148149,0.20740740740740737,-0.07520949622749644
-0.7777777777777778,0.20740740740740737,-0.0929993037916395
-0.7407407407407407,0.20740740740740737,-0.10619500170220303
-0.7037037037037037,0.20740740740740737,-0.11554193123660847
-0.6666666666666667,0.20740740740740737,-0.10952367054217022
-0.6296296296296297,0.20740740740740737,-0.11771406830488282
-0.5925925925925926,0.20740740740740737,-0.12182071529349665
-0.5555555555555556,0.20740740740740737,-0.15083046400709937
-0.5185185185185186,0.20740740740740737,-0.16413469109208223
-0.4814814814814815,0.20740740740740737,-0.15292251367166754
-0.4444444444444444,0.20740740740740737,-0.09930697048707735
-0.40740740740740744,0.20740740740740737,-0.14414204748866993
-0.37037037037037046,0.20740740740740737,-0.13952962139335084
-0.33333333333333337,0.20740740740740737,-0.12299987811277796
-0.2962962962962963,0.20740740740740737,-0.06665104360548513
-0.2592592592592593,0.20740740740740737,-0.009392551395722464
-0.22222222222222232,0.20740740740740737,0.014796301532492217
-0.18518518518518523,0.20740740740740737,0.10265752537943736
-0.14814814814814814,0.20740740740740737,0.1373039090281583
-0.11111111111111116,0.20740740740740737,0.20898820358929104
-0.07407407407407418,0.20740740740740737,0.3007975106312884
-0.03703703703703709,0.20740740740740737,0.41076986003800586
0.0,0.20740740740740737,0.4758779238550569
0.03703703703703698,0.20740740740740737,0.5619479461516006
0.07407407407407396,0.20740740740740737,0.6529925554490472
0.11111111111111116,0.20740740740740737,0.7498571416202499
0.14814814814814814,0.20740740740740737,0.8033803951813396
0.18518518518518512,0.20740740740740737,0.8546956437955098
0.2222222222222221,0.20740740740740737,0.861931211238779
0.2592592592592591,0.20740740740740737,0.9071050111374795
0.2962962962962963,0.20740740740740737,0.9231579064072111
0.33333333333333326,0.20740740740740737,0.9194136959412099
0.37037037037037024,0.20740740740740737,0.8969908201946795
0.40740740740740744,0.20740740740740737,0.8297682039382739
0.4444444444444444,0.20740740740740737,0.8219463041980979
0.4814814814814814,0.20740740740740737,0.7410373450442054
0.5185185185185184,0.20740740740740737,0.7177685046882918
0.5555555555555554,0.20740740740740737,0.6099070363718397
0.5925925925925926,0.20740740740740737,0.5957103989154946
0.6296296296296295,0.20740740740740737,0.5343906144679064
0.6666666666666665,0.20740740740740737,0.5178074694805996
0.7037037037037037,0.20740740740740737,0.43995402624499924
0.7407407407407407,0.20740740740740737,0.368992862935547
0.7777777777777777,0.20740740740740737,0.37835747812790843
0.8148148148148147,0.20740740740740737,0.3355452691166249
0.8518518518518516,0.20740740740740737,0.3075442988069109
0.8888888888888888,0.20740740740740737,0.3192913675452346
0.9259259259259258,0.20740740740740737,0.2924945366502777
0.9629629629629628,0.20740740740740737,0.2684852161146735
1.0,0.20740740740740737,0.25218904402084674
-1.0,0.2333333333333334,-0.011724347728086133
-0.962962962962963,0.2333333333333334,0.004951588725994827
-0.9259259259259259,0.2333333333333334,0.009479443206866629
-0.8888888888888888,0.2333333333333334,-0.04200674884288223
-0.8518518518518519,0.2333333333333334,-0.061394632758509815
-0.8148148148148149,0.2333333333333334,-0.0793735946809743
-0.7777777777777778,0.2333333333333334,-0.07857182702731719
-0.7407407407407407,0.2333333333333334,-0.07029238715129858
-0.7037037037037037,0.2333333333333334,-0.10038757458274167
-0.6666666666666667,0.2333333333333334,-0.09471265475472564
-0.6296296296296297,0.2333333333333334,-0.10643776110706314
-0.5925925925925926,0.2333333333333334,-0.08067139498437068
-0.5555555555555556,0.2333333333333334,-0.11782694029766136
-0.5185185185185186,0.2333333333333334,-0.11416515394583811
-0.4814814814814815,0.2333333333333334,-0.10802545451630935
-0.4444444444444444,0.2333333333333334,-0.1498462571820238
-0.40740740740740744,0.2333333333333334,-0.09660625268366288
-0.37037037037037046,0.2333333333333334,-0.0945491796938994
-0.33333333333333337,0.2333333333333334,-0.06743862045196855
-0.2962962962962963,0.2333333333333334,-0.05210605354072975
-0.2592592592592593,0.2333333333333334,0.007782622749238157
-0.22222222222222232,0.2333333333333334,0.030404902812022117
-0.18518518518518523,0.2333333333333334,0.09268000560259251
-0.14814814814814814,0.2333333333333334,0.17596696970595396
-0.11111111111111116,0.2333333333333334,0.24148277412032298
-0.07407407407407418,0.2333333333333334,0.2769561567124196
-0.03703703703703709,0.2333333333333334,0.3665807649983346
0.0,0.2333333333333334,0.4567147103928547
0.03703703703703698,0.2333333333333334,0.5333671579870031
0.07407407407407396,0.2333333333333334,0.6148394501341283
0.11111111111111116,0.2333333333333334,0.6984619462253424
0.14814814814814814,0.2333333333333334,0.7554615593924452
0.18518518518518512,0.2333333333333334,0.8024013107581806
0.2222222222222221,0.2333333333333334,0.8419594351838136
0.2592592592592591,0.2333333333333334,0.829463303142184
0.2962962962962963,0.2333333333333334,0.8436834663211209
0.33333333333333326,0.2333333333333334,0.8601255423040945
0.37037037037037024,0.2333333333333334,0.8030630778387029
0.40740740740740744,0.2333333333333334,0.7642865529291076
0.4444444444444444,0.2333333333333334,0.7338916380068761
0.4814814814814814,0.2333333333333334,0.6746278924679734
0.5185185185185184,0.2333333333333334,0.6343858065224239
0.5555555555555554,0.2333333333333334,0.6064723334186332
0.5925925925925926,0.2333333333333334,0.5392524116983209
0.6296296296296295,0.2333333333333334,0.4907207946607989
0.6666666666666665,0.2333333333333334,0.4326086120300104
0.7037037037037037,0.2333333333333334,0.38974939860508595
0.7407407407407407,0.2333333333333334,0.39609684528954325
0.7777777777777777,0.2333333333333334,0.3215382653963388
0.8148148148148147,0.2333333333333334,0.3124004310903007
0.8518518518518516,0.2333333333333334,0.3358508287039857
0.8888888888888888,0.2333333333333334,0.29590269458297
0.9259259259259258,0.2333333333333334,0.26571181660177895
0.9629629629629628,0.2333333333333334,0.292909136852359
1.0,0.2333333333333334,0.2581512999084263
-1.0,0.2592592592592593,-0.015166334248867954
-0.962962962962963,0.2592592592592593,-0.00346427836612611
-0.9259259259259259,0.2592592592592593,-0.03368717596340934
-0.8888888888888888,0.2592592592592593,-0.06006807928485974
-0.8518518518518519,0.2592592592592593,-0.03659527384758487
-0.8148148148148149,0.2592592592592593,-0.022436270013511554
-0.7777777777777778,0.2592592592592593,-0.04593982976090796
-0.7407407407407407,0.2592592592592593,-0.05365142889067822
-0.7037037037037037,0.2592592592592593,-0.08118023473699408
-0.6666666666666667,0.2592592592592593,-0.07246959869037066
-0.6296296296296297,0.2592592592592593,-0.05901900553304082
-0.5925925925925926,0.2592592592592593,-0.0717800526687484
-0.5555555555555556,0.2592592592592593,-0.09837731840199034
-0.5185185185185186,0.2592592592592593,-0.08212622914508491
-0.4814814814814815,0.2592592592592593,-0.10373053801811284
-0.4444444444444444,0.2592592592592593,-0.0737975492528154
-0.40740740740740744,0.2592592592592593,-0.10858785453625806
-0.37037037037037046,0.2592592592592593,-0.07314532534162616
-0.33333333333333337,0.2592592592592593,-0.09067505773750284
-0.2962962962962963,0.2592592592592593,-0.03443427900966116
-0.2592592592592593,0.2592592592592593,0.051816231218451234
-0.22222222222222232,0.2592592592592593,0.04240842858446833
-0.18518518518518523,0.2592592592592593,0.11844793911681004
-0.14814814814814814,0.2592592592592593,0.1604961842523833
-0.11111111111111116,0.2592592592592593,0.23963119559495666
-0.07407407407407418,0.2592592592592593,0.2779259643765359
-0.03703703703703709,0.2592592592592593,0.3511867718359487
0.0,0.2592592592592593,0.4316865168881889
0.03703703703703698,0.2592592592592593,0.5079493864721012
0.07407407407407396,0.2592592592592593,0.5771323751647939
0.11111111111111116,0.2592592592592593,0.6477219059877759
0.14814814814814814,0.2592592592592593,0.6819514282485264
0.18518518518518512,0.2592592592592593,0.7468271270041305
0.2222222222222221,0.2592592592592593,0.7873089502990158
0.2592592592592591,0.2592592592592593,0.7706257585485677
0.2962962962962963,0.2592592592592593,0.7703143007993171
0.33333333333333326,0.2592592592592593,0.7865754782460693
0.37037037037037024,0.2592592592592593,0.7533485983386325
0.40740740740740744,0.2592592592592593,0.7306052430467823
0.4444444444444444,0.2592592592592593,0.6601201923832265
0.4814814814814814,0.2592592592592593,0.6234328581145845
0.5185185185185184,0.2592592592592593,0.5876146404621113
0.5555555555555554,0.2592592592592593,0.5221965057387155
0.5925925925925926,0.2592592592592593,0.4892570049854263
0.6296296296296295,0.2592592592592593,0.4427909858525253
0.6666666666666665,0.2592592592592593,0.3911831205000882
0.7037037037037037,0.2592592592592593,0.36558238772620005
0.7407407407407407,0.2592592592592593,0.32881270020276776
0.7777777777777777,0.2592592592592593,0.3024886652182291
0.8148148148148147,0.2592592592592593,0.2937981254687669
0.8518518518518516,0.2592592592592593,0.31456421446109045
0.8888888888888888,0.2592592592592593,0.28068476891457045
0.9259259259259258,0.2592592592592593,0.2797960701473463
0.9629629629629628,0.2592592592592593,0.26072249601903297
1.0,0.2592592592592593,0.258337574407832
-1.0,0.2851851851851852,-0.012834211247767223
-0.962962962962963,0.2851851851851852,-0.04435982666723805
-0.9259259259259259,0.2851851851851852,-0.04353074161163951
-0.8888888888888888,0.2851851851851852,-0.04189857052691997
-0.8518518518518519,0.2851851851851852,-0.011291935780769227
-0.8148148148148149,0.2851851851851852,-0.026306336941512798
-0.7777777777777778,0.2851851851851852,-0.062198231442102216
-0.7407407407407407,0.2851851851851852,-0.06008970707809341
-0.7037037037037037,0.2851851851851852,-0.04657439973147948
-0.6666666666666667,0.2851851851851852,-0.0677144517524819
-0.6296296296296297,0.2851851851851852,-0.042189382369195075
-0.5925925925925926,0.2851851851851852,-0.06757127687364677
-0.5555555555555556,0.2851851851851852,-0.08254867711324589
-0.5185185185185186,0.2851851851851852,-0.07512577697061068
-0.4814814814814815,0.2851851851851852,-0.06529150614274266
-0.4444444444444444,0.2851851851851852,-0.07045405708635713
-0.40740740740740744,0.2851851851851852,-0.07475283386322736
-0.37037037037037046,0.2851851851851852,-0.039471925049707396
-0.33333333333333337,0.2851851851851852,-0.02122596393999093
-0.2962962962962963,0.2851851851851852,-0.009481289876568662
-0.2592592592592593,0.2851851851851852,0.033931796631950006
-0.22222222222222232,0.2851851851851852,0.07225872906707786
-0.18518518518518523,0.2851851851851852,0.11281939802419141
-0.14814814814814814,0.2851851851851852,0.1338941377707035
-0.11111111111111116,0.2851851851851852,0.18683543226837612
-0.07407407407407418,0.2851851851851852,0.27786241586085214
-0.03703703703703709,0.2851851851851852,0.35318370772404634
0.0,0.2851851851851852,0.40965071647278894
0.03703703703703698,0.2851851851851852,0.46357622731478054
0.07407407407407396,0.2851851851851852,0.5461868806382363
0.11111111111111116,0.2851851851851852,0.5834347919464241
0.14814814814814814,0.2851851851851852,0.6353856448867342
0.18518518518518512,0.2851851851851852,0.6851216738837473
0.2222222222222221,0.2851851851851852,0.7214585385044555
0.2592592592592591,0.2851851851851852,0.7344477119146545
0.2962962962962963,0.2851851851851852,0.7196882139158923
0.33333333333333326,0.2851851851851852,0.7106363235058931
0.37037037037037024,0.2851851851851852,0.709701836995269
0.40740740740740744,0.2851851851851852,0.6264155092428585
0.4444444444444444,0.2851851851851852,0.617378312927921
0.4814814814814814,0.2851851851851852,0.5780549530325748
0.5185185185185184,0.2851851851851852,0.5366854958498846
0.5555555555555554,0.2851851851851852,0.47674437814237997
0.5925925925925926,0.2851851851851852,0.4252660589174338
0.6296296296296295,0.2851851851851852,0.4128018559716364
0.6666666666666665,0.2851851851851852,0.35137740227304876
0.7037037037037037,0.2851851851851852,0.326335423069266
0.7407407407407407,0.2851851851851852,0.3291624518530318
0.7777777777777777,0.2851851851851852,0.2889478472417567
0.8148148148148147,0.2851851851851852,0.2667833622804316
0.8518518518518516,0.2851851851851852,0.2536002597233297
0.8888888888888888,0.2851851851851852,0.26858736613089507
0.9259259259259258,0.2851851851851852,0.22205839858917498
0.9629629629629628,0.2851851851851852,0.2446321616849388
1.0,0.2851851851851852,0.2530433559208449
-1.0,0.3111111111111111,-0.007069700959405088
-0.962962962962963,0.3111111111111111,-0.04398346237270877
-0.9259259259259259,0.3111111111111111,-0.02310596946162344
-0.8888888888888888,0.3111111111111111,-0.013793128716054853
-0.8518518518518519,0.3111111111111111,-0.04018993667403079
-0.8148148148148149,0.3111111111111111,-0.041896310213661414
-0.7777777777777778,0.3111111111111111,-0.05871425109270631
-0.7407407407407407,0.3111111111111111,-0.020744578807295466
-0.7037037037037037,0.3111111111111111,-0.02449272445638393
-0.6666666666666667,0.3111111111111111,-0.029813495727619155
-0.6296296296296297,0.3111111111111111,-0.06543416498756711
-0.5925925925925926,0.3111111111111111,-0.05789481782883165
-0.5555555555555556,0.3111111111111111,-0.053380153722676474
-0.5185185185185186,0.3111111111111111,-0.042398939314299354
-0.4814814814814815,0.3111111111111111,-0.07486139677258741
-0.4444444444444444,0.3111111111111111,-0.04330767415352188
-0.40740740740740744,0.3111111111111111,-0.04368815417022093
-0.37037037037037046,0.3111111111111111,-0.023876728766271574
-0.33333333333333337,0.3111111111111111,-0.00844381581206145
-0.2962962962962963,0.3111111111111111,-0.0062391182485588385
-0.2592592592592593,0.3111111111111111,0.035346378629916846
-0.22222222222222232,0.3111111111111111,0.05731357242813362
-0.18518518518518523,0.3111111111111111,0.08468651468133226
-0.14814814814814814,0.3111111111111111,0.15688438143096173
-0.11111111111111116,0.3111111111111111,0.18138050587128168
-0.07407407407407418,0.3111111111111111,0.28693751703622083
-0.03703703703703709,0.3111111111111111,0.33679671615539414
0.0,0.3111111111111111,0.3818788035978521
0.03703703703703698,0.3111111111111111,0.45786369132086113
0.07407407407407396,0.3111111111111111,0.5014877967341747
0.11111111111111116,0.3111111111111111,0.5612363413055546
0.14814814814814814,0.3111111111111111,0.5868533183647257
0.18518518518518512,0.3111111111111111,0.6513470668962055
0.2222222222222221,0.3111111111111111,0.6406819577652032
0.2592592592592591,0.3111111111111111,0.6561127457726635
0.2962962962962963,0.3111111111111111,0.7074820840137162
0.33333333333333326,0.3111111111111111,0.6637165207644992
0.37037037037037024,0.3111111111111111,0.6164729526162207
0.40740740740740744,0.3111111111111111,0.6071200781737338
0.4444444444444444,0.3111111111111111,0.5364940141602472
0.4814814814814814,0.3111111111111111,0.5104355162246174
0.5185185185185184,0.3111111111111111,0.45361666997753763
0.5555555555555554,0.3111111111111111,0.41199432062842833
0.5925925925925926,0.3111111111111111,0.37958610576500723
0.6296296296296295,0.3111111111111111,0.3498895864989718
0.6666666666666665,0.3111111111111111,0.3234582667094906
0.7037037037037037,0.3111111111111111,0.27704907384751015
0.7407407407407407,0.3111111111111111,0.23240095459595023
0.7777777777777777,0.3111111111111111,0.24636320610756565
0.8148148148148147,0.3111111111111111,0.2332441632377389
0.8518518518518516,0.3111111111111111,0.2447595952548272
0.8888888888888888,0.3111111111111111,0.22788120702687722
0.9259259259259258,0.3111111111111111,0.2522482273598672
0.9629629629629628,0.3111111111111111,0.24202088815465322
1.0,0.3111111111111111,0.22672637383795968
-1.0,0.337037037037037,-0.00025093683609453757
-0.962962962962963,0.337037037037037,-0.00952081929658738
-0.9259259259259259,0.337037037037037,0.016761024791957256
-0.8888888888888888,0.337037037037037,-0.030392007485132794
-0.8518518518518519,0.337037037037037,-0.021412353047132276
-0.8148148148148149,0.337037037037037,-0.012472603647009016
-0.7777777777777778,0.337037037037037,-0.042683536157019766
-0.7407407407407407,0.337037037037037,-0.016149741200839604
-0.7037037037037037,0.337037037037037,-0.05902384385935219
-0.6666666666666667,0.337037037037037,-0.021132241646604308
-0.6296296296296297,0.337037037037037,-0.036935862748682886
-0.5925925925925926,0.337037037037037,-0.04824661564472712
-0.5555555555555556,0.337037037037037,-0.04782082178449791
-0.5185185185185186,0.337037037037037,-0.06600401984413931
-0.4814814814814815,0.337037037037037,-0.0328389104899673
-0.4444444444444444,0.337037037037037,-0.030278408323024548
-0.40740740740740744,0.337037037037037,-0.052244339124910194
-0.37037037037037046,0.337037037037037,-0.018174501407251523
-0.33333333333333337,0.337037037037037,-0.009572556566520991
-0.2962962962962963,0.337037037037037,0.012188813879516858
-0.2592592592592593,0.337037037037037,0.019571752506159255
-0.22222222222222232,0.337037037037037,0.09736729882674758
-0.18518518518518523,0.337037037037037,0.12440788837313439
-0.14814814814814814,0.337037037037037,0.14386373878450845
-0.11111111111111116,0.337037037037037,0.20156025568420705
-0.07407407407407418,0.337037037037037,0.2821061874038544
-0.03703703703703709,0.337037037037037,0.3091902798405889
0.0,0.337037037037037,0.36384740551369665
0.03703703703703698,0.337037037037037,0.42837640124180365
0.07407407407407396,0.337037037037037,0.4841803887669711
0.11111111111111116,0.337037037037037,0.5189282335602861
0.14814814814814814,0.337037037037037,0.5608500855130373
0.18518518518518512,0.337037037037037,0.6049983550034573
0.2222222222222221,0.337037037037037,0.6014081248190677
0.2592592592592591,0.337037037037037,0.6072090613356406
0.2962962962962963,0.337037037037037,0.6130138708031063
0.33333333333333326,0.337037037037037,0.5677009228367859
0.37037037037037024,0.337037037037037,0.5572103793256962
0.40740740740740744,0.337037037037037,0.5467039350494785
0.4444444444444444,0.337037037037037,0.4896763297844783
0.4814814814814814,0.337037037037037,0.46432118560221214
0.5185185185185184,0.337037037037037,0.4114715214235627
0.5555555555555554,0.337037037037037,0.372436989430064
0.5925925925925926,0.337037037037037,0.3085001637340569
0.6296296296296295,0.337037037037037,0.2707342124813135
0.6666666666666665,0.337037037037037,0.237670764533734
0.7037037037037037,0.337037037037037,0.2542050227121415
0.7407407407407407,0.337037037037037,0.20936498422001795
0.7777777777777777,0.337037037037037,0.20273711191681387
0.8148148148148147,0.337037037037037,0.2014125950119368
0.8518518518518516,0.337037037037037,0.19778393825725565
0.8888888888888888,0.337037037037037,0.17434599631915218
0.9259259259259258,0.337037037037037,0.1608519383800825
0.9629629629629628,0.337037037037037,0.1791160526809497
1.0,0.337037037037037,0.1929392953673945
-1.0,0.36296296296296293,-0.014377690941820752
-0.962962962962963,0.36296296296296293,-0.011601949205804308
-0.9259259259259259,0.36296296296296293,-0.041038266998136314
-0.8888888888888888,0.36296296296296293,-0.024291064367581813
-0.8518518518518519,0.36296296296296293,-0.03471685843120901
-0.8148148148148149,0.36296296296296293,-0.0036622803828656857
-0.7777777777777778,0.36296296296296293,-0.03783592389137126
-0.7407407407407407,0.36296296296296293,-0.05407698245083051
-0.7037037037037037,0.36296296296296293,-0.023637962570651205
-0.6666666666666667,0.36296296296296293,-0.0122936685717111
-0.6296296296296297,0.36296296296296293,-0.021485984849771038
-0.5925925925925926,0.36296296296296293,-0.024845598882832956
-0.5555555555555556,0.36296296296296293,-0.028982326198849488
-0.5185185185185186,0.36296296296296293,-0.03690400987755544
-0.4814814814814815,0.36296296296296293,-0.037769797694647445
-0.4444444444444444,0.36296296296296293,-0.0476727823799528
-0.40740740740740744,0.36296296296296293,-0.01993071126310258
-0.37037037037037046,0.36296296296296293,0.002833762367832891
-0.33333333333333337,0.36296296296296293,0.014741291290151568
-0.2962962962962963,0.36296296296296293,0.0004496882578027585
-0.2592592592592593,0.36296296296296293,0.059871195268084695
-0.22222222222222232,0.36296296296296293,0.06925249254606158
-0.18518518518518523,0.36296296296296293,0.11354519901731724
-0.14814814814814814,0.36296296296296293,0.1576387234633298
-0.11111111111111116,0.36296296296296293,0.17674921527887602
-0.07407407407407418,0.36296296296296293,0.235194467137301
-0.03703703703703709,0.36296296296296293,0.29834253797284543
0.0,0.36296296296296293,0.3251798054009089
0.03703703703703698,0.36296296296296293,0.38262409163288114
0.07407407407407396,0.36296296296296293,0.4427782166983109
0.11111111111111116,0.36296296296296293,0.4511105602784677
0.14814814814814814,0.36296296296296293,0.4912862417456454
0.18518518518518512,0.36296296296296293,0.5337066895407007
0.2222222222222221,0.36296296296296293,0.5374690054607484
0.2592592592592591,0.36296296296296293,0.5538840246485931
0.2962962962962963,0.36296296296296293,0.5795432248237473
0.33333333333333326,0.36296296296296293,0.5515600694301795
0.37037037037037024,0.36296296296296293,0.5354780876572837
0.40740740740740744,0.36296296296296293,0.4749270520165689
0.4444444444444444,0.36296296296296293,0.46572095158836396
0.4814814814814814,0.36296296296296293,0.41125924937726577
0.5185185185185184,0.36296296296296293,0.3898223803544871
0.5555555555555554,0.36296296296296293,0.32160274269662126
0.5925925925925926,0.36296296296296293,0.2953653138100109
0.6296296296296295,0.36296296296296293,0.26203270947767465
0.6666666666666665,0.36296296296296293,0.2513521244812363
0.7037037037037037,0.36296296296296293,0.20568971716736617
0.7407407407407407,0.36296296296296293,0.16468941166037337
0.7777777777777777,0.36296296296296293,0.16620614580084428
0.8148148148148147,0.36296296296296293,0.18138866055377034
0.8518518518518516,0.36296296296296293,0.13684173368102015
0.8888888888888888,0.36296296296296293,0.12362269273688174
0.9259259259259258,0.36296296296296293,0.13960000960964264
0.9629629629629628,0.36296296296296293,0.1667707740313636
1.0,0.36296296296296293,0.13572544071444695
-1.0,0.38888888888888884,-0.02186427074287752
-0.962962962962963,0.38888888888888884,0.027046472363805394
-0.9259259259259259,0.38888888888888884,-0.013318286028294617
-0.8888888888888888,0.38888888888888884,-0.014173695206486736
-0.8518518518518519,0.38888888888888884,-0.009349639464905121
-0.8148148148148149,0.38888888888888884,-0.012249269289253285
-0.7777777777777778,0.38888888888888884,-0.027428741402424593
-0.7407407407407407,0.38888888888888884,-0.024146427330186855
-0.7037037037037037,0.38888888888888884,-0.047238044332578034
-0.6666666666666667,0.38888888888888884,-0.01721690814620213
-0.6296296296296297,0.38888888888888884,-0.023882580906779433
-0.5925925925925926,0.38888888888888884,0.0038237871335506067
-0.5555555555555556,0.38888888888888884,-0.039171728959272296
-0.5185185185185186,0.38888888888888884,-0.03561733724156399
-0.4814814814814815,0.38888888888888884,-0.03626487583457881
-0.4444444444444444,0.38888888888888884,-0.02653747427466631
-0.40740740740740744,0.38888888888888884,-0.005546156285701218
-0.37037037037037046,0.38888888888888884,0.01004420481531559
-0.33333333333333337,0.38888888888888884,0.0018245868966790648
-0.2962962962962963,0.38888888888888884,0.023162069864648176
-0.2592592592592593,0.38888888888888884,0.036451372165033996
-0.22222222222222232,0.38888888888888884,0.08745349088778892
-0.18518518518518523,0.38888888888888884,0.08862071742604458
-0.14814814814814814,0.38888888888888884,0.12857198570966033
-0.11111111111111116,0.38888888888888884,0.17906347091651995
-0.07407407407407418,0.38888888888888884,0.2253300149031308
-0.03703703703703709,0.38888888888888884,0.25006303843223177
0.0,0.38888888888888884,0.30778888590956577
0.03703703703703698,0.38888888888888884,0.35792128359019393
0.07407407407407396,0.38888888888888884,0.41296702183712697
0.11111111111111116,0.38888888888888884,0.43249053765853446
0.14814814814814814,0.38888888888888884,0.46496616527278545
0.18518518518518512,0.38888888888888884,0.5266646510082393
0.2222222222222221,0.38888888888888884,0.5275265771486802
0.2592592592592591,0.38888888888888884,0.5490591727507744
0.2962962962962963,0.38888888888888884,0.5388403816583934
0.33333333333333326,0.38888888888888884,0.5085149263024041
0.37037037037037024,0.38888888888888884,0.4905084964135599
0.40740740740740744,0.38888888888888884,0.41956486329702375
0.4444444444444444,0.38888888888888884,0.3924409318211689
0.4814814814814814,0.38888888888888884,0.3675822752964082
0.5185185185185184,0.38888888888888884,0.3454943362509067
0.5555555555555554,0.38888888888888884,0.2948185299163175
0.5925925925925926,0.38888888888888884,0.24594768551339946
0.6296296296296295,0.38888888888888884,0.20266549264942996
0.6666666666666665,0.38888888888888884,0.21077648567745427
0.7037037037037037,0.38888888888888884,0.14892869921435306
0.7407407407407407,0.38888888888888884,0.14763068881779223
0.7777777777777777,0.38888888888888884,0.1312224768025945
0.8148148148148147,0.38888888888888884,0.11506452519591771
0.8518518518518516,0.38888888888888884,0.1160759580189911
0.8888888888888888,0.38888888888888884,0.11548058154411539
0.9259259259259258,0.38888888888888884,0.13732337087310292
0.9629629629629628,0.38888888888888884,0.10428685095987646
1.0,0.38888888888888884,0.12049955583604298
-1.0,0.41481481481481475,-0.020740826653266976
-0.962962962962963,0.41481481481481475,0.013835315700686562
-0.9259259259259259,0.41481481481481475,0.0037932482464947074
-0.8888888888888888,0.41481481481481475,-0.004701843463223705
-0.8518518518518519,0.41481481481481475,-0.008098517675115904
-0.8148148148148149,0.41481481481481475,-0.014867162444718213
-0.7777777777777778,0.41481481481481475,-0.0074822767233082635
-0.7407407407407407,0.41481481481481475,-0.0018621659565650345
-0.7037037037037037,0.41481481481481475,-0.005809600915195719
-0.6666666666666667,0.41481481481481475,-0.01813854920556151
-0.6296296296296297,0.41481481481481475,-0.006470368061384558
-0.5925925925925926,0.41481481481481475,-0.021342426122038717
-0.5555555555555556,0.41481481481481475,-0.05536968288496897
-0.5185185185185186,0.41481481481481475,-0.0028913233376978223
-0.4814814814814815,0.41481481481481475,-0.023976573867570416
-0.4444444444444444,0.41481481481481475,-0.021896689314557315
-0.40740740740740744,0.41481481481481475,0.000778176285575834
-0.37037037037037046,0.41481481481481475,0.0011467657240304859
-0.33333333333333337,0.41481481481481475,0.008778309398011474
-0.2962962962962963,0.41481481481481475,0.027816989057956234
-0.2592592592592593,0.41481481481481475,0.05917889898802853
-0.22222222222222232,0.41481481481481475,0.07415045311731086
-0.18518518518518523,0.41481481481481475,0.09962769215994628
-0.14814814814814814,0.41481481481481475,0.11699560991939986
-0.11111111111111116,0.41481481481481475,0.18506441529494877
-0.07407407407407418,0.41481481481481475,0.19228612508069406
-0.03703703703703709,0.41481481481481475,0.2400130143725694
0.0,0.41481481481481475,0.2996562047191795
0.03703703703703698,0.41481481481481475,0.3282997258644235
0.07407407407407396,0.41481481481481475,0.378686897328431
0.11111111111111116,0.41481481481481475,0.39004553596545566
0.14814814814814814,0.41481481481481475,0.4336885754494262
0.18518518518518512,0.41481481481481475,0.46767277464874696
0.2222222222222221,0.41481481481481475,0.4882441926948602
0.2592592592592591,0.41481481481481475,0.46928608609023725
0.2962962962962963,0.41481481481481475,0.47211995910284027
0.33333333333333326,0.41481481481481475,0.4615026840047245
0.37037037037037024,0.41481481481481475,0.46532729508129744
0.40740740740740744,0.41481481481481475,0.3908624559622115
0.4444444444444444,0.41481481481481475,0.396617102020483
0.4814814814814814,0.41481481481481475,0.3233855018567256
0.5185185185185184,0.41481481481481475,0.30384139229462487
0.5555555555555554,0.41481481481481475,0.2784890403049051
0.5925925925925926,0.41481481481481475,0.20765342630028427
0.6296296296296295,0.41481481481481475,0.20243286781731812
0.6666666666666665,0.41481481481481475,0.14077848403018814
0.7037037037037037,0.41481481481481475,0.15017396807674072
0.7407407407407407,0.41481481481481475,0.12331822205565761
0.7777777777777777,0.41481481481481475,0.13318851783605146
0.8148148148148147,0.41481481481481475,0.09964375098253808
0.8518518518518516,0.41481481481481475,0.09616915349267532
0.8888888888888888,0.41481481481481475,0.08182545121819046
0.9259259259259258,0.41481481481481475,0.10282966661271001
0.9629629629629628,0.41481481481481475,0.07987107170113314
1.0,0.41481481481481475,0.07982504898575905
-1.0,0.44074074074074066,-0.0035171472515299704
-0.962962962962963,0.44074074074074066,0.005264272625387374
-0.9259259259259259,0.44074074074074066,0.003942005917387222
-0.8888888888888888,0.44074074074074066,-0.0067189314678430985
-0.8518518518518519,0.44074074074074066,-0.012807738755954218
-0.8148148148148149,0.44074074074074066,-0.030444804382449623
-0.7777777777777778,0.44074074074074066,-0.03057202151944289
-0.7407407407407407,0.44074074074074066,-0.012279248039327197
-0.7037037037037037,0.44074074074074066,-0.002267720130627062
-0.6666666666666667,0.44074074074074066,0.00952717303466327
-0.6296296296296297,0.44074074074074066,0.002108417218871268
-0.5925925925925926,0.44074074074074066,-0.0031450930370937984
-0.5555555555555556,0.44074074074074066,-0.018824352347252552
-0.5185185185185186,0.44074074074074066,-0.0326071110952154
-0.4814814814814815,0.44074074074074066,-0.014057523114711337
-0.4444444444444444,0.44074074074074066,-0.01592149006928187
-0.40740740740740744,0.44074074074074066,-0.008815948616517483
-0.37037037037037046,0.44074074074074066,0.016932888530383078
-0.33333333333333337,0.44074074074074066,0.01101141506244601
-0.2962962962962963,0.44074074074074066,0.02663594932516323
-0.2592592592592593,0.44074074074074066,0.05206264632568938
-0.22222222222222232,0.44074074074074066,0.07645276208670919
-0.18518518518518523,0.44074074074074066,0.10052739021863571
-0.14814814814814814,0.44074074074074066,0.1438452627802919
-0.11111111111111116,0.44074074074074066,0.1377432687500427
-0.07407407407407418,0.44074074074074066,0.21991242983584422
-0.03703703703703709,0.44074074074074066,0.22641172178195706
0.0,0.44074074074074066,0.25458313246534553
0.03703703703703698,0.44074074074074066,0.3237685744411197
0.07407407407407396,0.44074074074074066,0.31013925964670325
0.11111111111111116,0.44074074074074066,0.3759143293718086
0.14814814814814814,0.44074074074074066,0.3661960892979115
0.18518518518518512,0.44074074074074066,0.4332691232012818
0.2222222222222221,0.44074074074074066,0.4185942864997284
0.2592592592592591,0.44074074074074066,0.47744054540465103
0.2962962962962963,0.44074074074074066,0.4090285454858479
0.33333333333333326,0.44074074074074066,0.4379069638024598
0.37037037037037024,0.44074074074074066,0.3901466957105832
0.40740740740740744,0.44074074074074066,0.365547496590386
0.4444444444444444,0.44074074074074066,0.32778298895875746
0.4814814814814814,0.44074074074074066,0.2934149716926654
0.5185185185185184,0.44074074074074066,0.2632429395102785
0.5555555555555554,0.44074074074074066,0.25581654302459916
0.5925925925925926,0.44074074074074066,0.21235124706337494
0.6296296296296295,0.44074074074074066,0.18055228571525583
0.6666666666666665,0.44074074074074066,0.12776069574721877
0.7037037037037037,0.44074074074074066,0.12195664221889499
0.7407407407407407,0.44074074074074066,0.11150838267126076
0.7777777777777777,0.44074074074074066,0.06840754903096813
0.8148148148148147,0.44074074074074066,0.08638562605606623
0.8518518518518516,0.44074074074074066,0.08633764832954842
0.8888888888888888,0.44074074074074066,0.06751388235003643
0.9259259259259258,0.44074074074074066,0.06343781583935557
0.9629629629629628,0.44074074074074066,0.07149784200735275
1.0,0.44074074074074066,0.05606189736582501
-1.0,0.4666666666666668,0.013817535978287342
-0.962962962962963,0.4666666666666668,0.02588437653103537
-0.9259259259259259,0.4666666666666668,-0.0050981057878999436
-0.8888888888888888,0.4666666666666668,-0.00017580006324283397
-0.8518518518518519,0.4666666666666668,-0.011125395622701637
-0.8148148148148149,0.4666666666666668,-0.01219635635665857
-0.7777777777777778,0.4666666666666668,-0.014592679537750624
-0.7407407407407407,0.4666666666666668,-0.020194750766584522
-0.7037037037037037,0.4666666666666668,0.006913061112879744
-0.6666666666666667,0.4666666666666668,-0.014038286623368382
-0.6296296296296297,0.4666666666666668,-0.012126421931280808
-0.5925925925925926,0.4666666666666668,-0.008538788772630373
-0.5555555555555556,0.4666666666666668,-0.024727662118668236
-0.5185185185185186,0.4666666666666668,0.0064953388245132665
-0.4814814814814815,0.4666666666666668,0.006698234095346345
-0.4444444444444444,0.4666666666666668,0.018011514811366227
-0.40740740740740744,0.4666666666666668,-0.018897181648526464
-0.37037037037037046,0.4666666666666668,0.01354765900344435
-0.33333333333333337,0.4666666666666668,0.04014419500117858
-0.2962962962962963,0.4666666666666668,0.007723974223640382
-0.2592592592592593,0.4666666666666668,0.04082268181100607
-0.22222222222222232,0.4666666666666668,0.05025434048089862
-0.18518518518518523,0.4666666666666668,0.09202994529889344
-0.14814814814814814,0.4666666666666668,0.12267855691339119
-0.11111111111111116,0.4666666666666668,0.14946878023138768
-0.07407407407407418,0.4666666666666668,0.17193063737767134
-0.03703703703703709,0.4666666666666668,0.2188051748787697
0.0,0.4666666666666668,0.2315635337136503
0.03703703703703698,0.4666666666666668,0.2959285512344967
0.07407407407407396,0.4666666666666668,0.30939510916056656
0.11111111111111116,0.4666666666666668,0.3085408361202329
0.14814814814814814,0.4666666666666668,0.35819037347845545
0.18518518518518512,0.4666666666666668,0.3836396433896041
0.2222222222222221,0.4666666666666668,0.34894933666650096
0.2592592592592591,0.4666666666666668,0.4279724527079156
0.2962962962962963,0.4666666666666668,0.37564259921683335
0.33333333333333326,0.4666666666666668,0.3448290234419227
0.37037037037037024,0.4666666666666668,0.371706404441258
0.40740740740740744,0.4666666666666668,0.3554093314110551
0.4444444444444444,0.4666666666666668,0.31957448221934787
0.4814814814814814,0.4666666666666668,0.27723803793233653
0.5185185185185184,0.4666666666666668,0.23856139196957193
0.5555555555555554,0.4666666666666668,0.23722195247710426
0.5925925925925926,0.4666666666666668,0.1905267331651826
0.6296296296296295,0.4666666666666668,0.12412878823086791
0.6666666666666665,0.4666666666666668,0.14207687017033926
0.7037037037037037,0.4666666666666668,0.12188561780489406
0.7407407407407407,0.4666666666666668,0.058364579895731364
0.7777777777777777,0.4666666666666668,0.045811091958390046
0.8148148148148147,0.4666666666666668,0.07872302409031268
0.8518518518518516,0.4666666666666668,0.05032906209254481
0.8888888888888888,0.4666666666666668,0.03739150706922211
0.9259259259259258,0.4666666666666668,0.036522068843430636
0.9629629629629628,0.4666666666666668,0.060877287082629065
1.0,0.4666666666666668,0.04181618359688817
-1.0,0.4925925925925927,-0.018649617390516786
-0.962962962962963,0.4925925925925927,0.006656527565108835
-0.9259259259259259,0.4925925925925927,-0.005058034302615111
-0.8888888888888888,0.4925925925925927,-0.0015271476230687558
-0.8518518518518519,0.4925925925925927,-0.0019373263611120746
-0.8148148148148149,0.4925925925925927,-0.03513646439439183
-0.7777777777777778,0.4925925925925927,-0.004992396876413218
-0.7407407407407407,0.4925925925925927,-0.007044781707532009
-0.7037037037037037,0.4925925925925927,-0.0018707135154865332
-0.6666666666666667,0.4925925925925927,-0.0024064279316896985
-0.6296296296296297,0.4925925925925927,-0.0033159091266051475
-0.5925925925925926,0.4925925925925927,-0.00622973765844731
-0.5555555555555556,0.4925925925925927,0.005165936946839954
-0.5185185185185186,0.4925925925925927,-0.003674122826916472
-0.4814814814814815,0.4925925925925927,0.020565107874706924
-0.4444444444444444,0.4925925925925927,-0.006682913758052146
-0.40740740740740744,0.4925925925925927,-0.0023746571924033863
-0.37037037037037046,0.4925925925925927,0.03761527839457535
-0.33333333333333337,0.4925925925925927,0.02554605532990383
-0.2962962962962963,0.4925925925925927,0.030289330029342018
-0.2592592592592593,0.4925925925925927,0.025361193920981958
-0.22222222222222232,0.4925925925925927,0.06975042733589011
-0.18518518518518523,0.4925925925925927,0.061843540148478496
-0.14814814814814814,0.4925925925925927,0.09710653181380088
-0.11111111111111116,0.4925925925925927,0.12981597980007753
-0.07407407407407418,0.4925925925925927,0.18089765313583706
-0.03703703703703709,0.4925925925925927,0.2058487145271646
0.0,0.4925925925925927,0.22658331169963794
0.03703703703703698,0.4925925925925927,0.2607782605939416
0.07407407407407396,0.4925925925925927,0.27726222638188985
0.11111111111111116,0.4925925925925927,0.3154039538631087
0.14814814814814814,0.4925925925925927,0.3242247973804961
0.18518518518518512,0.4925925925925927,0.34803051975482413
0.2222222222222221,0.4925925925925927,0.35682623964997917
0.2592592592592591,0.4925925925925927,0.31802139795541373
0.2962962962962963,0.4925925925925927,0.32058482625018697
0.33333333333333326,0.4925925925925927,0.2958025706518161
0.37037037037037024,0.4925925925925927,0.28181088404475535
0.40740740740740744,0.4925925925925927,0.2896696769431997
0.4444444444444444,0.4925925925925927,0.2687672023071804
0.4814814814814814,0.4925925925925927,0.26054794559817446
0.5185185185185184,0.4925925925925927,0.24839337525200816
0.5555555555555554,0.4925925925925927,0.17951914032905705
0.5925925925925926,0.4925925925925927,0.1782674966232666
0.6296296296296295,0.4925925925925927,0.15438242213910838
0.6666666666666665,0.4925925925925927,0.11955182174106645
0.7037037037037037,0.4925925925925927,0.0615307448262105
0.7407407407407407,0.4925925925925927,0.05480000052297675
0.7777777777777777,0.4925925925925927,0.042858111885825514
0.8148148148148147,0.4925925925925927,0.0536163579606095
0.8518518518518516,0.4925925925925927,0.060930128657336075
0.8888888888888888,0.4925925925925927,0.016330390912794666
0.9259259259259258,0.4925925925925927,0.02153462068061115
0.9629629629629628,0.4925925925925927,0.02878297543763872
1.0,0.4925925925925927,0.03697260676297977
-1.0,0.5185185185185186,-0.01338929344497559
-0.962962962962963,0.5185185185185186,0.016308265418003887
-0.9259259259259259,0.5185185185185186,0.004930281736861356
-0.8888888888888888,0.5185185185185186,0.016456251885129093
-0.8518518518518519,0.5185185185185186,-0.01737766200608337
-0.8148148148148149,0.5185185185185186,0.009846781865101293
-0.7777777777777778,0.5185185185185186,-0.020706444890879225
-0.7407407407407407,0.5185185185185186,0.007433705804889692
-0.7037037037037037,0.5185185185185186,0.003495080778308163
-0.6666666666666667,0.5185185185185186,0.007227759702378
-0.6296296296296297,0.5185185185185186,0.0077754101504724366
-0.5925925925925926,0.5185185185185186,0.005752469707999639
-0.5555555555555556,0.5185185185185186,-0.009642977991047616
-0.5185185185185186,0.5185185185185186,0.02551883855433753
-0.4814814814814815,0.5185185185185186,-0.02567771535078394
-0.4444444444444444,0.5185185185185186,0.022559226994359527
-0.40740740740740744,0.5185185185185186,0.00965482041247059
-0.37037037037037046,0.5185185185185186,0.007902158242690716
-0.33333333333333337,0.5185185185185186,0.004323925188384713
-0.2962962962962963,0.5185185185185186,0.023084992181743383
-0.2592592592592593,0.5185185185185186,0.035585411236896375
-0.22222222222222232,0.5185185185185186,0.02253246479314608
-0.18518518518518523,0.5185185185185186,0.08261738865366541
-0.14814814814814814,0.5185185185185186,0.07295151864342456
-0.11111111111111116,0.5185185185185186,0.10789531178224916
-0.07407407407407418,0.5185185185185186,0.12166600198983421
-0.03703703703703709,0.5185185185185186,0.2039098544670448
0.0,0.5185185185185186,0.19999383158380565
0.03703703703703698,0.5185185185185186,0.23384505515153423
0.07407407407407396,0.5185185185185186,0.25296814658592465
0.11111111111111116,0.5185185185185186,0.2751395640358998
0.14814814814814814,0.5185185185185186,0.2895313952920992
0.18518518518518512,0.5185185185185186,0.29043133199015947
0.2222222222222221,0.5185185185185186,0.3375540650030311
0.2592592592592591,0.5185185185185186,0.32379321696315627
0.2962962962962963,0.5185185185185186,0.29179099439063594
0.33333333333333326,0.5185185185185186,0.30555461317766297
0.37037037037037024,0.5185185185185186,0.2741759603656174
0.40740740740740744,0.5185185185185186,0.24561395049121756
0.4444444444444444,0.5185185185185186,0.21892750628718763
0.4814814814814814,0.5185185185185186,0.21121997982299281
0.5185185185185184,0.5185185185185186,0.16871932056770486
0.5555555555555554,0.5185185185185186,0.15262159457496427
0.5925925925925926,0.5185185185185186,0.13858696483701735
0.6296296296296295,0.5185185185185186,0.09659880162969056
0.6666666666666665,0.5185185185185186,0.09033360166830932
0.7037037037037037,0.5185185185185186,0.06424728630997847
0.7407407407407407,0.5185185185185186,0.08696581659599173
0.7777777777777777,0.5185185185185186,0.04741230056973521
0.8148148148148147,0.5185185185185186,0.06061019566043392
0.8518518518518516,0.5185185185185186,0.04815021126233697
0.8888888888888888,0.5185185185185186,0.04008883115318014
0.9259259259259258,0.5185185185185186,0.013344767479058222
0.9629629629629628,0.5185185185185186,0.016783768605417457
1.0,0.5185185185185186,0.03862151250072787
-1.0,0.5444444444444445,0.013639239981638837
-0.962962962962963,0.5444444444444445,-0.015448711716241403
-0.9259259259259259,0.5444444444444445,-0.04311682301093381
-0.8888888888888888,0.5444444444444445,-0.0006229604569655593
-0.8518518518518519,0.5444444444444445,-0.012599301600472096
-0.8148148148148149,0.5444444444444445,0.0022659822019823494
-0.7777777777777778,0.5444444444444445,0.01205457652780758
-0.7407407407407407,0.5444444444444445,0.007844525319705855
-0.7037037037037037,0.5444444444444445,-0.00933053865453895
-0.6666666666666667,0.5444444444444445,-0.03531311055399463
-0.6296296296296297,0.5444444444444445,0.013848198470847492
-0.5925925925925926,0.5444444444444445,0.005718380513956108
-0.5555555555555556,0.5444444444444445,-0.009343848909280096
-0.5185185185185186,0.5444444444444445,0.0006340433764942179
-0.4814814814814815,0.5444444444444445,0.0014742698679506988
-0.4444444444444444,0.5444444444444445,0.0016208135061695854
-0.40740740740740744,0.5444444444444445,0.005342311424322201
-0.37037037037037046,0.5444444444444445,0.016937614727341555
-0.33333333333333337,0.5444444444444445,0.012487621887656147
-0.2962962962962963,0.5444444444444445,0.027341172685133856
-0.2592592592592593,0.5444444444444445,0.04290669765679529
-0.22222222222222232,0.5444444444444445,0.03992343570252511
-0.18518518518518523,0.5444444444444445,0.0601668900985195
-0.14814814814814814,0.5444444444444445,0.06666671935630074
-0.11111111111111116,0.5444444444444445,0.13066015480877505
-0.07407407407407418,0.5444444444444445,0.12463903556415931
-0.03703703703703709,0.5444444444444445,0.18028722379158085
0.0,0.5444444444444445,0.15515177692100185
0.03703703703703698,0.5444444444444445,0.2160385681358418
0.07407407407407396,0.5444444444444445,0.24149714757709764
0.11111111111111116,0.5444444444444445,0.2529334347610316
0.14814814814814814,0.5444444444444445,0.27001366634675944
0.18518518518518512,0.5444444444444445,0.2963546933560705
0.2222222222222221,0.5444444444444445,0.3056102154068361
0.2592592592592591,0.5444444444444445,0.2625811532431014
0.2962962962962963,0.5444444444444445,0.24697114071037335
0.33333333333333326,0.5444444444444445,0.23767916881859275
0.37037037037037024,0.5444444444444445,0.24571978694974414
0.40740740740740744,0.5444444444444445,0.2260329593500867
0.4444444444444444,0.5444444444444445,0.2080869708312166
0.4814814814814814,0.5444444444444445,0.185263354387979
0.5185185185185184,0.5444444444444445,0.17095498215574303
0.5555555555555554,0.5444444444444445,0.1464018565577062
0.5925925925925926,0.5444444444444445,0.1320124251571985
0.6296296296296295,0.5444444444444445,0.08511715214837132
0.6666666666666665,0.5444444444444445,0.0825601517188247
0.7037037037037037,0.5444444444444445,0.07541102753042689
0.7407407407407407,0.5444444444444445,0.08174388922530772
0.7777777777777777,0.5444444444444445,0.051114469725510335
0.8148148148148147,0.5444444444444445,0.02861630123328644
0.8518518518518516,0.5444444444444445,0.033465894347119385
0.8888888888888888,0.5444444444444445,0.03402104364380447
0.9259259259259258,0.5444444444444445,0.01966230642214451
0.9629629629629628,0.5444444444444445,0.01219187068762585
1.0,0.5444444444444445,0.005708974034987907
-1.0,0.5703703703703704,-0.020354029472928612
-0.962962962962963,0.5703703703703704,0.005186704367096657
-0.9259259259259259,0.5703703703703704,-0.020260410444210602
-0.8888888888888888,0.5703703703703704,0.0016299924448413415
-0.8518518518518519,0.5703703703703704,-0.01550108201323037
-0.8148148148148149,0.5703703703703704,-0.012228750387486095
-0.7777777777777778,0.5703703703703704,0.002546350098242888
-0.7407407407407407,0.5703703703703704,0.008187785881985668
-0.7037037037037037,0.5703703703703704,0.00023897908753938053
-0.6666666666666667,0.5703703703703704,-0.005092585111436962
-0.6296296296296297,0.5703703703703704,-5.737767888869499e-05
-0.5925925925925926,0.5703703703703704,0.018229614448457217
-0.5555555555555556,0.5703703703703704,-0.01829142487551617
-0.5185185185185186,0.5703703703703704,0.028896616572397338
-0.4814814814814815,0.5703703703703704,0.01943990847163559
-0.4444444444444444,0.5703703703703704,0.003102649260427283
-0.40740740740740744,0.5703703703703704,0.0264475922602151
-0.37037037037037046,0.5703703703703704,0.014941416928124555
-0.33333333333333337,0.5703703703703704,0.020646425086391758
-0.2962962962962963,0.5703703703703704,0.04761886411772915
-0.2592592592592593,0.5703703703703704,0.05025170477631038
-0.22222222222222232,0.5703703703703704,0.027531087649483265
-0.18518518518518523,0.5703703703703704,0.06106414393836669
-0.14814814814814814,0.5703703703703704,0.09218027527829524
-0.11111111111111116,0.5703703703703704,0.06949212386033111
-0.07407407407407418,0.5703703703703704,0.11286245484355652
-0.03703703703703709,0.5703703703703704,0.09850781035213055
0.0,0.5703703703703704,0.1793992472989643
0.03703703703703698,0.5703703703703704,0.18079733756038424
0.07407407407407396,0.5703703703703704,0.2053715326514949
0.11111111111111116,0.5703703703703704,0.2233836466285802
0.14814814814814814,0.5703703703703704,0.23991738730543444
0.18518518518518512,0.5703703703703704,0.22046665666450715
0.2222222222222221,0.5703703703703704,0.2602347084553043
0.2592592592592591,0.5703703703703704,0.2346483703396192
0.2962962962962963,0.5703703703703704,0.23906809495199902
0.33333333333333326,0.5703703703703704,0.26577850904452455
0.37037037037037024,0.5703703703703704,0.21064592341691002
0.40740740740740744,0.5703703703703704,0.2161499661564181
0.4444444444444444,0.5703703703703704,0.20615327838778266
0.4814814814814814,0.5703703703703704,0.15752200812457773
0.5185185185185184,0.5703703703703704,0.15210158215100128
0.5555555555555554,0.5703703703703704,0.12967715121643963
0.5925925925925926,0.5703703703703704,0.11615046555358019
0.6296296296296295,0.5703703703703704,0.10877844589698125
0.6666666666666665,0.5703703703703704,0.0849083795408067
0.7037037037037037,0.5703703703703704,0.06900240217419151
0.7407407407407407,0.5703703703703704,0.019431551076948137
0.7777777777777777,0.5703703703703704,0.03569273033854632
0.8148148148148147,0.5703703703703704,0.04670839741236217
0.8518518518518516,0.5703703703703704,0.018475801776648967
0.8888888888888888,0.5703703703703704,0.014394234238520993
0.9259259259259258,0.5703703703703704,0.02298429064789799
0.9629629629629628,0.5703703703703704,0.00841839837202848
1.0,0.5703703703703704,0.007485521688405912
-1.0,0.5962962962962963,0.002920594962601275
-0.962962962962963,0.5962962962962963,-0.019985998870577427
-0.9259259259259259,0.5962962962962963,0.0026130431238013873
-0.8888888888888888,0.5962962962962963,-0.026116902679393438
-0.8518518518518519,0.5962962962962963,-0.009450553059934792
-0.8148148148148149,0.5962962962962963,-0.02734377833560038
-0.7777777777777778,0.5962962962962963,-0.016969877674321704
-0.7407407407407407,0.5962962962962963,-0.014772310798254725
-0.7037037037037037,0.5962962962962963,0.014090066717647138
-0.6666666666666667,0.5962962962962963,0.012638112421416778
-0.6296296296296297,0.5962962962962963,-0.004936812985143938
-0.5925925925925926,0.5962962962962963,-0.006807212013880396
-0.5555555555555556,0.5962962962962963,0.009934812560204937
-0.5185185185185186,0.5962962962962963,-0.022428867961716586
-0.4814814814814815,0.5962962962962963,0.009541785093071143
-0.4444444444444444,0.5962962962962963,-0.00465437004539114
-0.40740740740740744,0.5962962962962963,0.02255365120789131
-0.37037037037037046,0.5962962962962963,0.022738333436017596
-0.33333333333333337,0.5962962962962963,0.011911876382987567
-0.2962962962962963,0.5962962962962963,0.02768914848242178
-0.2592592592592593,0.5962962962962963,0.024521755337497828
-0.22222222222222232,0.5962962962962963,0.015842514365971918
-0.18518518518518523,0.5962962962962963,0.08557668252385096
-0.14814814814814814,0.5962962962962963,0.0821036156548135
-0.11111111111111116,0.5962962962962963,0.09493406195555641
-0.07407407407407418,0.5962962962962963,0.0957209757138819
-0.03703703703703709,0.5962962962962963,0.11485382071264869
0.0,0.5962962962962963,0.12491493239664915
0.03703703703703698,0.5962962962962963,0.17635531356793663
0.07407407407407396,0.5962962962962963,0.15792946030139393
0.11111111111111116,0.5962962962962963,0.18245201896506258
0.14814814814814814,0.5962962962962963,0.19187666616742502
0.18518518518518512,0.5962962962962963,0.18243558221028858
0.2222222222222221,0.5962962962962963,0.19539965752701496
0.2592592592592591,0.5962962962962963,0.24813308901499753
0.2962962962962963,0.5962962962962963,0.22443248775210323
0.33333333333333326,0.5962962962962963,0.1926129554479671
0.37037037037037024,0.5962962962962963,0.18632339825502908
0.40740740740740744,0.5962962962962963,0.20822030369617847
0.4444444444444444,0.5962962962962963,0.16793043433880678
0.4814814814814814,0.5962962962962963,0.1293468236950765
0.5185185185185184,0.5962962962962963,0.11060683189392621
0.5555555555555554,0.5962962962962963,0.13315145796420744
0.5925925925925926,0.5962962962962963,0.10365622061908243
0.6296296296296295,0.5962962962962963,0.10226501554468458
0.6666666666666665,0.5962962962962963,0.0615115405310853
0.7037037037037037,0.5962962962962963,0.03000921723100996
0.7407407407407407,0.5962962962962963,0.0352862365329232
0.7777777777777777,0.5962962962962963,0.04248002086715065
0.8148148148148147,0.5962962962962963,0.04238249305702331
0.8518518518518516,0.5962962962962963,0.03548429654156496
0.8888888888888888,0.5962962962962963,0.027816835119345656
0.9259259259259258,0.5962962962962963,-0.005532922811787952
0.9629629629629628,0.5962962962962963,0.023171899404547124
1.0,0.5962962962962963,0.00653616223493521
-1.0,0.6222222222222222,-0.00407344911147425
-0.962962962962963,0.6222222222222222,-0.003651330290941489
-0.9259259259259259,0.6222222222222222,0.020377641785420886
-0.8888888888888888,0.6222222222222222,0.02203205578433407
-0.8518518518518519,0.6222222222222222,0.0009618698103501507
-0.8148148148148149,0.6222222222222222,0.015609310256959002
-0.7777777777777778,0.6222222222222222,-0.024797082261121886
-0.7407407407407407,0.6222222222222222,-0.00226628667495363
-0.7037037037037037,0.6222222222222222,-0.03402186809090689
-0.6666666666666667,0.6222222222222222,0.005005153282239114
-0.6296296296296297,0.6222222222222222,0.01554776118908413
-0.5925925925925926,0.6222222222222222,0.016061516672321183
-0.5555555555555556,0.6222222222222222,0.013704121420197602
-0.5185185185185186,0.6222222222222222,0.015847806068072054
-0.4814814814814815,0.6222222222222222,-0.020659844542794903
-0.4444444444444444,0.6222222222222222,-0.001947397435307835
-0.40740740740740744,0.6222222222222222,0.031084384715708967
-0.37037037037037046,0.6222222222222222,0.00545084682201705
-0.33333333333333337,0.6222222222222222,0.00795622477863357
-0.2962962962962963,0.6222222222222222,0.03704537344232404
-0.2592592592592593,0.6222222222222222,0.04439365165398369
-0.22222222222222232,0.6222222222222222,0.03690551910989038
-0.18518518518518523,0.6222222222222222,0.043568240739264005
-0.14814814814814814,0.6222222222222222,0.06713635292794382
-0.11111111111111116,0.6222222222222222,0.08919621769509771
-0.07407407407407418,0.6222222222222222,0.0783273635094264
-0.03703703703703709,0.6222222222222222,0.13035141702323666
0.0,0.6222222222222222,0.11855410419756696
0.03703703703703698,0.6222222222222222,0.12880111054592322
0.07407407407407396,0.6222222222222222,0.1611392805467813
0.11111111111111116,0.6222222222222222,0.13983031798554055
0.14814814814814814,0.6222222222222222,0.1903891770184563
0.18518518518518512,0.6222222222222222,0.20772032282928676
0.2222222222222221,0.6222222222222222,0.19736731959683618
0.2592592592592591,0.6222222222222222,0.18438688468659858
0.2962962962962963,0.6222222222222222,0.18509583832912896
0.33333333333333326,0.6222222222222222,0.1601223320825347
0.37037037037037024,0.6222222222222222,0.16660537568314418
0.40740740740740744,0.6222222222222222,0.16762103812895446
0.4444444444444444,0.6222222222222222,0.1605551316107567
0.4814814814814814,0.6222222222222222,0.12853558056002995
0.5185185185185184,0.6222222222222222,0.1258029825004495
0.5555555555555554,0.6222222222222222,0.11286772883503784
0.5925925925925926,0.6222222222222222,0.09753762299993238
0.6296296296296295,0.6222222222222222,0.058821707357536494
0.6666666666666665,0.6222222222222222,0.05942976968810924
0.7037037037037037,0.6222222222222222,0.03678251837355113
0.7407407407407407,0.6222222222222222,0.03384199510079739
0.7777777777777777,0.6222222222222222,0.0259413749785389
0.8148148148148147,0.6222222222222222,0.02531048112701677
0.8518518518518516,0.6222222222222222,0.042587713292476376
0.8888888888888888,0.6222222222222222,-0.011449472005759524
0.9259259259259258,0.6222222222222222,0.011238252308903377
0.9629629629629628,0.6222222222222222,0.00883722583837239
1.0,0.6222222222222222,-0.004570470629104954
-1.0,0.6481481481481481,-0.006786246481879143
-0.962962962962963,0.6481481481481481,-0.003846103111955367
-0.9259259259259259,0.6481481481481481,0.0054304698781432684
-0.8888888888888888,0.6481481481481481,-0.0032757087187444884
-0.8518518518518519,0.6481481481481481,-0.005532545577784729
-0.8148148148148149,0.6481481481481481,0.006585146835368927
-0.7777777777777778,0.6481481481481481,-0.010142698221752329
-0.7407407407407407,0.6481481481481481,-0.01583621311098121
-0.7037037037037037,0.6481481481481481,-0.0022246567087437453
-0.6666666666666667,0.6481481481481481,-0.009171524843267075
-0.6296296296296297,0.6481481481481481,-0.005289132809492417
-0.5925925925925926,0.6481481481481481,-0.0007746565739862813
-0.5555555555555556,0.6481481481481481,-0.011508736666924065
-0.5185185185185186,0.6481481481481481,0.009648070575681976
-0.4814814814814815,0.6481481481481481,-0.0011399100663121052
-0.4444444444444444,0.6481481481481481,0.014504982557628048
-0.40740740740740744,0.6481481481481481,0.023336698183293324
-0.37037037037037046,0.6481481481481481,0.018844331492542873
-0.33333333333333337,0.6481481481481481,0.018740299078323256
-0.2962962962962963,0.6481481481481481,0.025576510987849365
-0.2592592592592593,0.6481481481481481,0.034012938875163726
-0.22222222222222232,0.6481481481481481,0.04148928223560337
-0.18518518518518523,0.6481481481481481,0.04000637835384197
-0.14814814814814814,0.6481481481481481,0.042224962600594954
-0.11111111111111116,0.6481481481481481,0.06672903614518969
-0.07407407407407418,0.6481481481481481,0.09854244857261728
-0.03703703703703709,0.6481481481481481,0.11549528056895862
0.0,0.6481481481481481,0.11919772981071208
0.03703703703703698,0.6481481481481481,0.13450711293446793
0.07407407407407396,0.6481481481481481,0.11858517756069807
0.11111111111111116,0.6481481481481481,0.14579285475784337
0.14814814814814814,0.6481481481481481,0.12340798869515072
0.18518518518518512,0.6481481481481481,0.13716328489984372
0.2222222222222221,0.6481481481481481,0.21699923450558398
0.2592592592592591,0.6481481481481481,0.17283552610666472
0.2962962962962963,0.6481481481481481,0.165782872701756
0.33333333333333326,0.6481481481481481,0.14515596503708517
0.37037037037037024,0.6481481481481481,0.16530976403994432
0.40740740740740744,0.6481481481481481,0.14752528851132274
0.4444444444444444,0.6481481481481481,0.1334690233315606
0.4814814814814814,0.6481481481481481,0.09220141475284663
0.5185185185185184,0.6481481481481481,0.09188281449654026
0.5555555555555554,0.6481481481481481,0.10453808409590051
0.5925925925925926,0.6481481481481481,0.07044903065539557
0.6296296296296295,0.6481481481481481,0.08448236823180415
0.6666666666666665,0.6481481481481481,0.04594707879245105
0.7037037037037037,0.6481481481481481,0.0426621141908579
0.7407407407407407,0.6481481481481481,0.02944306530717909
0.7777777777777777,0.6481481481481481,0.051652409149725485
0.8148148148148147,0.6481481481481481,0.00024765846513449125
0.8518518518518516,0.6481481481481481,0.03346573897504834
0.8888888888888888,0.6481481481481481,0.029307692182402402
0.9259259259259258,0.6481481481481481,0.006452840124509597
0.9629629629629628,0.6481481481481481,0.02575665718671156
1.0,0.6481481481481481,0.01071353770764234
-1.0,0.674074074074074,-0.013811774003935838
-0.962962962962963,0.674074074074074,-0.013255222151025653
-0.9259259259259259,0.674074074074074,-0.016898356804477318
-0.8888888888888888,0.674074074074074,-0.010260518033194945
-0.8518518518518519,0.674074074074074,0.022405509429256287
-0.8148148148148149,0.674074074074074,-0.02493775334794197
-0.7777777777777778,0.674074074074074,-0.018729852929754737
-0.7407407407407407,0.674074074074074,-0.016906547200021493
-0.7037037037037037,0.674074074074074,0.0009423120298749681
-0.6666666666666667,0.674074074074074,0.016167541831414327
-0.6296296296296297,0.674074074074074,0.007311546231061884
-0.5925925925925926,0.674074074074074,0.015015691323849643
-0.5555555555555556,0.674074074074074,-0.01081218640157962
-0.5185185185185186,0.674074074074074,-0.0004226786724945133
-0.4814814814814815,0.674074074074074,0.009026260264894788
-0.4444444444444444,0.674074074074074,-0.0012524060461172092
-0.40740740740740744,0.674074074074074,0.0010203717588766195
-0.37037037037037046,0.674074074074074,0.02309936272586048
-0.33333333333333337,0.674074074074074,0.0013162342507689034
-0.2962962962962963,0.674074074074074,0.01738623779452189
-0.2592592592592593,0.674074074074074,0.0011717441662195127
-0.22222222222222232,0.674074074074074,-0.01257572438689358
-0.18518518518518523,0.674074074074074,0.04792737476588574
-0.14814814814814814,0.674074074074074,0.03996489339554278
-0.11111111111111116,0.674074074074074,0.07214035118195003
-0.07407407407407418,0.674074074074074,0.07137793632539348
-0.03703703703703709,0.674074074074074,0.0853216037116167
0.0,0.674074074074074,0.09713518283596326
0.03703703703703698,0.674074074074074,0.09171512973184359
0.07407407407407396,0.674074074074074,0.12006398738808889
0.11111111111111116,0.674074074074074,0.10100030783908737
0.14814814814814814,0.674074074074074,0.13035369920936252
0.18518518518518512,0.674074074074074,0.10851365462104536
0.2222222222222221,0.674074074074074,0.10907793163108445
0.2592592592592591,0.674074074074074,0.13574995441727444
0.2962962962962963,0.674074074074074,0.14067399053955051
0.33333333333333326,0.674074074074074,0.12155832907889837
0.37037037037037024,0.674074074074074,0.12015713816819024
0.40740740740740744,0.674074074074074,0.13492817743069038
0.4444444444444444,0.674074074074074,0.10175799091783284
0.4814814814814814,0.674074074074074,0.1042878115554708
0.5185185185185184,0.674074074074074,0.0905465988747291
0.5555555555555554,0.674074074074074,0.06264094839897469
0.5925925925925926,0.674074074074074,0.05156877060196355
0.6296296296296295,0.674074074074074,0.0689686492204642
0.6666666666666665,0.674074074074074,0.03902255572192249
0.7037037037037037,0.674074074074074,0.035275397917326166
0.7407407407407407,0.674074074074074,0.03473758416024539
0.7777777777777777,0.674074074074074,0.02139663314540923
0.8148148148148147,0.674074074074074,-0.017291293303115986
0.8518518518518516,0.674074074074074,0.025227646675195146
0.8888888888888888,0.674074074074074,0.015425901594218085
0.9259259259259258,0.674074074074074,0.002722951618842838
0.9629629629629628,0.674074074074074,0.008563610578425453
1.0,0.674074074074074,0.013556474800661307
-1.0,0.7,0.017324146123416383
-0.962962962962963,0.7,-0.002982281631417782
-0.9259259259259259,0.7,-0.01845679773843129
-0.8888888888888888,0.7,0.007772542526165694
-0.8518518518518519,0.7,-0.030634359651399618
-0.8148148148148149,0.7,0.026071300541170624
-0.7777777777777778,0.7,-0.005855911097121836
-0.7407407407407407,0.7,-0.022783044326914612
-0.7037037037037037,0.7,-0.004362795965022284
-0.6666666666666667,0.7,-0.02079164277289994
-0.6296296296296297,0.7,0.004430203527982225
-0.5925925925925926,0.7,-0.0111248694566463
-0.5555555555555556,0.7,-0.0002276364517587835
-0.5185185185185186,0.7,0.026409822382981403
-0.4814814814814815,0.7,0.03534823460225579
-0.4444444444444444,0.7,0.00847441092079226
-0.40740740740740744,0.7,-0.0034902505478305547
-0.37037037037037046,0.7,0.013707990028521749
-0.33333333333333337,0.7,0.018510276572820936
-0.2962962962962963,0.7,-0.01740397577607157
-0.2592592592592593,0.7,0.004258202527199995
-0.22222222222222232,0.7,0.021461899079001492
-0.18518518518518523,0.7,0.05314014104110828
-0.14814814814814814,0.7,0.05138162616742582
-0.11111111111111116,0.7,0.06811388938100081
-0.07407407407407418,0.7,0.041243063938384734
-0.03703703703703709,0.7,0.06875931561253494
0.0,0.7,0.07333323801135265
0.03703703703703698,0.7,0.09379243943963103
0.07407407407407396,0.7,0.12296220219790126
0.11111111111111116,0.7,0.11995939992933305
0.14814814814814814,0.7,0.10586331632545413
0.18518518518518512,0.7,0.12497165331801349
0.2222222222222221,0.7,0.14236340452322932
0.2592592592592591,0.7,0.13465333594653595
0.2962962962962963,0.7,0.11965908414184846
0.33333333333333326,0.7,0.13345297841311207
0.37037037037037024,0.7,0.09770360841518075
0.40740740740740744,0.7,0.09312467864040025
0.4444444444444444,0.7,0.10604683257478183
0.4814814814814814,0.7,0.08880355419397165
0.5185185185185184,0.7,0.05953152787372717
0.5555555555555554,0.7,0.06584008409540293
0.5925925925925926,0.7,0.05851585914151322
0.6296296296296295,0.7,0.011415456841400363
0.6666666666666665,0.7,0.047781665734835645
0.7037037037037037,0.7,0.019348846963208897
0.7407407407407407,0.7,-0.006901638754414144
0.7777777777777777,0.7,0.008873264399437893
0.8148148148148147,0.7,0.011988708902890643
0.8518518518518516,0.7,0.026775861608400835
0.8888888888888888,0.7,-0.010058073180171335
0.9259259259259258,0.7,-0.013057569654620817
0.9629629629629628,0.7,0.008840272334870248
1.0,0.7,-0.022394744072498945
