hc,hu,rho
-1.0,-0.7,0.010300171299621824
-0.962962962962963,-0.7,-0.02623146036070679
-0.9259259259259259,-0.7,0.0018816524356902106
-0.8888888888888888,-0.7,-0.02665039291480795
-0.8518518518518519,-0.7,0.006608534092745257
-0.8148148148148149,-0.7,-0.03359954650119181
-0.7777777777777778,-0.7,-0.021664097718901987
-0.7407407407407407,-0.7,-0.020788055086012086
-0.7037037037037037,-0.7,-0.04385862126900451
-0.6666666666666667,-0.7,4.1170988436005015e-05
-0.6296296296296297,-0.7,-0.036345022458282625
-0.5925925925925926,-0.7,-0.03282972838533119
-0.5555555555555556,-0.7,-0.021631779601147653
-0.5185185185185186,-0.7,-0.0017049135604643856
-0.4814814814814815,-0.7,-0.024517833582710417
-0.4444444444444444,-0.7,0.018343624623197673
-0.40740740740740744,-0.7,-0.010738496884446244
-0.37037037037037046,-0.7,-0.013273558523542308
-0.33333333333333337,-0.7,-0.0004775065180370689
-0.2962962962962963,-0.7,-0.00714490984916121
-0.2592592592592593,-0.7,-0.018732407472512574
-0.22222222222222232,-0.7,-0.008548556354651723
-0.18518518518518523,-0.7,0.004987649561230925
-0.14814814814814814,-0.7,0.02910403025585545
-0.11111111111111116,-0.7,0.01248842075502995
-0.07407407407407418,-0.7,0.018821298046422047
-0.03703703703703709,-0.7,-0.018723800005620142
0.0,-0.7,0.013906574669364713
0.03703703703703698,-0.7,0.020451642732919415
0.07407407407407396,-0.7,0.05001112308898577
0.11111111111111116,-0.7,0.05000384597022542
0.14814814814814814,-0.7,0.0300354911261654
0.18518518518518512,-0.7,0.03797222287409877
0.2222222222222221,-0.7,0.030402015291723386
0.2592592592592591,-0.7,0.021455657597781
0.2962962962962963,-0.7,0.0331890089236667
0.33333333333333326,-0.7,0.027391104718420108
0.37037037037037024,-0.7,0.03757628730800917
0.40740740740740744,-0.7,0.042262686623505435
0.4444444444444444,-0.7,0.027957502625429044
0.4814814814814814,-0.7,0.0463301686165531
0.5185185185185184,-0.7,0.011025513705791114
0.5555555555555554,-0.7,0.026363646710236034
0.5925925925925926,-0.7,0.027215808809536484
0.6296296296296295,-0.7,-0.0054216574481267404
0.6666666666666665,-0.7,0.029396032945932626
0.7037037037037037,-0.7,0.028740686133669466
0.7407407407407407,-0.7,0.041760785579445514
0.7777777777777777,-0.7,0.013306694184173315
0.8148148148148147,-0.7,0.02128557188697375
0.8518518518518516,-0.7,0.020255459315654728
0.8888888888888888,-0.7,-0.015644454639387358
0.9259259259259258,-0.7,0.012002076192675556
0.9629629629629628,-0.7,-0.015401894982145288
1.0,-0.7,0.009504139229358718
-1.0,-0.674074074074074,0.002651529210141255
-0.962962962962963,-0.674074074074074,-0.005255833964439997
-0.9259259259259259,-0.674074074074074,-0.041316162316243576
-0.8888888888888888,-0.674074074074074,0.01037625907001656
-0.8518518518518519,-0.674074074074074,-0.008129149905799151
-0.8148148148148149,-0.674074074074074,0.0012462892558128703
-0.7777777777777778,-0.674074074074074,-0.02510503216789029
-0.7407407407407407,-0.674074074074074,-0.021598601040163125
-0.7037037037037037,-0.674074074074074,0.01474717432000204
-0.6666666666666667,-0.674074074074074,-0.020189561052919244
-0.6296296296296297,-0.674074074074074,-0.024161996990269795
-0.5925925925925926,-0.674074074074074,-0.02354689236728592
-0.5555555555555556,-0.674074074074074,-0.0029023358276618373
-0.5185185185185186,-0.674074074074074,-0.04125852135996484
-0.4814814814814815,-0.674074074074074,-0.021759791954372942
-0.4444444444444444,-0.674074074074074,-0.029298199145406316
-0.40740740740740744,-0.674074074074074,0.023070602004961034
-0.37037037037037046,-0.674074074074074,0.003542895200505195
-0.33333333333333337,-0.674074074074074,-0.009020568561450839
-0.2962962962962963,-0.674074074074074,-0.004477664631927408
-0.2592592592592593,-0.674074074074074,-0.008440513207981414
-0.22222222222222232,-0.674074074074074,-0.008366614890705563
-0.18518518518518523,-0.674074074074074,-0.0006855300742941964
-0.14814814814814814,-0.674074074074074,0.03225562250949362
-0.11111111111111116,-0.674074074074074,0.0051472227577615765
-0.07407407407407418,-0.674074074074074,0.00956806743664767
-0.03703703703703709,-0.674074074074074,0.02230310346738145
0.0,-0.674074074074074,0.04387070837190492
0.03703703703703698,-0.674074074074074,0.03265040757190686
0.07407407407407396,-0.674074074074074,0.012993157660857558
0.11111111111111116,-0.674074074074074,0.033125410987720386
0.14814814814814814,-0.674074074074074,0.03533253705315979
0.18518518518518512,-0.674074074074074,0.017424459131456654
0.2222222222222221,-0.674074074074074,0.027993966522077605
0.2592592592592591,-0.674074074074074,0.045676042506263184
0.2962962962962963,-0.674074074074074,0.03471544691803918
0.33333333333333326,-0.674074074074074,0.06666564120538021
0.37037037037037024,-0.674074074074074,0.04636138750007513
0.40740740740740744,-0.674074074074074,0.033321050271096
0.4444444444444444,-0.674074074074074,0.03783571866601512
0.4814814814814814,-0.674074074074074,0.02360101793901207
0.5185185185185184,-0.674074074074074,0.02534176746893335
0.5555555555555554,-0.674074074074074,0.04465900594664914
0.5925925925925926,-0.674074074074074,0.029601742408419986
0.6296296296296295,-0.674074074074074,-0.0008413252751877064
0.6666666666666665,-0.674074074074074,0.005193530855835099
0.7037037037037037,-0.674074074074074,0.031568642639059244
0.7407407407407407,-0.674074074074074,0.003094026581761767
0.7777777777777777,-0.674074074074074,0.013132522864871078
0.8148148148148147,-0.674074074074074,0.032028087202959285
0.8518518518518516,-0.674074074074074,0.009997940296404108
0.8888888888888888,-0.674074074074074,0.00727551267113439
0.9259259259259258,-0.674074074074074,0.0037470261331807586
0.9629629629629628,-0.674074074074074,0.024252268291807426
1.0,-0.674074074074074,-0.003614695161941831
-1.0,-0.6481481481481481,-0.028937839713449987
-0.962962962962963,-0.6481481481481481,-0.010701344046234906
-0.9259259259259259,-0.6481481481481481,0.011163303179848467
-0.8888888888888888,-0.6481481481481481,-0.009340200480746255
-0.8518518518518519,-0.6481481481481481,0.007001186165247034
-0.8148148148148149,-0.6481481481481481,0.0007308700003493401
-0.7777777777777778,-0.6481481481481481,-0.03588358666506801
-0.7407407407407407,-0.6481481481481481,-0.01931179951770654
-0.7037037037037037,-0.6481481481481481,-0.022922977841417218
-0.6666666666666667,-0.6481481481481481,-0.022162171202571496
-0.6296296296296297,-0.6481481481481481,-0.004462224158480084
-0.5925925925925926,-0.6481481481481481,-0.0020846036197145028
-0.5555555555555556,-0.6481481481481481,-0.012173552131244903
-0.5185185185185186,-0.6481481481481481,-0.004675570305433301
-0.4814814814814815,-0.6481481481481481,-0.03112230200332184
-0.4444444444444444,-0.6481481481481481,-0.008527923896690772
-0.40740740740740744,-0.6481481481481481,-0.034963236217801556
-0.37037037037037046,-0.6481481481481481,-0.022065816056620224
-0.33333333333333337,-0.6481481481481481,-0.032793573121149194
-0.2962962962962963,-0.6481481481481481,0.007667636721006088
-0.2592592592592593,-0.6481481481481481,-0.013502562634920324
-0.22222222222222232,-0.6481481481481481,0.00865977484190126
-0.18518518518518523,-0.6481481481481481,-0.017963670029150766
-0.14814814814814814,-0.6481481481481481,0.01003653157734663
-0.11111111111111116,-0.6481481481481481,0.023927342231858835
-0.07407407407407418,-0.6481481481481481,0.018278634380711645
-0.03703703703703709,-0.6481481481481481,0.02491880781504722
0.0,-0.6481481481481481,0.029460263515807706
0.03703703703703698,-0.6481481481481481,0.031162097369347556
0.07407407407407396,-0.6481481481481481,0.031045841617545283
0.11111111111111116,-0.6481481481481481,0.027960875919215596
0.14814814814814814,-0.6481481481481481,0.05985702606041321
0.18518518518518512,-0.6481481481481481,0.04751581447795443
0.2222222222222221,-0.6481481481481481,0.050892051471905876
0.2592592592592591,-0.6481481481481481,0.0564441023587454
0.2962962962962963,-0.6481481481481481,0.03364129116586287
0.33333333333333326,-0.6481481481481481,0.03232334627913817
0.37037037037037024,-0.6481481481481481,0.03225014669433611
0.40740740740740744,-0.6481481481481481,0.0783682295221193
0.4444444444444444,-0.6481481481481481,0.045764733405724047
0.4814814814814814,-0.6481481481481481,0.058598156815338746
0.5185185185185184,-0.6481481481481481,0.017822208626855542
0.5555555555555554,-0.6481481481481481,0.036685865011688384
0.5925925925925926,-0.6481481481481481,0.04100417329183435
0.6296296296296295,-0.6481481481481481,0.027736713885588127
0.6666666666666665,-0.6481481481481481,0.04964394238133398
0.7037037037037037,-0.6481481481481481,0.02457209609270222
0.7407407407407407,-0.6481481481481481,0.025372104282115743
0.7777777777777777,-0.6481481481481481,0.040531992775274125
0.8148148148148147,-0.6481481481481481,0.04495624010208487
0.8518518518518516,-0.6481481481481481,0.023133089361429115
0.8888888888888888,-0.6481481481481481,0.008779014958027853
0.9259259259259258,-0.6481481481481481,0.009143487833053616
0.9629629629629628,-0.6481481481481481,0.029603120525067295
1.0,-0.6481481481481481,-0.006516186574477334
-1.0,-0.6222222222222222,-0.02750210151836161
-0.962962962962963,-0.6222222222222222,-0.028824781231190186
-0.9259259259259259,-0.6222222222222222,-0.0010026480186581463
-0.8888888888888888,-0.6222222222222222,-0.01222130066237339
-0.8518518518518519,-0.6222222222222222,-0.034217506366294614
-0.8148148148148149,-0.6222222222222222,-0.03401794164593203
-0.7777777777777778,-0.6222222222222222,-0.024943845801482685
-0.7407407407407407,-0.6222222222222222,-0.03449713473870732
-0.7037037037037037,-0.6222222222222222,-0.04396952525883061
-0.6666666666666667,-0.6222222222222222,-0.042125360436869944
-0.6296296296296297,-0.6222222222222222,-0.03351312363074162
-0.5925925925925926,-0.6222222222222222,-0.04035642247011517
-0.5555555555555556,-0.6222222222222222,-0.03183454366095839
-0.5185185185185186,-0.6222222222222222,-0.036489538035681585
-0.4814814814814815,-0.6222222222222222,-0.04110286920336892
-0.4444444444444444,-0.6222222222222222,-0.02212612924282644
-0.40740740740740744,-0.6222222222222222,-0.01952673145508181
-0.37037037037037046,-0.6222222222222222,-0.053668516763213145
-0.33333333333333337,-0.6222222222222222,-0.016529771111882852
-0.2962962962962963,-0.6222222222222222,-0.023610595630342117
-0.2592592592592593,-0.6222222222222222,-0.02728534723332888
-0.22222222222222232,-0.6222222222222222,0.004545203318651279
-0.18518518518518523,-0.6222222222222222,0.0027623621344444924
-0.14814814814814814,-0.6222222222222222,0.01346209806246404
-0.11111111111111116,-0.6222222222222222,0.0030179934995372415
-0.07407407407407418,-0.6222222222222222,0.0447909647385379
-0.03703703703703709,-0.6222222222222222,0.031812818929235674
0.0,-0.6222222222222222,0.02135971021114951
0.03703703703703698,-0.6222222222222222,0.06546195875189452
0.07407407407407396,-0.6222222222222222,0.029734340371747582
0.11111111111111116,-0.6222222222222222,0.07044869436603013
0.14814814814814814,-0.6222222222222222,0.04761257769367194
0.18518518518518512,-0.6222222222222222,0.04663777631777304
0.2222222222222221,-0.6222222222222222,0.04788361186727799
0.2592592592592591,-0.6222222222222222,0.045806490891306485
0.2962962962962963,-0.6222222222222222,0.04846379925533613
0.33333333333333326,-0.6222222222222222,0.06845538393829165
0.37037037037037024,-0.6222222222222222,0.06118096576770719
0.40740740740740744,-0.6222222222222222,0.03665399283293118
0.4444444444444444,-0.6222222222222222,0.06261961192843424
0.4814814814814814,-0.6222222222222222,0.034414376648479184
0.5185185185185184,-0.6222222222222222,0.06165287903551222
0.5555555555555554,-0.6222222222222222,0.043467811569667
0.5925925925925926,-0.6222222222222222,0.0433484362499859
0.6296296296296295,-0.6222222222222222,0.06082636143399172
0.6666666666666665,-0.6222222222222222,0.007861839518319143
0.7037037037037037,-0.6222222222222222,0.0684928119869303
0.7407407407407407,-0.6222222222222222,0.07767082108363728
0.7777777777777777,-0.6222222222222222,0.0437374993461336
0.8148148148148147,-0.6222222222222222,0.03226026583239236
0.8518518518518516,-0.6222222222222222,0.009911322486414286
0.8888888888888888,-0.6222222222222222,0.033865072529484105
0.9259259259259258,-0.6222222222222222,0.0117141485904523
0.9629629629629628,-0.6222222222222222,0.007794561518787054
1.0,-0.6222222222222222,-0.002076400437053592
-1.0,-0.5962962962962962,0.00427188157408134
-0.962962962962963,-0.5962962962962962,-0.00679273425840266
-0.9259259259259259,-0.5962962962962962,-0.04431883708523873
-0.8888888888888888,-0.5962962962962962,-0.026833826470627768
-0.8518518518518519,-0.5962962962962962,-0.0478627947219526
-0.8148148148148149,-0.5962962962962962,-0.016545855332583417
-0.7777777777777778,-0.5962962962962962,-0.0468641994439681
-0.7407407407407407,-0.5962962962962962,-0.036434317237912996
-0.7037037037037037,-0.5962962962962962,-0.028836850458966834
-0.6666666666666667,-0.5962962962962962,-0.04212504222047338
-0.6296296296296297,-0.5962962962962962,-0.059273440518256185
-0.5925925925925926,-0.5962962962962962,-0.048100269337636316
-0.5555555555555556,-0.5962962962962962,-0.06203429156960596
-0.5185185185185186,-0.5962962962962962,-0.019478486334627575
-0.4814814814814815,-0.5962962962962962,-0.026049837611311456
-0.4444444444444444,-0.5962962962962962,-0.06518026587307653
-0.40740740740740744,-0.5962962962962962,-0.05348907953316619
-0.37037037037037046,-0.5962962962962962,0.0016572312290153296
-0.33333333333333337,-0.5962962962962962,-0.018289923463725766
-0.2962962962962963,-0.5962962962962962,-0.028145009148326912
-0.2592592592592593,-0.5962962962962962,-0.003455881252090195
-0.22222222222222232,-0.5962962962962962,-0.005825479112584823
-0.18518518518518523,-0.5962962962962962,0.007918721250883224
-0.14814814814814814,-0.5962962962962962,-0.0023849145109078357
-0.11111111111111116,-0.5962962962962962,0.036212485929523586
-0.07407407407407418,-0.5962962962962962,0.02323359965275689
-0.03703703703703709,-0.5962962962962962,0.009470175871318605
0.0,-0.5962962962962962,0.034761001711383674
0.03703703703703698,-0.5962962962962962,0.0382238618088845
0.07407407407407396,-0.5962962962962962,0.05637968409535632
0.11111111111111116,-0.5962962962962962,0.06119340084857079
0.14814814814814814,-0.5962962962962962,0.0644016036717314
0.18518518518518512,-0.5962962962962962,0.054690015177640244
0.2222222222222221,-0.5962962962962962,0.07476759795127705
0.2592592592592591,-0.5962962962962962,0.06550823369828718
0.2962962962962963,-0.5962962962962962,0.1007935699592915
0.33333333333333326,-0.5962962962962962,0.059249894168634964
0.37037037037037024,-0.5962962962962962,0.07212449764932688
0.40740740740740744,-0.5962962962962962,0.06726278357123028
0.4444444444444444,-0.5962962962962962,0.05761043225481842
0.4814814814814814,-0.5962962962962962,0.07602343449469115
0.5185185185185184,-0.5962962962962962,0.07085251224627223
0.5555555555555554,-0.5962962962962962,0.06494684220390536
0.5925925925925926,-0.5962962962962962,0.08064476148643228
0.6296296296296295,-0.5962962962962962,0.04408788459752786
0.6666666666666665,-0.5962962962962962,0.054774665907502185
0.7037037037037037,-0.5962962962962962,0.044323160820477214
0.7407407407407407,-0.5962962962962962,0.04230395043837779
0.7777777777777777,-0.5962962962962962,0.013966895497438864
0.8148148148148147,-0.5962962962962962,0.0106587358272002
0.8518518518518516,-0.5962962962962962,0.037752563146447066
0.8888888888888888,-0.5962962962962962,0.0033148067215445394
0.9259259259259258,-0.5962962962962962,0.03486533618505376
0.9629629629629628,-0.5962962962962962,0.03824049357226973
1.0,-0.5962962962962962,0.003761997164965355
-1.0,-0.5703703703703703,-0.01477881010739324
-0.962962962962963,-0.5703703703703703,-0.02099682838761334
-0.9259259259259259,-0.5703703703703703,-0.004440478315761082
-0.8888888888888888,-0.5703703703703703,0.0012426452532929289
-0.8518518518518519,-0.5703703703703703,-0.02252890970714482
-0.8148148148148149,-0.5703703703703703,-0.025022946313415853
-0.7777777777777778,-0.5703703703703703,-0.02263611631608665
-0.7407407407407407,-0.5703703703703703,-0.05910397153649016
-0.7037037037037037,-0.5703703703703703,-0.04834962853518396
-0.6666666666666667,-0.5703703703703703,-0.036155284822658854
-0.6296296296296297,-0.5703703703703703,-0.05873494575695963
-0.5925925925925926,-0.5703703703703703,-0.027141660306283854
-0.5555555555555556,-0.5703703703703703,-0.0672728068533107
-0.5185185185185186,-0.5703703703703703,-0.05562153868789387
-0.4814814814814815,-0.5703703703703703,-0.049970620511731255
-0.4444444444444444,-0.5703703703703703,-0.03932882144991476
-0.40740740740740744,-0.5703703703703703,-0.060617057327318626
-0.37037037037037046,-0.5703703703703703,-0.04835882193572324
-0.33333333333333337,-0.5703703703703703,-0.03195314343315702
-0.2962962962962963,-0.5703703703703703,-0.03008241968651097
-0.2592592592592593,-0.5703703703703703,-0.015688994475826716
-0.22222222222222232,-0.5703703703703703,-0.029188842134938678
-0.18518518518518523,-0.5703703703703703,-0.025047146551915506
-0.14814814814814814,-0.5703703703703703,-0.04243563028563917
-0.11111111111111116,-0.5703703703703703,-0.00985406188707604
-0.07407407407407418,-0.5703703703703703,0.012339294508496267
-0.03703703703703709,-0.5703703703703703,0.007015362682783674
0.0,-0.5703703703703703,0.033097402284713466
0.03703703703703698,-0.5703703703703703,0.06135890376213772
0.07407407407407396,-0.5703703703703703,0.05010782054361326
0.11111111111111116,-0.5703703703703703,0.07951148722438936
0.14814814814814814,-0.5703703703703703,0.08409192798447215
0.18518518518518512,-0.5703703703703703,0.07936217109478036
0.2222222222222221,-0.5703703703703703,0.09486936226725645
0.2592592592592591,-0.5703703703703703,0.10123833958464605
0.2962962962962963,-0.5703703703703703,0.06914243363634626
0.33333333333333326,-0.5703703703703703,0.11530604831373265
0.37037037037037024,-0.5703703703703703,0.06381138977574204
0.40740740740740744,-0.5703703703703703,0.09323697383821687
0.4444444444444444,-0.5703703703703703,0.07737092607411886
0.4814814814814814,-0.5703703703703703,0.07476080875082196
0.5185185185185184,-0.5703703703703703,0.08190922222625846
0.5555555555555554,-0.5703703703703703,0.06796645664699012
0.5925925925925926,-0.5703703703703703,0.06544052717167337
0.6296296296296295,-0.5703703703703703,0.06201183591211979
0.6666666666666665,-0.5703703703703703,0.043303670491757595
0.7037037037037037,-0.5703703703703703,0.05448051044765566
0.7407407407407407,-0.5703703703703703,0.02883121874250352
0.7777777777777777,-0.5703703703703703,0.04825128276508051
0.8148148148148147,-0.5703703703703703,0.016757864215025158
0.8518518518518516,-0.5703703703703703,0.03393254394175853
0.8888888888888888,-0.5703703703703703,0.018066193843005438
0.9259259259259258,-0.5703703703703703,0.044268593443715795
0.9629629629629628,-0.5703703703703703,0.004088431781999614
1.0,-0.5703703703703703,0.033765206534042025
-1.0,-0.5444444444444444,-0.02758298435644116
-0.962962962962963,-0.5444444444444444,-0.05119474071694444
-0.9259259259259259,-0.5444444444444444,-0.010629413869220141
-0.8888888888888888,-0.5444444444444444,-0.021668107898873377
-0.8518518518518519,-0.5444444444444444,-0.01568558954801063
-0.8148148148148149,-0.5444444444444444,-0.05228537214517737
-0.7777777777777778,-0.5444444444444444,-0.036241403101870226
-0.7407407407407407,-0.5444444444444444,-0.03071772251462178
-0.7037037037037037,-0.5444444444444444,-0.054252936797128996
-0.6666666666666667,-0.5444444444444444,-0.016389543345717482
-0.6296296296296297,-0.5444444444444444,-0.0651405055906858
-0.5925925925925926,-0.5444444444444444,-0.047781267165450274
-0.5555555555555556,-0.5444444444444444,-0.07656783699468386
-0.5185185185185186,-0.5444444444444444,-0.07397492685684226
-0.4814814814814815,-0.5444444444444444,-0.06697473889161568
-0.4444444444444444,-0.5444444444444444,-0.060029515750963665
-0.40740740740740744,-0.5444444444444444,-0.05137161101850387
-0.37037037037037046,-0.5444444444444444,-0.04234478527981739
-0.33333333333333337,-0.5444444444444444,-0.07609201405445354
-0.2962962962962963,-0.5444444444444444,-0.034875704726135284
-0.2592592592592593,-0.5444444444444444,-0.0366168687350612
-0.22222222222222232,-0.5444444444444444,-0.04575106877122366
-0.18518518518518523,-0.5444444444444444,-0.019331286503251676
-0.14814814814814814,-0.5444444444444444,0.012909440565467596
-0.11111111111111116,-0.5444444444444444,0.022036351601430637
-0.07407407407407418,-0.5444444444444444,0.003335965823379465
-0.03703703703703709,-0.5444444444444444,0.02905190870735403
0.0,-0.5444444444444444,0.042325719984862474
0.03703703703703698,-0.5444444444444444,0.08103461958090226
0.07407407407407396,-0.5444444444444444,0.06751655467160039
0.11111111111111116,-0.5444444444444444,0.06983499820332141
0.14814814814814814,-0.5444444444444444,0.08932945330590514
0.18518518518518512,-0.5444444444444444,0.05967455228917566
0.2222222222222221,-0.5444444444444444,0.10437914710933273
0.2592592592592591,-0.5444444444444444,0.12174011695296069
0.2962962962962963,-0.5444444444444444,0.11609535900004159
0.33333333333333326,-0.5444444444444444,0.08373654076494734
0.37037037037037024,-0.5444444444444444,0.14733771008641425
0.40740740740740744,-0.5444444444444444,0.11805940384744901
0.4444444444444444,-0.5444444444444444,0.10403444826342982
0.4814814814814814,-0.5444444444444444,0.10023266046913647
0.5185185185185184,-0.5444444444444444,0.10901466381800376
0.5555555555555554,-0.5444444444444444,0.08843831770368525
0.5925925925925926,-0.5444444444444444,0.08191849141942659
0.6296296296296295,-0.5444444444444444,0.08625268630207254
0.6666666666666665,-0.5444444444444444,0.05354755255393635
0.7037037037037037,-0.5444444444444444,0.07401554627072725
0.7407407407407407,-0.5444444444444444,0.041366501911549294
0.7777777777777777,-0.5444444444444444,0.05551689406259695
0.8148148148148147,-0.5444444444444444,0.05831272372149854
0.8518518518518516,-0.5444444444444444,0.04445719618984198
0.8888888888888888,-0.5444444444444444,0.04347045379174763
0.9259259259259258,-0.5444444444444444,0.02063646350795114
0.9629629629629628,-0.5444444444444444,0.010205586113741316
1.0,-0.5444444444444444,0.03371171425210825
-1.0,-0.5185185185185185,-0.025776639890851785
-0.962962962962963,-0.5185185185185185,-0.043563985441561516
-0.9259259259259259,-0.5185185185185185,-0.045873426003274216
-0.8888888888888888,-0.5185185185185185,-0.0553359723001205
-0.8518518518518519,-0.5185185185185185,-0.040145943191218676
-0.8148148148148149,-0.5185185185185185,-0.04837179885223847
-0.7777777777777778,-0.5185185185185185,-0.04105225308512443
-0.7407407407407407,-0.5185185185185185,-0.08486707398235174
-0.7037037037037037,-0.5185185185185185,-0.07208024361100683
-0.6666666666666667,-0.5185185185185185,-0.0781407299034307
-0.6296296296296297,-0.5185185185185185,-0.1111696843887206
-0.5925925925925926,-0.5185185185185185,-0.08329656806505067
-0.5555555555555556,-0.5185185185185185,-0.07432649022830959
-0.5185185185185186,-0.5185185185185185,-0.0957698242212083
-0.4814814814814815,-0.5185185185185185,-0.10079296141235379
-0.4444444444444444,-0.5185185185185185,-0.044150199628913735
-0.40740740740740744,-0.5185185185185185,-0.09512235818043766
-0.37037037037037046,-0.5185185185185185,-0.04654062178411984
-0.33333333333333337,-0.5185185185185185,-0.05692458742748947
-0.2962962962962963,-0.5185185185185185,-0.046402314767387126
-0.2592592592592593,-0.5185185185185185,-0.05040550852567225
-0.22222222222222232,-0.5185185185185185,-0.04572624087712329
-0.18518518518518523,-0.5185185185185185,0.0035501747237361644
-0.14814814814814814,-0.5185185185185185,0.02353947899416691
-0.11111111111111116,-0.5185185185185185,-0.002654322481210336
-0.07407407407407418,-0.5185185185185185,0.04282118678435176
-0.03703703703703709,-0.5185185185185185,0.03959894277668335
0.0,-0.5185185185185185,0.06602994568517574
0.03703703703703698,-0.5185185185185185,0.06528345161147708
0.07407407407407396,-0.5185185185185185,0.07126899163565673
0.11111111111111116,-0.5185185185185185,0.07054892475988116
0.14814814814814814,-0.5185185185185185,0.07863530300421219
0.18518518518518512,-0.5185185185185185,0.1119213835368674
0.2222222222222221,-0.5185185185185185,0.11753788518526655
0.2592592592592591,-0.5185185185185185,0.1088202802003335
0.2962962962962963,-0.5185185185185185,0.10573038946453366
0.33333333333333326,-0.5185185185185185,0.11972513578853407
0.37037037037037024,-0.5185185185185185,0.13750566942960443
0.40740740740740744,-0.5185185185185185,0.1426220312892172
0.4444444444444444,-0.5185185185185185,0.1408690658333192
0.4814814814814814,-0.5185185185185185,0.12179118175494301
0.5185185185185184,-0.5185185185185185,0.12568520801213884
0.5555555555555554,-0.5185185185185185,0.08915006551711906
0.5925925925925926,-0.5185185185185185,0.12330707251769171
0.6296296296296295,-0.5185185185185185,0.09283468509932956
0.6666666666666665,-0.5185185185185185,0.07066787936040184
0.7037037037037037,-0.5185185185185185,0.05986902724854994
0.7407407407407407,-0.5185185185185185,0.049221023550189286
0.7777777777777777,-0.5185185185185185,0.05258919306866922
0.8148148148148147,-0.5185185185185185,0.06224050608938878
0.8518518518518516,-0.5185185185185185,0.03154332589557341
0.8888888888888888,-0.5185185185185185,0.04976552374188088
0.9259259259259258,-0.5185185185185185,0.03241184246288586
0.9629629629629628,-0.5185185185185185,-0.00023175074222389278
1.0,-0.5185185185185185,0.003574721468284872
-1.0,-0.4925925925925926,-0.037614796789270925
-0.962962962962963,-0.4925925925925926,-0.039999652597339064
-0.9259259259259259,-0.4925925925925926,-0.015494543997975417
-0.8888888888888888,-0.4925925925925926,-0.016124405691069044
-0.8518518518518519,-0.4925925925925926,-0.056099951946877266
-0.8148148148148149,-0.4925925925925926,-0.06385437632447505
-0.7777777777777778,-0.4925925925925926,-0.08728961158653636
-0.7407407407407407,-0.4925925925925926,-0.06604081561494506
-0.7037037037037037,-0.4925925925925926,-0.10147171862646909
-0.6666666666666667,-0.4925925925925926,-0.10125880983177431
-0.6296296296296297,-0.4925925925925926,-0.09717587639016488
-0.5925925925925926,-0.4925925925925926,-0.08830469428407926
-0.5555555555555556,-0.4925925925925926,-0.0988572731188311
-0.5185185185185186,-0.4925925925925926,-0.13770197673827225
-0.4814814814814815,-0.4925925925925926,-0.09630690602695934
-0.4444444444444444,-0.4925925925925926,-0.1042578788035236
-0.40740740740740744,-0.4925925925925926,-0.08849475283182207
-0.37037037037037046,-0.4925925925925926,-0.06641207942325504
-0.33333333333333337,-0.4925925925925926,-0.10150439400742195
-0.2962962962962963,-0.4925925925925926,-0.0642528516280708
-0.2592592592592593,-0.4925925925925926,-0.04117122607877646
-0.22222222222222232,-0.4925925925925926,-0.06399945550796318
-0.18518518518518523,-0.4925925925925926,-0.0059321754645435334
-0.14814814814814814,-0.4925925925925926,-0.00013204399004865426
-0.11111111111111116,-0.4925925925925926,0.011954835272849452
-0.07407407407407418,-0.4925925925925926,0.01364148481990344
-0.03703703703703709,-0.4925925925925926,0.04953299213516957
0.0,-0.4925925925925926,0.07156495854548561
0.03703703703703698,-0.4925925925925926,0.06593120708592196
0.07407407407407396,-0.4925925925925926,0.08457642170280652
0.11111111111111116,-0.4925925925925926,0.09540576010342476
0.14814814814814814,-0.4925925925925926,0.12516335841615114
0.18518518518518512,-0.4925925925925926,0.13740377347407604
0.2222222222222221,-0.4925925925925926,0.15485251669963754
0.2592592592592591,-0.4925925925925926,0.1534144194178407
0.2962962962962963,-0.4925925925925926,0.14694286271451498
0.33333333333333326,-0.4925925925925926,0.15542220038506455
0.37037037037037024,-0.4925925925925926,0.1420784389254764
0.40740740740740744,-0.4925925925925926,0.16748544634444743
0.4444444444444444,-0.4925925925925926,0.13467951061664157
0.4814814814814814,-0.4925925925925926,0.13044571133184316
0.5185185185185184,-0.4925925925925926,0.1369021975091035
0.5555555555555554,-0.4925925925925926,0.09985087829847769
0.5925925925925926,-0.4925925925925926,0.12520767608009334
0.6296296296296295,-0.4925925925925926,0.12856046928526346
0.6666666666666665,-0.4925925925925926,0.10825095366882713
0.7037037037037037,-0.4925925925925926,0.09925662594647383
0.7407407407407407,-0.4925925925925926,0.08633027593752063
0.7777777777777777,-0.4925925925925926,0.06994004164854649
0.8148148148148147,-0.4925925925925926,0.05979728318804925
0.8518518518518516,-0.4925925925925926,0.03517232956067877
0.8888888888888888,-0.4925925925925926,0.049428567885996824
0.9259259259259258,-0.4925925925925926,0.050379709132039215
0.9629629629629628,-0.4925925925925926,0.05965050863332691
1.0,-0.4925925925925926,0.02007585491484452
-1.0,-0.4666666666666666,-0.01158090234587762
-0.962962962962963,-0.4666666666666666,-0.022488644918261386
-0.9259259259259259,-0.4666666666666666,-0.04743191511115039
-0.8888888888888888,-0.4666666666666666,-0.060043131486068685
-0.8518518518518519,-0.4666666666666666,-0.07063308532138103
-0.8148148148148149,-0.4666666666666666,-0.07927192365586747
-0.7777777777777778,-0.4666666666666666,-0.06142745172246038
-0.7407407407407407,-0.4666666666666666,-0.11893584971066677
-0.7037037037037037,-0.4666666666666666,-0.1196245031350858
-0.6666666666666667,-0.4666666666666666,-0.13003955635752062
-0.6296296296296297,-0.4666666666666666,-0.11003222413734222
-0.5925925925925926,-0.4666666666666666,-0.11051629791013629
-0.5555555555555556,-0.4666666666666666,-0.13577314672253396
-0.5185185185185186,-0.4666666666666666,-0.10857214624593707
-0.4814814814814815,-0.4666666666666666,-0.13597750410037598
-0.4444444444444444,-0.4666666666666666,-0.09473621797578965
-0.40740740740740744,-0.4666666666666666,-0.11032681393897824
-0.37037037037037046,-0.4666666666666666,-0.08961565889846672
-0.33333333333333337,-0.4666666666666666,-0.11399119864975515
-0.2962962962962963,-0.4666666666666666,-0.06786694334689805
-0.2592592592592593,-0.4666666666666666,-0.06476224110031602
-0.22222222222222232,-0.4666666666666666,-0.0590186672009576
-0.18518518518518523,-0.4666666666666666,-0.05593920856171743
-0.14814814814814814,-0.4666666666666666,-0.001399025947217792
-0.11111111111111116,-0.4666666666666666,0.017684339152471876
-0.07407407407407418,-0.4666666666666666,0.02302884310903134
-0.03703703703703709,-0.4666666666666666,0.06345511312996065
0.0,-0.4666666666666666,0.08470792435849199
0.03703703703703698,-0.4666666666666666,0.10715993278171683
0.07407407407407396,-0.4666666666666666,0.09492806433988607
0.11111111111111116,-0.4666666666666666,0.13764776475237953
0.14814814814814814,-0.4666666666666666,0.14546471462313357
0.18518518518518512,-0.4666666666666666,0.1461112763249158
0.2222222222222221,-0.4666666666666666,0.16944410951758776
0.2592592592592591,-0.4666666666666666,0.16739722137766092
0.2962962962962963,-0.4666666666666666,0.1973506028045725
0.33333333333333326,-0.4666666666666666,0.18146513309126236
0.37037037037037024,-0.4666666666666666,0.18934379974428567
0.40740740740740744,-0.4666666666666666,0.19416811491517175
0.4444444444444444,-0.4666666666666666,0.20431989893050728
0.4814814814814814,-0.4666666666666666,0.18013674459525927
0.5185185185185184,-0.4666666666666666,0.14336936894849633
0.5555555555555554,-0.4666666666666666,0.1739757273538448
0.5925925925925926,-0.4666666666666666,0.14446590929275716
0.6296296296296295,-0.4666666666666666,0.14656671584460834
0.6666666666666665,-0.4666666666666666,0.11996412894011461
0.7037037037037037,-0.4666666666666666,0.1007029017373996
0.7407407407407407,-0.4666666666666666,0.07340960982680378
0.7777777777777777,-0.4666666666666666,0.08535078069108293
0.8148148148148147,-0.4666666666666666,0.08411501354451299
0.8518518518518516,-0.4666666666666666,0.05418197115588814
0.8888888888888888,-0.4666666666666666,0.04475676289334844
0.9259259259259258,-0.4666666666666666,0.034439457766958344
0.9629629629629628,-0.4666666666666666,0.03526756956951942
1.0,-0.4666666666666666,0.03273704937353797
-1.0,-0.4407407407407407,0.005569518261809745
-0.962962962962963,-0.4407407407407407,-0.027706881591464484
-0.9259259259259259,-0.4407407407407407,-0.03543112989810566
-0.8888888888888888,-0.4407407407407407,-0.068599231265407
-0.8518518518518519,-0.4407407407407407,-0.053341881924218404
-0.8148148148148149,-0.4407407407407407,-0.08130542125359681
-0.7777777777777778,-0.4407407407407407,-0.11484393912560589
-0.7407407407407407,-0.4407407407407407,-0.119955449376768
-0.7037037037037037,-0.4407407407407407,-0.11906925801013517
-0.6666666666666667,-0.4407407407407407,-0.10836401193880599
-0.6296296296296297,-0.4407407407407407,-0.13191906081413463
-0.5925925925925926,-0.4407407407407407,-0.11434814228104728
-0.5555555555555556,-0.4407407407407407,-0.1350047018007736
-0.5185185185185186,-0.4407407407407407,-0.1560369140414863
-0.4814814814814815,-0.4407407407407407,-0.1533354960984325
-0.4444444444444444,-0.4407407407407407,-0.11287269514789167
-0.40740740740740744,-0.4407407407407407,-0.1433529850097717
-0.37037037037037046,-0.4407407407407407,-0.13534024300228586
-0.33333333333333337,-0.4407407407407407,-0.1251309659295026
-0.2962962962962963,-0.4407407407407407,-0.11713418900727238
-0.2592592592592593,-0.4407407407407407,-0.06929858199950847
-0.22222222222222232,-0.4407407407407407,-0.048084790362818285
-0.18518518518518523,-0.4407407407407407,-0.056352629265800744
-0.14814814814814814,-0.4407407407407407,0.007577123259796932
-0.11111111111111116,-0.4407407407407407,0.020516815002354492
-0.07407407407407418,-0.4407407407407407,0.025610854198633144
-0.03703703703703709,-0.4407407407407407,0.03365305943132638
0.0,-0.4407407407407407,0.0736428319053661
0.03703703703703698,-0.4407407407407407,0.09730451390391621
0.07407407407407396,-0.4407407407407407,0.1364383771862103
0.11111111111111116,-0.4407407407407407,0.14012128149056238
0.14814814814814814,-0.4407407407407407,0.17865822273465826
0.18518518518518512,-0.4407407407407407,0.2170313208118473
0.2222222222222221,-0.4407407407407407,0.18178941410395102
0.2592592592592591,-0.4407407407407407,0.193675519317981
0.2962962962962963,-0.4407407407407407,0.22799699276002386
0.33333333333333326,-0.4407407407407407,0.23990198282751624
0.37037037037037024,-0.4407407407407407,0.18431413581231149
0.40740740740740744,-0.4407407407407407,0.20140359235361477
0.4444444444444444,-0.4407407407407407,0.17994527479480477
0.4814814814814814,-0.4407407407407407,0.20234636632377223
0.5185185185185184,-0.4407407407407407,0.1889242344630435
0.5555555555555554,-0.4407407407407407,0.16384314214082324
0.5925925925925926,-0.4407407407407407,0.1670277180968615
0.6296296296296295,-0.4407407407407407,0.16808513375813816
0.6666666666666665,-0.4407407407407407,0.08856731970166937
0.7037037037037037,-0.4407407407407407,0.09771932978037633
0.7407407407407407,-0.4407407407407407,0.09657854277847772
0.7777777777777777,-0.4407407407407407,0.09478013249425024
0.8148148148148147,-0.4407407407407407,0.08951209172102444
0.8518518518518516,-0.4407407407407407,0.07477679152327994
0.8888888888888888,-0.4407407407407407,0.0884394252072486
0.9259259259259258,-0.4407407407407407,0.05306070542922939
0.9629629629629628,-0.4407407407407407,0.03189049787201002
1.0,-0.4407407407407407,0.02361295674332279
-1.0,-0.4148148148148148,-0.02391988758420804
-0.962962962962963,-0.4148148148148148,-0.014727692467236058
-0.9259259259259259,-0.4148148148148148,-0.02292880480577652
-0.8888888888888888,-0.4148148148148148,-0.0671136907611494
-0.8518518518518519,-0.4148148148148148,-0.0546176583688087
-0.8148148148148149,-0.4148148148148148,-0.10494337922398299
-0.7777777777777778,-0.4148148148148148,-0.0909447380283491
-0.7407407407407407,-0.4148148148148148,-0.11863846048025294
-0.7037037037037037,-0.4148148148148148,-0.10318675780703425
-0.6666666666666667,-0.4148148148148148,-0.13616603944164102
-0.6296296296296297,-0.4148148148148148,-0.1468020234739003
-0.5925925925925926,-0.4148148148148148,-0.16365279951052736
-0.5555555555555556,-0.4148148148148148,-0.17994404665483865
-0.5185185185185186,-0.4148148148148148,-0.17454825454908887
-0.4814814814814815,-0.4148148148148148,-0.17960428664890374
-0.4444444444444444,-0.4148148148148148,-0.18415822926856235
-0.40740740740740744,-0.4148148148148148,-0.1355994599126326
-0.37037037037037046,-0.4148148148148148,-0.12854687593386213
-0.33333333333333337,-0.4148148148148148,-0.12295860170603545
-0.2962962962962963,-0.4148148148148148,-0.10605304306420274
-0.2592592592592593,-0.4148148148148148,-0.1166418234730877
-0.22222222222222232,-0.4148148148148148,-0.11538601341264046
-0.18518518518518523,-0.4148148148148148,-0.041253096332771896
-0.14814814814814814,-0.4148148148148148,-0.015511701203479536
-0.11111111111111116,-0.4148148148148148,0.01290143209466444
-0.07407407407407418,-0.4148148148148148,0.045927940037106915
-0.03703703703703709,-0.4148148148148148,0.07240315099808543
0.0,-0.4148148148148148,0.08009756140758549
0.03703703703703698,-0.4148148148148148,0.12809330555247808
0.07407407407407396,-0.4148148148148148,0.15319199386520704
0.11111111111111116,-0.4148148148148148,0.19214850732526736
0.14814814814814814,-0.4148148148148148,0.19966476903447597
0.18518518518518512,-0.4148148148148148,0.211366243486298
0.2222222222222221,-0.4148148148148148,0.2259159849629932
0.2592592592592591,-0.4148148148148148,0.22164927978442273
0.2962962962962963,-0.4148148148148148,0.23653288312315063
0.33333333333333326,-0.4148148148148148,0.2592242795830502
0.37037037037037024,-0.4148148148148148,0.21693307259530678
0.40740740740740744,-0.4148148148148148,0.22899188430917647
0.4444444444444444,-0.4148148148148148,0.24834577878040354
0.4814814814814814,-0.4148148148148148,0.21750353880038104
0.5185185185185184,-0.4148148148148148,0.19146882051383923
0.5555555555555554,-0.4148148148148148,0.2103864338063264
0.5925925925925926,-0.4148148148148148,0.19843211245136613
0.6296296296296295,-0.4148148148148148,0.1798460978931829
0.6666666666666665,-0.4148148148148148,0.16220782351708432
0.7037037037037037,-0.4148148148148148,0.12065536216381668
0.7407407407407407,-0.4148148148148148,0.16676564245323006
0.7777777777777777,-0.4148148148148148,0.09957140808770178
0.8148148148148147,-0.4148148148148148,0.08645793638679036
0.8518518518518516,-0.4148148148148148,0.09417377199908117
0.8888888888888888,-0.4148148148148148,0.08140274487138045
0.9259259259259258,-0.4148148148148148,0.06218487646531442
0.9629629629629628,-0.4148148148148148,0.05510400540687985
1.0,-0.4148148148148148,0.053243492116962575
-1.0,-0.38888888888888884,0.034280534205075965
-0.962962962962963,-0.38888888888888884,-0.006618982474125696
-0.9259259259259259,-0.38888888888888884,-0.014625712713141795
-0.8888888888888888,-0.38888888888888884,-0.033454169354148466
-0.8518518518518519,-0.38888888888888884,-0.05527636393234299
-0.8148148148148149,-0.38888888888888884,-0.08212023572847364
-0.7777777777777778,-0.38888888888888884,-0.11661913712350472
-0.7407407407407407,-0.38888888888888884,-0.11248718810880257
-0.7037037037037037,-0.38888888888888884,-0.1258730588614422
-0.6666666666666667,-0.38888888888888884,-0.1454582677338672
-0.6296296296296297,-0.38888888888888884,-0.18855088947188473
-0.5925925925925926,-0.38888888888888884,-0.16803366102477835
-0.5555555555555556,-0.38888888888888884,-0.15698593925271495
-0.5185185185185186,-0.38888888888888884,-0.1767388631685235
-0.4814814814814815,-0.38888888888888884,-0.1915549915568384
-0.4444444444444444,-0.38888888888888884,-0.17663809604463881
-0.40740740740740744,-0.38888888888888884,-0.17562382609893396
-0.37037037037037046,-0.38888888888888884,-0.1685357687635826
-0.33333333333333337,-0.38888888888888884,-0.1408352991565103
-0.2962962962962963,-0.38888888888888884,-0.12624739838260424
-0.2592592592592593,-0.38888888888888884,-0.12006915083642573
-0.22222222222222232,-0.38888888888888884,-0.05691649005357868
-0.18518518518518523,-0.38888888888888884,-0.0414685729379827
-0.14814814814814814,-0.38888888888888884,-0.05225384574923801
-0.11111111111111116,-0.38888888888888884,0.002651128533826254
-0.07407407407407418,-0.38888888888888884,0.036564303547907705
-0.03703703703703709,-0.38888888888888884,0.031423672665314394
0.0,-0.38888888888888884,0.084344657835086
0.03703703703703698,-0.38888888888888884,0.15106673003728613
0.07407407407407396,-0.38888888888888884,0.1642571808883293
0.11111111111111116,-0.38888888888888884,0.19900533556164157
0.14814814814814814,-0.38888888888888884,0.22000454942094277
0.18518518518518512,-0.38888888888888884,0.23852083777785577
0.2222222222222221,-0.38888888888888884,0.24764536597869072
0.2592592592592591,-0.38888888888888884,0.2487202499577958
0.2962962962962963,-0.38888888888888884,0.25053948455306635
0.33333333333333326,-0.38888888888888884,0.2693687939636543
0.37037037037037024,-0.38888888888888884,0.2948351233357573
0.40740740740740744,-0.38888888888888884,0.2934778460658555
0.4444444444444444,-0.38888888888888884,0.2916513693671789
0.4814814814814814,-0.38888888888888884,0.25929622943234787
0.5185185185185184,-0.38888888888888884,0.2360511044717575
0.5555555555555554,-0.38888888888888884,0.25609226364340465
0.5925925925925926,-0.38888888888888884,0.23319121658679548
0.6296296296296295,-0.38888888888888884,0.20769275728037526
0.6666666666666665,-0.38888888888888884,0.18865221979958097
0.7037037037037037,-0.38888888888888884,0.15671118246544027
0.7407407407407407,-0.38888888888888884,0.1641379789497325
0.7777777777777777,-0.38888888888888884,0.10125251814620986
0.8148148148148147,-0.38888888888888884,0.10606765563492637
0.8518518518518516,-0.38888888888888884,0.10586603033593502
0.8888888888888888,-0.38888888888888884,0.08330946032381562
0.9259259259259258,-0.38888888888888884,0.0943513612194484
0.9629629629629628,-0.38888888888888884,0.0653890228884166
1.0,-0.38888888888888884,0.03867616014648036
-1.0,-0.36296296296296293,0.03790022365686325
-0.962962962962963,-0.36296296296296293,-0.007810943137312447
-0.9259259259259259,-0.36296296296296293,0.01829454740496893
-0.8888888888888888,-0.36296296296296293,-0.023589155263481543
-0.8518518518518519,-0.36296296296296293,-0.04078101678288092
-0.8148148148148149,-0.36296296296296293,-0.09323645058608984
-0.7777777777777778,-0.36296296296296293,-0.11428189841299369
-0.7407407407407407,-0.36296296296296293,-0.11252028455804254
-0.7037037037037037,-0.36296296296296293,-0.14898952737544446
-0.6666666666666667,-0.36296296296296293,-0.1599955399553357
-0.6296296296296297,-0.36296296296296293,-0.15147788304480514
-0.5925925925925926,-0.36296296296296293,-0.18063983068038642
-0.5555555555555556,-0.36296296296296293,-0.18984008011015932
-0.5185185185185186,-0.36296296296296293,-0.19743307371970364
-0.4814814814814815,-0.36296296296296293,-0.20995826595792336
-0.4444444444444444,-0.36296296296296293,-0.18873108095950597
-0.40740740740740744,-0.36296296296296293,-0.18967742382852687
-0.37037037037037046,-0.36296296296296293,-0.14502467801430038
-0.33333333333333337,-0.36296296296296293,-0.15499198952274615
-0.2962962962962963,-0.36296296296296293,-0.17010230508223115
-0.2592592592592593,-0.36296296296296293,-0.1260228959892131
-0.22222222222222232,-0.36296296296296293,-0.10672685603105489
-0.18518518518518523,-0.36296296296296293,-0.04023998386059268
-0.14814814814814814,-0.36296296296296293,-0.03054485618713287
-0.11111111111111116,-0.36296296296296293,-0.011999540258492118
-0.07407407407407418,-0.36296296296296293,0.0384270029502205
-0.03703703703703709,-0.36296296296296293,0.09695313711210257
0.0,-0.36296296296296293,0.13037538569730084
0.03703703703703698,-0.36296296296296293,0.1564420025266544
0.07407407407407396,-0.36296296296296293,0.19042545329224134
0.11111111111111116,-0.36296296296296293,0.1999504141792807
0.14814814814814814,-0.36296296296296293,0.24092575537259364
0.18518518518518512,-0.36296296296296293,0.2681319856311565
0.2222222222222221,-0.36296296296296293,0.27726088445236535
0.2592592592592591,-0.36296296296296293,0.3077354307812625
0.2962962962962963,-0.36296296296296293,0.29805463988920833
0.33333333333333326,-0.36296296296296293,0.33475144358861275
0.37037037037037024,-0.36296296296296293,0.309674997104053
0.40740740740740744,-0.36296296296296293,0.3016815189432291
0.4444444444444444,-0.36296296296296293,0.2908634999568138
0.4814814814814814,-0.36296296296296293,0.2910623933745089
0.5185185185185184,-0.36296296296296293,0.2871486994593335
0.5555555555555554,-0.36296296296296293,0.2686711176061596
0.5925925925925926,-0.36296296296296293,0.23457813148827514
0.6296296296296295,-0.36296296296296293,0.2279928426342612
0.6666666666666665,-0.36296296296296293,0.18845231560738604
0.7037037037037037,-0.36296296296296293,0.18225798676560834
0.7407407407407407,-0.36296296296296293,0.1711210084035445
0.7777777777777777,-0.36296296296296293,0.14555783352393112
0.8148148148148147,-0.36296296296296293,0.11622890699671509
0.8518518518518516,-0.36296296296296293,0.0948550020577695
0.8888888888888888,-0.36296296296296293,0.09506847981189986
0.9259259259259258,-0.36296296296296293,0.0758169106435062
0.9629629629629628,-0.36296296296296293,0.03618099879867416
1.0,-0.36296296296296293,0.0374848460309338
-1.0,-0.337037037037037,0.06414559986386144
-0.962962962962963,-0.337037037037037,0.04428125889025489
-0.9259259259259259,-0.337037037037037,0.013262843979942963
-0.8888888888888888,-0.337037037037037,0.007467959220824372
-0.8518518518518519,-0.337037037037037,-0.05766828090038442
-0.8148148148148149,-0.337037037037037,-0.04723648810138646
-0.7777777777777778,-0.337037037037037,-0.10069320671412274
-0.7407407407407407,-0.337037037037037,-0.11516029893511075
-0.7037037037037037,-0.337037037037037,-0.1490917281235658
-0.6666666666666667,-0.337037037037037,-0.1614610245130435
-0.6296296296296297,-0.337037037037037,-0.2050712675132113
-0.5925925925925926,-0.337037037037037,-0.17682972758755044
-0.5555555555555556,-0.337037037037037,-0.21745307899019342
-0.5185185185185186,-0.337037037037037,-0.2187954194742676
-0.4814814814814815,-0.337037037037037,-0.2540118892163481
-0.4444444444444444,-0.337037037037037,-0.21949224535096984
-0.40740740740740744,-0.337037037037037,-0.22109064511981322
-0.37037037037037046,-0.337037037037037,-0.18838996758521628
-0.33333333333333337,-0.337037037037037,-0.17747037025154935
-0.2962962962962963,-0.337037037037037,-0.16847153938905812
-0.2592592592592593,-0.337037037037037,-0.15604991100355117
-0.22222222222222232,-0.337037037037037,-0.08400740371633159
-0.18518518518518523,-0.337037037037037,-0.07509551321783649
-0.14814814814814814,-0.337037037037037,-0.017441500792145067
-0.11111111111111116,-0.337037037037037,0.022239800949984553
-0.07407407407407418,-0.337037037037037,0.07035623819897295
-0.03703703703703709,-0.337037037037037,0.07079460988647379
0.0,-0.337037037037037,0.1145552893497242
0.03703703703703698,-0.337037037037037,0.16592703139394827
0.07407407407407396,-0.337037037037037,0.19958089223378628
0.11111111111111116,-0.337037037037037,0.25581454140266713
0.14814814814814814,-0.337037037037037,0.2814595692944469
0.18518518518518512,-0.337037037037037,0.31347750876667363
0.2222222222222221,-0.337037037037037,0.3287545902724506
0.2592592592592591,-0.337037037037037,0.3493833603109134
0.2962962962962963,-0.337037037037037,0.3615943628596484
0.33333333333333326,-0.337037037037037,0.3622254166216774
0.37037037037037024,-0.337037037037037,0.3530523521406695
0.40740740740740744,-0.337037037037037,0.3748317458707436
0.4444444444444444,-0.337037037037037,0.34273582502282657
0.4814814814814814,-0.337037037037037,0.3110790341868391
0.5185185185185184,-0.337037037037037,0.2901464616777214
0.5555555555555554,-0.337037037037037,0.30727563965955057
0.5925925925925926,-0.337037037037037,0.2731323427082592
0.6296296296296295,-0.337037037037037,0.24930668949717671
0.6666666666666665,-0.337037037037037,0.21281090999027766
0.7037037037037037,-0.337037037037037,0.21267672760638623
0.7407407407407407,-0.337037037037037,0.2011981103258776
0.7777777777777777,-0.337037037037037,0.1693536302678875
0.8148148148148147,-0.337037037037037,0.12765368964564808
0.8518518518518516,-0.337037037037037,0.12156090142043274
0.8888888888888888,-0.337037037037037,0.1081620412141683
0.9259259259259258,-0.337037037037037,0.07545541578167216
0.9629629629629628,-0.337037037037037,0.057458820301924715
1.0,-0.337037037037037,0.04504123576266072
-1.0,-0.31111111111111106,0.11675509860419173
-0.962962962962963,-0.31111111111111106,0.0844242744449788
-0.9259259259259259,-0.31111111111111106,0.03463442538695065
-0.8888888888888888,-0.31111111111111106,0.009972109072518217
-0.8518518518518519,-0.31111111111111106,-0.004755022382649337
-0.8148148148148149,-0.31111111111111106,-0.03495214304848508
-0.7777777777777778,-0.31111111111111106,-0.06912336149672918
-0.7407407407407407,-0.31111111111111106,-0.12096659170213148
-0.7037037037037037,-0.31111111111111106,-0.14820847231550616
-0.6666666666666667,-0.31111111111111106,-0.15947857569411134
-0.6296296296296297,-0.31111111111111106,-0.16850494340797037
-0.5925925925925926,-0.31111111111111106,-0.18880621177513987
-0.5555555555555556,-0.31111111111111106,-0.21392949467295094
-0.5185185185185186,-0.31111111111111106,-0.23311820604971023
-0.4814814814814815,-0.31111111111111106,-0.2028655188362444
-0.4444444444444444,-0.31111111111111106,-0.2392925805384853
-0.40740740740740744,-0.31111111111111106,-0.2183925354692102
-0.37037037037037046,-0.31111111111111106,-0.2055030157219018
-0.33333333333333337,-0.31111111111111106,-0.18392889254328956
-0.2962962962962963,-0.31111111111111106,-0.1472944440840484
-0.2592592592592593,-0.31111111111111106,-0.16902434713093226
-0.22222222222222232,-0.31111111111111106,-0.14857851314872653
-0.18518518518518523,-0.31111111111111106,-0.06350656810762612
-0.14814814814814814,-0.31111111111111106,-0.014391073218203463
-0.11111111111111116,-0.31111111111111106,0.027226050595123487
-0.07407407407407418,-0.31111111111111106,0.0694816919208725
-0.03703703703703709,-0.31111111111111106,0.10415607081674531
0.0,-0.31111111111111106,0.14754556843475497
0.03703703703703698,-0.31111111111111106,0.22407550011834731
0.07407407407407396,-0.31111111111111106,0.2258354785904228
0.11111111111111116,-0.31111111111111106,0.29201440923961697
0.14814814814814814,-0.31111111111111106,0.3067653692367934
0.18518518518518512,-0.31111111111111106,0.339525546265602
0.2222222222222221,-0.31111111111111106,0.34885741513617036
0.2592592592592591,-0.31111111111111106,0.37717155672339814
0.2962962962962963,-0.31111111111111106,0.3828960147285111
0.33333333333333326,-0.31111111111111106,0.3750435114407882
0.37037037037037024,-0.31111111111111106,0.38379328686694714
0.40740740740740744,-0.31111111111111106,0.3662055670856722
0.4444444444444444,-0.31111111111111106,0.3961642521192379
0.4814814814814814,-0.31111111111111106,0.3531522105114753
0.5185185185185184,-0.31111111111111106,0.3432817003939035
0.5555555555555554,-0.31111111111111106,0.35288989867591847
0.5925925925925926,-0.31111111111111106,0.31450220532576945
0.6296296296296295,-0.31111111111111106,0.27307100636640746
0.6666666666666665,-0.31111111111111106,0.2677819554141176
0.7037037037037037,-0.31111111111111106,0.2318813524240772
0.7407407407407407,-0.31111111111111106,0.21100361557872416
0.7777777777777777,-0.31111111111111106,0.16405991255961264
0.8148148148148147,-0.31111111111111106,0.16633665167588194
0.8518518518518516,-0.31111111111111106,0.13525218615290532
0.8888888888888888,-0.31111111111111106,0.10560562669723471
0.9259259259259258,-0.31111111111111106,0.07949441614560955
0.9629629629629628,-0.31111111111111106,0.07333281372455781
1.0,-0.31111111111111106,0.050532722065551684
-1.0,-0.28518518518518515,0.09548480121618728
-0.962962962962963,-0.28518518518518515,0.07166339140117174
-0.9259259259259259,-0.28518518518518515,0.03162588109574292
-0.8888888888888888,-0.28518518518518515,0.034923388912232955
-0.8518518518518519,-0.28518518518518515,-0.00044421310394543966
-0.8148148148148149,-0.28518518518518515,-0.06267571276925857
-0.7777777777777778,-0.28518518518518515,-0.04968125764942265
-0.7407407407407407,-0.28518518518518515,-0.1115368550274958
-0.7037037037037037,-0.28518518518518515,-0.1506246368348848
-0.6666666666666667,-0.28518518518518515,-0.1537593331090134
-0.6296296296296297,-0.28518518518518515,-0.16035034969856687
-0.5925925925925926,-0.28518518518518515,-0.17467182673744427
-0.5555555555555556,-0.28518518518518515,-0.22067526219437686
-0.5185185185185186,-0.28518518518518515,-0.21893488242424378
-0.4814814814814815,-0.28518518518518515,-0.22629595526943772
-0.4444444444444444,-0.28518518518518515,-0.20869059154035996
-0.40740740740740744,-0.28518518518518515,-0.20971145297314722
-0.37037037037037046,-0.28518518518518515,-0.2039629356753838
-0.33333333333333337,-0.28518518518518515,-0.1877812357429672
-0.2962962962962963,-0.28518518518518515,-0.1654001129627177
-0.2592592592592593,-0.28518518518518515,-0.13602200923552768
-0.22222222222222232,-0.28518518518518515,-0.10763510531700224
-0.18518518518518523,-0.28518518518518515,-0.0747531619754702
-0.14814814814814814,-0.28518518518518515,-0.0005504096997069989
-0.11111111111111116,-0.28518518518518515,0.02728501935772649
-0.07407407407407418,-0.28518518518518515,0.07748944976478231
-0.03703703703703709,-0.28518518518518515,0.12006721806963623
0.0,-0.28518518518518515,0.17922867802237738
0.03703703703703698,-0.28518518518518515,0.21336923274806033
0.07407407407407396,-0.28518518518518515,0.27340521366778436
0.11111111111111116,-0.28518518518518515,0.3067983071169639
0.14814814814814814,-0.28518518518518515,0.36577069232536086
0.18518518518518512,-0.28518518518518515,0.3520760999823639
0.2222222222222221,-0.28518518518518515,0.42672470852304795
0.2592592592592591,-0.28518518518518515,0.4300217866720425
0.2962962962962963,-0.28518518518518515,0.42474164426986666
0.33333333333333326,-0.28518518518518515,0.45509739096851914
0.37037037037037024,-0.28518518518518515,0.44202657741820267
0.40740740740740744,-0.28518518518518515,0.44670741447194573
0.4444444444444444,-0.28518518518518515,0.4264512691255272
0.4814814814814814,-0.28518518518518515,0.41572701221492897
0.5185185185185184,-0.28518518518518515,0.3924762477958825
0.5555555555555554,-0.28518518518518515,0.36415100265450345
0.5925925925925926,-0.28518518518518515,0.33458658373497274
0.6296296296296295,-0.28518518518518515,0.3247923684802484
0.6666666666666665,-0.28518518518518515,0.29806125123818783
0.7037037037037037,-0.28518518518518515,0.26943622416725843
0.7407407407407407,-0.28518518518518515,0.22403067182478878
0.7777777777777777,-0.28518518518518515,0.20343461319658493
0.8148148148148147,-0.28518518518518515,0.179776265289278
0.8518518518518516,-0.28518518518518515,0.15539813405322025
0.8888888888888888,-0.28518518518518515,0.1299828080575836
0.9259259259259258,-0.28518518518518515,0.11775136171315109
0.9629629629629628,-0.28518518518518515,0.08530902789748426
1.0,-0.28518518518518515,0.08472869627505032
-1.0,-0.25925925925925924,0.08386773421760271
-0.962962962962963,-0.25925925925925924,0.07446448582347359
-0.9259259259259259,-0.25925925925925924,0.0478477871959094
-0.8888888888888888,-0.25925925925925924,0.022367951075213565
-0.8518518518518519,-0.25925925925925924,0.015389269770626126
-0.8148148148148149,-0.25925925925925924,-0.04713780121387456
-0.7777777777777778,-0.25925925925925924,-0.061052745010804134
-0.7407407407407407,-0.25925925925925924,-0.08785204686129001
-0.7037037037037037,-0.25925925925925924,-0.1064672354220237
-0.6666666666666667,-0.25925925925925924,-0.1547641387715333
-0.6296296296296297,-0.25925925925925924,-0.18214549215885875
-0.5925925925925926,-0.25925925925925924,-0.19563333320833023
-0.5555555555555556,-0.25925925925925924,-0.20431679001071107
-0.5185185185185186,-0.25925925925925924,-0.21060710587964135
-0.4814814814814815,-0.25925925925925924,-0.19844090551751606
-0.4444444444444444,-0.25925925925925924,-0.1988551196622706
-0.40740740740740744,-0.25925925925925924,-0.20694116493515274
-0.37037037037037046,-0.25925925925925924,-0.20240318619712097
-0.33333333333333337,-0.25925925925925924,-0.17564217438447893
-0.2962962962962963,-0.25925925925925924,-0.1563972869243028
-0.2592592592592593,-0.25925925925925924,-0.13486521652282732
-0.22222222222222232,-0.25925925925925924,-0.10063793203791707
-0.18518518518518523,-0.25925925925925924,-0.027316149384648665
-0.14814814814814814,-0.25925925925925924,0.0004205212164929955
-0.11111111111111116,-0.25925925925925924,0.03254512835549383
-0.07407407407407418,-0.25925925925925924,0.11190088337072833
-0.03703703703703709,-0.25925925925925924,0.13591128937894603
0.0,-0.25925925925925924,0.19663144330077414
0.03703703703703698,-0.25925925925925924,0.2563916853229354
0.07407407407407396,-0.25925925925925924,0.3007691842161796
0.11111111111111116,-0.25925925925925924,0.3430400592810941
0.14814814814814814,-0.25925925925925924,0.3797762395530217
0.18518518518518512,-0.25925925925925924,0.4122920429227053
0.2222222222222221,-0.25925925925925924,0.43419976149546485
0.2592592592592591,-0.25925925925925924,0.4761946376274605
0.2962962962962963,-0.25925925925925924,0.5026829212483082
0.33333333333333326,-0.25925925925925924,0.48083146998745696
0.37037037037037024,-0.25925925925925924,0.5016948968360264
0.40740740740740744,-0.25925925925925924,0.4978800564156119
0.4444444444444444,-0.25925925925925924,0.4564728252338183
0.4814814814814814,-0.25925925925925924,0.4697388906058691
0.5185185185185184,-0.25925925925925924,0.4454256651947507
0.5555555555555554,-0.25925925925925924,0.4064391107783526
0.5925925925925926,-0.25925925925925924,0.3684193733546333
0.6296296296296295,-0.25925925925925924,0.3562462418578306
0.6666666666666665,-0.25925925925925924,0.32134087683847246
0.7037037037037037,-0.25925925925925924,0.2739276011520007
0.7407407407407407,-0.25925925925925924,0.2173914919626964
0.7777777777777777,-0.25925925925925924,0.23996371810570707
0.8148148148148147,-0.25925925925925924,0.15422248054446291
0.8518518518518516,-0.25925925925925924,0.16526188533366115
0.8888888888888888,-0.25925925925925924,0.10478543907266982
0.9259259259259258,-0.25925925925925924,0.11297682526454308
0.9629629629629628,-0.25925925925925924,0.09153513535502933
1.0,-0.25925925925925924,0.08264674858026051
-1.0,-0.23333333333333328,0.09127061271439434
-0.962962962962963,-0.23333333333333328,0.07679285961844953
-0.9259259259259259,-0.23333333333333328,0.033161506850530056
-0.8888888888888888,-0.23333333333333328,0.03730365039243992
-0.8518518518518519,-0.23333333333333328,0.00975309455761191
-0.8148148148148149,-0.23333333333333328,-0.037812426036452754
-0.7777777777777778,-0.23333333333333328,-0.04595620498600719
-0.7407407407407407,-0.23333333333333328,-0.0900249600527159
-0.7037037037037037,-0.23333333333333328,-0.10245694753469466
-0.6666666666666667,-0.23333333333333328,-0.14784447170592682
-0.6296296296296297,-0.23333333333333328,-0.14995062582929167
-0.5925925925925926,-0.23333333333333328,-0.15418711837022417
-0.5555555555555556,-0.23333333333333328,-0.1971228447907362
-0.5185185185185186,-0.23333333333333328,-0.1987880731383298
-0.4814814814814815,-0.23333333333333328,-0.18153548314092088
-0.4444444444444444,-0.23333333333333328,-0.17111701692178843
-0.40740740740740744,-0.23333333333333328,-0.22087675120305536
-0.37037037037037046,-0.23333333333333328,-0.1983349269112199
-0.33333333333333337,-0.23333333333333328,-0.20655979245254757
-0.2962962962962963,-0.23333333333333328,-0.17091542796414685
-0.2592592592592593,-0.23333333333333328,-0.08990666938594312
-0.22222222222222232,-0.23333333333333328,-0.08297396610587138
-0.18518518518518523,-0.23333333333333328,-0.03982895511058991
-0.14814814814814814,-0.23333333333333328,0.009298053835601743
-0.11111111111111116,-0.23333333333333328,0.08349209201289307
-0.07407407407407418,-0.23333333333333328,0.10312987261114466
-0.03703703703703709,-0.23333333333333328,0.16680348594887254
0.0,-0.23333333333333328,0.2303048320620245
0.03703703703703698,-0.23333333333333328,0.278211079913224
0.07407407407407396,-0.23333333333333328,0.3442831810100356
0.11111111111111116,-0.23333333333333328,0.4107118906278636
0.14814814814814814,-0.23333333333333328,0.4226345515048676
0.18518518518518512,-0.23333333333333328,0.4693986275104627
0.2222222222222221,-0.23333333333333328,0.5181866277330852
0.2592592592592591,-0.23333333333333328,0.520120377423906
0.2962962962962963,-0.23333333333333328,0.5177199518442982
0.33333333333333326,-0.23333333333333328,0.5500299423118786
0.37037037037037024,-0.23333333333333328,0.5504940949732374
0.40740740740740744,-0.23333333333333328,0.5551874290979434
0.4444444444444444,-0.23333333333333328,0.5158399115682526
0.4814814814814814,-0.23333333333333328,0.5127275513353479
0.5185185185185184,-0.23333333333333328,0.4900020380058009
0.5555555555555554,-0.23333333333333328,0.4133434713969553
0.5925925925925926,-0.23333333333333328,0.4084708680302275
0.6296296296296295,-0.23333333333333328,0.4046880588531098
0.6666666666666665,-0.23333333333333328,0.3294756549560449
0.7037037037037037,-0.23333333333333328,0.32659667286640554
0.7407407407407407,-0.23333333333333328,0.26937768040389737
0.7777777777777777,-0.23333333333333328,0.2182427108920146
0.8148148148148147,-0.23333333333333328,0.1715423644711567
0.8518518518518516,-0.23333333333333328,0.16867972802865103
0.8888888888888888,-0.23333333333333328,0.13259104460007795
0.9259259259259258,-0.23333333333333328,0.15492022438695702
0.9629629629629628,-0.23333333333333328,0.07314069468896003
1.0,-0.23333333333333328,0.1025970019493197
-1.0,-0.20740740740740737,0.05724925859409426
-0.962962962962963,-0.20740740740740737,0.06176414963981661
-0.9259259259259259,-0.20740740740740737,0.008373447238430556
-0.8888888888888888,-0.20740740740740737,0.0153766133583153
-0.8518518518518519,-0.20740740740740737,-0.023209831351270322
-0.8148148148148149,-0.20740740740740737,-0.020673846891008422
-0.7777777777777778,-0.20740740740740737,-0.0328249333682781
-0.7407407407407407,-0.20740740740740737,-0.07026959970795738
-0.7037037037037037,-0.20740740740740737,-0.10110859020411767
-0.6666666666666667,-0.20740740740740737,-0.11126812577527938
-0.6296296296296297,-0.20740740740740737,-0.13524931700462892
-0.5925925925925926,-0.20740740740740737,-0.17233237374697374
-0.5555555555555556,-0.20740740740740737,-0.20915566820107012
-0.5185185185185186,-0.20740740740740737,-0.19390706808074967
-0.4814814814814815,-0.20740740740740737,-0.22570803029109507
-0.4444444444444444,-0.20740740740740737,-0.20470362283013657
-0.40740740740740744,-0.20740740740740737,-0.14785659421213104
-0.37037037037037046,-0.20740740740740737,-0.14855507695529635
-0.33333333333333337,-0.20740740740740737,-0.16003737283431732
-0.2962962962962963,-0.20740740740740737,-0.11899054919100385
-0.2592592592592593,-0.20740740740740737,-0.06608844121913354
-0.22222222222222232,-0.20740740740740737,-0.051142206361388005
-0.18518518518518523,-0.20740740740740737,-0.03172874177347792
-0.14814814814814814,-0.20740740740740737,0.02055570864177816
-0.11111111111111116,-0.20740740740740737,0.12132696107869634
-0.07407407407407418,-0.20740740740740737,0.17896248410941534
-0.03703703703703709,-0.20740740740740737,0.23528704058710134
0.0,-0.20740740740740737,0.2824296986867445
0.03703703703703698,-0.20740740740740737,0.3359277760283924
0.07407407407407396,-0.20740740740740737,0.3897807198085031
0.11111111111111116,-0.20740740740740737,0.42972847252280766
0.14814814814814814,-0.20740740740740737,0.48359538750512104
0.18518518518518512,-0.20740740740740737,0.5237828827333513
0.2222222222222221,-0.20740740740740737,0.5309845313939648
0.2592592592592591,-0.20740740740740737,0.5993277296242661
0.2962962962962963,-0.20740740740740737,0.5925259536288897
0.33333333333333326,-0.20740740740740737,0.6035525107409283
0.37037037037037024,-0.20740740740740737,0.5767939106855704
0.40740740740740744,-0.20740740740740737,0.5781941624027209
0.4444444444444444,-0.20740740740740737,0.556181057259073
0.4814814814814814,-0.20740740740740737,0.522346259671005
0.5185185185185184,-0.20740740740740737,0.5020959403936646
0.5555555555555554,-0.20740740740740737,0.5144079652846343
0.5925925925925926,-0.20740740740740737,0.4507764978981104
0.6296296296296295,-0.20740740740740737,0.41955366045262893
0.6666666666666665,-0.20740740740740737,0.3738766248916113
0.7037037037037037,-0.20740740740740737,0.3357699330273345
0.7407407407407407,-0.20740740740740737,0.28581922755809674
0.7777777777777777,-0.20740740740740737,0.26815256531054293
0.8148148148148147,-0.20740740740740737,0.21501006787316185
0.8518518518518516,-0.20740740740740737,0.20199891855958438
0.8888888888888888,-0.20740740740740737,0.14671864777640417
0.9259259259259258,-0.20740740740740737,0.1296143550168424
0.9629629629629628,-0.20740740740740737,0.11235116294777503
1.0,-0.20740740740740737,0.1049925720446783
-1.0,-0.18148148148148147,0.014890240514678058
-0.962962962962963,-0.18148148148148147,0.022476055010065922
-0.9259259259259259,-0.18148148148148147,0.012414257157893203
-0.8888888888888888,-0.18148148148148147,0.0021301355762815086
-0.8518518518518519,-0.18148148148148147,-0.024277505991262712
-0.8148148148148149,-0.18148148148148147,-0.0420306734286625
-0.7777777777777778,-0.18148148148148147,-0.06517089490469692
-0.7407407407407407,-0.18148148148148147,-0.1016626005881335
-0.7037037037037037,-0.18148148148148147,-0.0961372528275355
-0.6666666666666667,-0.18148148148148147,-0.12865003409765763
-0.6296296296296297,-0.18148148148148147,-0.1352653755654319
-0.5925925925925926,-0.18148148148148147,-0.12853362575548502
-0.5555555555555556,-0.18148148148148147,-0.15095741056620207
-0.5185185185185186,-0.18148148148148147,-0.1654180844664124
-0.4814814814814815,-0.18148148148148147,-0.174718760583719
-0.4444444444444444,-0.18148148148148147,-0.17626016937853786
-0.40740740740740744,-0.18148148148148147,-0.1768546724720626
-0.37037037037037046,-0.18148148148148147,-0.14069789319365142
-0.33333333333333337,-0.18148148148148147,-0.09731042306959839
-0.2962962962962963,-0.18148148148148147,-0.08373333824972166
-0.2592592592592593,-0.18148148148148147,-0.06660053131062868
-0.22222222222222232,-0.18148148148148147,0.0036999619756332737
-0.18518518518518523,-0.18148148148148147,0.02316152911294956
-0.14814814814814814,-0.18148148148148147,0.07717761109169421
-0.11111111111111116,-0.18148148148148147,0.16043863394099248
-0.07407407407407418,-0.18148148148148147,0.21422913642833002
-0.03703703703703709,-0.18148148148148147,0.2891965309968887
0.0,-0.18148148148148147,0.30868079271789783
0.03703703703703698,-0.18148148148148147,0.38810502646276646
0.07407407407407396,-0.18148148148148147,0.44150264181938814
0.11111111111111116,-0.18148148148148147,0.48695393327442765
0.14814814814814814,-0.18148148148148147,0.5327124491113253
0.18518518518518512,-0.18148148148148147,0.543280663503963
0.2222222222222221,-0.18148148148148147,0.6010299849473688
0.2592592592592591,-0.18148148148148147,0.608297533622571
0.2962962962962963,-0.18148148148148147,0.6379503293784924
0.33333333333333326,-0.18148148148148147,0.626534023711348
0.37037037037037024,-0.18148148148148147,0.6490384232501143
0.40740740740740744,-0.18148148148148147,0.6296396136508821
0.4444444444444444,-0.18148148148148147,0.6049837188934126
0.4814814814814814,-0.18148148148148147,0.581896264780153
0.5185185185185184,-0.18148148148148147,0.5411278527951305
0.5555555555555554,-0.18148148148148147,0.5325633379339808
0.5925925925925926,-0.18148148148148147,0.48541282525745894
0.6296296296296295,-0.18148148148148147,0.439957088920059
0.6666666666666665,-0.18148148148148147,0.3973246005794017
0.7037037037037037,-0.18148148148148147,0.35644671748947065
0.7407407407407407,-0.18148148148148147,0.319318599626212
0.7777777777777777,-0.18148148148148147,0.27220859411833614
0.8148148148148147,-0.18148148148148147,0.22195160326970345
0.8518518518518516,-0.18148148148148147,0.17895734678887415
0.8888888888888888,-0.18148148148148147,0.15609516586105923
0.9259259259259258,-0.18148148148148147,0.16317262391293857
0.9629629629629628,-0.18148148148148147,0.11349336775512492
1.0,-0.18148148148148147,0.11232052985875994
-1.0,-0.15555555555555556,0.01479462977417799
-0.962962962962963,-0.15555555555555556,-0.013181109003795464
-0.9259259259259259,-0.15555555555555556,-0.031030395547016143
-0.8888888888888888,-0.15555555555555556,-0.04184114418056815
-0.8518518518518519,-0.15555555555555556,-0.04036482361714312
-0.8148148148148149,-0.15555555555555556,-0.08028799552529892
-0.7777777777777778,-0.15555555555555556,-0.07542473720450313
-0.7407407407407407,-0.15555555555555556,-0.06847106370345882
-0.7037037037037037,-0.15555555555555556,-0.10334374913671315
-0.6666666666666667,-0.15555555555555556,-0.11911280161085207
-0.6296296296296297,-0.15555555555555556,-0.1332786501103996
-0.5925925925925926,-0.15555555555555556,-0.1515055078636635
-0.5555555555555556,-0.15555555555555556,-0.17442830935134596
-0.5185185185185186,-0.15555555555555556,-0.14468299112444444
-0.4814814814814815,-0.15555555555555556,-0.1410200425834077
-0.4444444444444444,-0.15555555555555556,-0.1677176777002625
-0.40740740740740744,-0.15555555555555556,-0.12997138582271847
-0.37037037037037046,-0.15555555555555556,-0.09254284144115717
-0.33333333333333337,-0.15555555555555556,-0.07181784198322953
-0.2962962962962963,-0.15555555555555556,-0.04052907729428547
-0.2592592592592593,-0.15555555555555556,-0.02315883654492496
-0.22222222222222232,-0.15555555555555556,0.020036315661577476
-0.18518518518518523,-0.15555555555555556,0.08502592932327553
-0.14814814814814814,-0.15555555555555556,0.1570315703162753
-0.11111111111111116,-0.15555555555555556,0.1901338951862274
-0.07407407407407418,-0.15555555555555556,0.28591686903530644
-0.03703703703703709,-0.15555555555555556,0.3048940612180708
0.0,-0.15555555555555556,0.374080185752139
0.03703703703703698,-0.15555555555555556,0.4591159825385721
0.07407407407407396,-0.15555555555555556,0.4759603692129367
0.11111111111111116,-0.15555555555555556,0.5581675888968507
0.14814814814814814,-0.15555555555555556,0.6009545438368864
0.18518518518518512,-0.15555555555555556,0.638176104662205
0.2222222222222221,-0.15555555555555556,0.6593552910266919
0.2592592592592591,-0.15555555555555556,0.6775531503917078
0.2962962962962963,-0.15555555555555556,0.6731425738070187
0.33333333333333326,-0.15555555555555556,0.690652530450805
0.37037037037037024,-0.15555555555555556,0.6806313545890882
0.40740740740740744,-0.15555555555555556,0.6523081919701776
0.4444444444444444,-0.15555555555555556,0.6339947258696427
0.4814814814814814,-0.15555555555555556,0.635449165825303
0.5185185185185184,-0.15555555555555556,0.5840921383759982
0.5555555555555554,-0.15555555555555556,0.5410949902434432
0.5925925925925926,-0.15555555555555556,0.5103471793627046
0.6296296296296295,-0.15555555555555556,0.4422405626395918
0.6666666666666665,-0.15555555555555556,0.43374940299337844
0.7037037037037037,-0.15555555555555556,0.39454983383877074
0.7407407407407407,-0.15555555555555556,0.36760512091400915
0.7777777777777777,-0.15555555555555556,0.2943316530435394
0.8148148148148147,-0.15555555555555556,0.27252225751786124
0.8518518518518516,-0.15555555555555556,0.21461247318264173
0.8888888888888888,-0.15555555555555556,0.17892800046471077
0.9259259259259258,-0.15555555555555556,0.15125849167410638
0.9629629629629628,-0.15555555555555556,0.13641216228844905
1.0,-0.15555555555555556,0.10377728004353698
-1.0,-0.12962962962962965,-0.0408052170024748
-0.962962962962963,-0.12962962962962965,-0.06445012378313991
-0.9259259259259259,-0.12962962962962965,-0.07830795205408615
-0.8888888888888888,-0.12962962962962965,-0.06398960381933688
-0.8518518518518519,-0.12962962962962965,-0.10664741073219408
-0.8148148148148149,-0.12962962962962965,-0.10544436283843307
-0.7777777777777778,-0.12962962962962965,-0.09350928141068553
-0.7407407407407407,-0.12962962962962965,-0.12160438329845367
-0.7037037037037037,-0.12962962962962965,-0.13078391477568352
-0.6666666666666667,-0.12962962962962965,-0.1506109140036312
-0.6296296296296297,-0.12962962962962965,-0.16307340576746115
-0.5925925925925926,-0.12962962962962965,-0.1422665825924749
-0.5555555555555556,-0.12962962962962965,-0.15927802184898252
-0.5185185185185186,-0.12962962962962965,-0.1526517677140563
-0.4814814814814815,-0.12962962962962965,-0.135666735063767
-0.4444444444444444,-0.12962962962962965,-0.14479675844754303
-0.40740740740740744,-0.12962962962962965,-0.11126980199777754
-0.37037037037037046,-0.12962962962962965,-0.13754477114901953
-0.33333333333333337,-0.12962962962962965,-0.03447107425875616
-0.2962962962962963,-0.12962962962962965,-0.002039577788755043
-0.2592592592592593,-0.12962962962962965,0.004164973360561423
-0.22222222222222232,-0.12962962962962965,0.07979172144040597
-0.18518518518518523,-0.12962962962962965,0.13175775107423246
-0.14814814814814814,-0.12962962962962965,0.16752034633646226
-0.11111111111111116,-0.12962962962962965,0.24376749945913406
-0.07407407407407418,-0.12962962962962965,0.3009789253994828
-0.03703703703703709,-0.12962962962962965,0.36461048177719463
0.0,-0.12962962962962965,0.4328268611906518
0.03703703703703698,-0.12962962962962965,0.5061006938760201
0.07407407407407396,-0.12962962962962965,0.543649012173473
0.11111111111111116,-0.12962962962962965,0.59665919580537
0.14814814814814814,-0.12962962962962965,0.6388904147557019
0.18518518518518512,-0.12962962962962965,0.6636096863498131
0.2222222222222221,-0.12962962962962965,0.7153370377970266
0.2592592592592591,-0.12962962962962965,0.7595410938022061
0.2962962962962963,-0.12962962962962965,0.7586384636694613
0.33333333333333326,-0.12962962962962965,0.7261648038982298
0.37037037037037024,-0.12962962962962965,0.7402420111832826
0.40740740740740744,-0.12962962962962965,0.7063749633675721
0.4444444444444444,-0.12962962962962965,0.7086656847247
0.4814814814814814,-0.12962962962962965,0.6361532348050278
0.5185185185185184,-0.12962962962962965,0.6454069065638404
0.5555555555555554,-0.12962962962962965,0.5621781809949502
0.5925925925925926,-0.12962962962962965,0.5497940422753964
0.6296296296296295,-0.12962962962962965,0.5148789664328987
0.6666666666666665,-0.12962962962962965,0.44982119950872873
0.7037037037037037,-0.12962962962962965,0.42376684816888704
0.7407407407407407,-0.12962962962962965,0.3528485990968499
0.7777777777777777,-0.12962962962962965,0.3365948665917397
0.8148148148148147,-0.12962962962962965,0.26372345926810586
0.8518518518518516,-0.12962962962962965,0.23314942920159518
0.8888888888888888,-0.12962962962962965,0.20720243854094372
0.9259259259259258,-0.12962962962962965,0.20370993343182736
0.9629629629629628,-0.12962962962962965,0.12963891397348795
1.0,-0.12962962962962965,0.10339697829284664
-1.0,-0.10370370370370363,-0.0580424215699887
-0.962962962962963,-0.10370370370370363,-0.08535958536218365
-0.9259259259259259,-0.10370370370370363,-0.10879566146385049
-0.8888888888888888,-0.10370370370370363,-0.11255821059894676
-0.8518518518518519,-0.10370370370370363,-0.10766562501836771
-0.8148148148148149,-0.10370370370370363,-0.1432998063608959
-0.7777777777777778,-0.10370370370370363,-0.15520310689680084
-0.7407407407407407,-0.10370370370370363,-0.14443293591559456
-0.7037037037037037,-0.10370370370370363,-0.14943798263440003
-0.6666666666666667,-0.10370370370370363,-0.17258649812006574
-0.6296296296296297,-0.10370370370370363,-0.16919023977101144
-0.5925925925925926,-0.10370370370370363,-0.14837786321964727
-0.5555555555555556,-0.10370370370370363,-0.18005329572444304
-0.5185185185185186,-0.10370370370370363,-0.1675207917662829
-0.4814814814814815,-0.10370370370370363,-0.1179387188965544
-0.4444444444444444,-0.10370370370370363,-0.10566673477427228
-0.40740740740740744,-0.10370370370370363,-0.06785339889865154
-0.37037037037037046,-0.10370370370370363,-0.056047524275487634
-0.33333333333333337,-0.10370370370370363,-0.021151661177713832
-0.2962962962962963,-0.10370370370370363,0.027679238402143404
-0.2592592592592593,-0.10370370370370363,0.04667188930982677
-0.22222222222222232,-0.10370370370370363,0.10833504398895609
-0.18518518518518523,-0.10370370370370363,0.19199777331358353
-0.14814814814814814,-0.10370370370370363,0.2553063452115516
-0.11111111111111116,-0.10370370370370363,0.32377237958100114
-0.07407407407407418,-0.10370370370370363,0.38701116441566635
-0.03703703703703709,-0.10370370370370363,0.4465409107047633
0.0,-0.10370370370370363,0.4920046864369249
0.03703703703703698,-0.10370370370370363,0.5777338734019757
0.07407407407407396,-0.10370370370370363,0.6310169280858324
0.11111111111111116,-0.10370370370370363,0.6547745067783397
0.14814814814814814,-0.10370370370370363,0.7333365629442782
0.18518518518518512,-0.10370370370370363,0.7614522877780824
0.2222222222222221,-0.10370370370370363,0.7933398063756127
0.2592592592592591,-0.10370370370370363,0.7876344921821312
0.2962962962962963,-0.10370370370370363,0.800331722801742
0.33333333333333326,-0.10370370370370363,0.8478687467763072
0.37037037037037024,-0.10370370370370363,0.7868940665718553
0.40740740740740744,-0.10370370370370363,0.7696145545833565
0.4444444444444444,-0.10370370370370363,0.7588673423466992
0.4814814814814814,-0.10370370370370363,0.6782718131821679
0.5185185185185184,-0.10370370370370363,0.6726060137616141
0.5555555555555554,-0.10370370370370363,0.6345146033328041
0.5925925925925926,-0.10370370370370363,0.5899911885863858
0.6296296296296295,-0.10370370370370363,0.536997667250413
0.6666666666666665,-0.10370370370370363,0.4546408066825387
0.7037037037037037,-0.10370370370370363,0.4304308863386655
0.7407407407407407,-0.10370370370370363,0.38575951780451195
0.7777777777777777,-0.10370370370370363,0.29767743630188404
0.8148148148148147,-0.10370370370370363,0.29497647186914944
0.8518518518518516,-0.10370370370370363,0.2410842127930654
0.8888888888888888,-0.10370370370370363,0.2137349220716663
0.9259259259259258,-0.10370370370370363,0.17936971112395836
0.9629629629629628,-0.10370370370370363,0.14695581582589462
1.0,-0.10370370370370363,0.13094107262849194
-1.0,-0.07777777777777772,-0.09650625476612514
-0.962962962962963,-0.07777777777777772,-0.09928993504635941
-0.9259259259259259,-0.07777777777777772,-0.1198086076886259
-0.8888888888888888,-0.07777777777777772,-0.15000631177930623
-0.8518518518518519,-0.07777777777777772,-0.12533857934109532
-0.8148148148148149,-0.07777777777777772,-0.15735928245741887
-0.7777777777777778,-0.07777777777777772,-0.19283212116044973
-0.7407407407407407,-0.07777777777777772,-0.16993218720830133
-0.7037037037037037,-0.07777777777777772,-0.1783682758754421
-0.6666666666666667,-0.07777777777777772,-0.17368754059033065
-0.6296296296296297,-0.07777777777777772,-0.16565944722967277
-0.5925925925925926,-0.07777777777777772,-0.17837647918350474
-0.5555555555555556,-0.07777777777777772,-0.18483966927938383
-0.5185185185185186,-0.07777777777777772,-0.14485450987734616
-0.4814814814814815,-0.07777777777777772,-0.14778928800729946
-0.4444444444444444,-0.07777777777777772,-0.118154888064349
-0.40740740740740744,-0.07777777777777772,-0.07620028534125672
-0.37037037037037046,-0.07777777777777772,-0.05434873257643766
-0.33333333333333337,-0.07777777777777772,-0.011313813418951685
-0.2962962962962963,-0.07777777777777772,0.06705656628040581
-0.2592592592592593,-0.07777777777777772,0.10328045783668983
-0.22222222222222232,-0.07777777777777772,0.16894986166397152
-0.18518518518518523,-0.07777777777777772,0.2225881540795791
-0.14814814814814814,-0.07777777777777772,0.29287230161794225
-0.11111111111111116,-0.07777777777777772,0.3557692632077001
-0.07407407407407418,-0.07777777777777772,0.43683972224418655
-0.03703703703703709,-0.07777777777777772,0.5015337277789943
0.0,-0.07777777777777772,0.5695167712504055
0.03703703703703698,-0.07777777777777772,0.6262579595422457
0.07407407407407396,-0.07777777777777772,0.7309248003936505
0.11111111111111116,-0.07777777777777772,0.759957063714559
0.14814814814814814,-0.07777777777777772,0.7772612117744535
0.18518518518518512,-0.07777777777777772,0.8013125624768043
0.2222222222222221,-0.07777777777777772,0.8597550326584245
0.2592592592592591,-0.07777777777777772,0.8628683243955663
0.2962962962962963,-0.07777777777777772,0.8586494673826807
0.33333333333333326,-0.07777777777777772,0.8701677001441303
0.37037037037037024,-0.07777777777777772,0.8370829270038777
0.40740740740740744,-0.07777777777777772,0.8490504592627071
0.4444444444444444,-0.07777777777777772,0.7920261844260456
0.4814814814814814,-0.07777777777777772,0.7370508617816656
0.5185185185185184,-0.07777777777777772,0.6850443981106088
0.5555555555555554,-0.07777777777777772,0.685835853290049
0.5925925925925926,-0.07777777777777772,0.6010158437110896
0.6296296296296295,-0.07777777777777772,0.5504463853458855
0.6666666666666665,-0.07777777777777772,0.5054644584447148
0.7037037037037037,-0.07777777777777772,0.43574957820130844
0.7407407407407407,-0.07777777777777772,0.37784942049671844
0.7777777777777777,-0.07777777777777772,0.3367216566057649
0.8148148148148147,-0.07777777777777772,0.3054625145217602
0.8518518518518516,-0.07777777777777772,0.2590345781670205
0.8888888888888888,-0.07777777777777772,0.20745833478225673
0.9259259259259258,-0.07777777777777772,0.1798119775435868
0.9629629629629628,-0.07777777777777772,0.17702942944795044
1.0,-0.07777777777777772,0.14323485785382675
-1.0,-0.051851851851851816,-0.12795185078880766
-0.962962962962963,-0.051851851851851816,-0.1315983757678988
-0.9259259259259259,-0.051851851851851816,-0.1498917774353575
-0.8888888888888888,-0.051851851851851816,-0.15480720073313511
-0.8518518518518519,-0.051851851851851816,-0.14273196283616424
-0.8148148148148149,-0.051851851851851816,-0.19264513694718163
-0.7777777777777778,-0.051851851851851816,-0.18753953270952306
-0.7407407407407407,-0.051851851851851816,-0.200642322885446
-0.7037037037037037,-0.051851851851851816,-0.2026764647174819
-0.6666666666666667,-0.051851851851851816,-0.20983657866939753
-0.6296296296296297,-0.051851851851851816,-0.22050458679010748
-0.5925925925925926,-0.051851851851851816,-0.2099717337996906
-0.5555555555555556,-0.051851851851851816,-0.22021445619418564
-0.5185185185185186,-0.051851851851851816,-0.18872758259097133
-0.4814814814814815,-0.051851851851851816,-0.15516630915973187
-0.4444444444444444,-0.051851851851851816,-0.10798906859259785
-0.40740740740740744,-0.051851851851851816,-0.0713406074001759
-0.37037037037037046,-0.051851851851851816,-0.041689978342409416
-0.33333333333333337,-0.051851851851851816,-0.0015278704059114943
-0.2962962962962963,-0.051851851851851816,0.04586598369628679
-0.2592592592592593,-0.051851851851851816,0.10013384711503082
-0.22222222222222232,-0.051851851851851816,0.19132723563589152
-0.18518518518518523,-0.051851851851851816,0.26893189656177113
-0.14814814814814814,-0.051851851851851816,0.33205629252114394
-0.11111111111111116,-0.051851851851851816,0.39190117397264757
-0.07407407407407418,-0.051851851851851816,0.4672797361228834
-0.03703703703703709,-0.051851851851851816,0.5793131575041585
0.0,-0.051851851851851816,0.6327819912523013
0.03703703703703698,-0.051851851851851816,0.6870744126709951
0.07407407407407396,-0.051851851851851816,0.7676605464864288
0.11111111111111116,-0.051851851851851816,0.8086334883136972
0.14814814814814814,-0.051851851851851816,0.8270411080831278
0.18518518518518512,-0.051851851851851816,0.8895895968385478
0.2222222222222221,-0.051851851851851816,0.9142926748380817
0.2592592592592591,-0.051851851851851816,0.9434462044965101
0.2962962962962963,-0.051851851851851816,0.9161645751780237
0.33333333333333326,-0.051851851851851816,0.9309401054552873
0.37037037037037024,-0.051851851851851816,0.9128868466615697
0.40740740740740744,-0.051851851851851816,0.8806809961629074
0.4444444444444444,-0.051851851851851816,0.8409132229087072
0.4814814814814814,-0.051851851851851816,0.7987937777117032
0.5185185185185184,-0.051851851851851816,0.7484571631560483
0.5555555555555554,-0.051851851851851816,0.7002611910180838
0.5925925925925926,-0.051851851851851816,0.6528572997474299
0.6296296296296295,-0.051851851851851816,0.5843907250860866
0.6666666666666665,-0.051851851851851816,0.5186185139096614
0.7037037037037037,-0.051851851851851816,0.4661137003338255
0.7407407407407407,-0.051851851851851816,0.41258021973928066
0.7777777777777777,-0.051851851851851816,0.3610213225961724
0.8148148148148147,-0.051851851851851816,0.31682611078937967
0.8518518518518516,-0.051851851851851816,0.24929869235684998
0.8888888888888888,-0.051851851851851816,0.23594244221777724
0.9259259259259258,-0.051851851851851816,0.22339216983743337
0.9629629629629628,-0.051851851851851816,0.17501635231557444
1.0,-0.051851851851851816,0.12509018336758193
-1.0,-0.025925925925925908,-0.15574397835344742
-0.962962962962963,-0.025925925925925908,-0.15162278539354698
-0.9259259259259259,-0.025925925925925908,-0.16684661496435044
-0.8888888888888888,-0.025925925925925908,-0.1761914499833262
-0.8518518518518519,-0.025925925925925908,-0.2037874717415555
-0.8148148148148149,-0.025925925925925908,-0.21562330060638005
-0.7777777777777778,-0.025925925925925908,-0.20333900661579862
-0.7407407407407407,-0.025925925925925908,-0.2248833023884925
-0.7037037037037037,-0.025925925925925908,-0.20973569594371436
-0.6666666666666667,-0.025925925925925908,-0.2431567607214615
-0.6296296296296297,-0.025925925925925908,-0.24961637558526387
-0.5925925925925926,-0.025925925925925908,-0.2100997370934428
-0.5555555555555556,-0.025925925925925908,-0.21822127102733446
-0.5185185185185186,-0.025925925925925908,-0.1965936048985076
-0.4814814814814815,-0.025925925925925908,-0.1491055087429422
-0.4444444444444444,-0.025925925925925908,-0.13345662445700376
-0.40740740740740744,-0.025925925925925908,-0.07712421893644392
-0.37037037037037046,-0.025925925925925908,-0.051395313049819126
-0.33333333333333337,-0.025925925925925908,0.012676912487157474
-0.2962962962962963,-0.025925925925925908,0.0772445392405962
-0.2592592592592593,-0.025925925925925908,0.15063994852280596
-0.22222222222222232,-0.025925925925925908,0.21800829202037167
-0.18518518518518523,-0.025925925925925908,0.2764630581022001
-0.14814814814814814,-0.025925925925925908,0.3550908802693034
-0.11111111111111116,-0.025925925925925908,0.4528559530435097
-0.07407407407407418,-0.025925925925925908,0.5341733217104725
-0.03703703703703709,-0.025925925925925908,0.6111030101559282
0.0,-0.025925925925925908,0.650581291874578
0.03703703703703698,-0.025925925925925908,0.7180664597118172
0.07407407407407396,-0.025925925925925908,0.8054602261249758
0.11111111111111116,-0.025925925925925908,0.8436944510987128
0.14814814814814814,-0.025925925925925908,0.8985745481627289
0.18518518518518512,-0.025925925925925908,0.9421775339619176
0.2222222222222221,-0.025925925925925908,0.9617112544692173
0.2592592592592591,-0.025925925925925908,0.9818680692206694
0.2962962962962963,-0.025925925925925908,1.006015234268753
0.33333333333333326,-0.025925925925925908,0.9568381163603241
0.37037037037037024,-0.025925925925925908,0.9553692527040671
0.40740740740740744,-0.025925925925925908,0.9143765463903184
0.4444444444444444,-0.025925925925925908,0.8813527589918164
0.4814814814814814,-0.025925925925925908,0.8253793856874881
0.5185185185185184,-0.025925925925925908,0.796967431871929
0.5555555555555554,-0.025925925925925908,0.730073290675967
0.5925925925925926,-0.025925925925925908,0.7009917191020141
0.6296296296296295,-0.025925925925925908,0.6309176366822657
0.6666666666666665,-0.025925925925925908,0.5337489038971812
0.7037037037037037,-0.025925925925925908,0.5054795639802355
0.7407407407407407,-0.025925925925925908,0.43498346774896474
0.7777777777777777,-0.025925925925925908,0.38012962151444163
0.8148148148148147,-0.025925925925925908,0.3499567803028963
0.8518518518518516,-0.025925925925925908,0.31854762503168554
0.8888888888888888,-0.025925925925925908,0.22579363993726875
0.9259259259259258,-0.025925925925925908,0.18979497064603904
0.9629629629629628,-0.025925925925925908,0.15781995637200683
1.0,-0.025925925925925908,0.1482410087481283
-1.0,0.0,-0.1471304797814476
-0.962962962962963,0.0,-0.14008317205168813
-0.9259259259259259,0.0,-0.20334994290186964
-0.8888888888888888,0.0,-0.19746290314302797
-0.8518518518518519,0.0,-0.18446900462965468
-0.8148148148148149,0.0,-0.1920785214284031
-0.7777777777777778,0.0,-0.23832380592801738
-0.7407407407407407,0.0,-0.2500768661068176
-0.7037037037037037,0.0,-0.2418198274934011
-0.6666666666666667,0.0,-0.2438876336096456
-0.6296296296296297,0.0,-0.241417174547476
-0.5925925925925926,0.0,-0.23824007507530567
-0.5555555555555556,0.0,-0.17553810944152848
-0.5185185185185186,0.0,-0.1797985443360122
-0.4814814814814815,0.0,-0.17939367563241426
-0.4444444444444444,0.0,-0.14459792579900382
-0.40740740740740744,0.0,-0.09352525414952007
-0.37037037037037046,0.0,-0.03784457689291187
-0.33333333333333337,0.0,0.03475693470028888
-0.2962962962962963,0.0,0.09106579630806189
-0.2592592592592593,0.0,0.14537522449513396
-0.22222222222222232,0.0,0.20828671875603624
-0.18518518518518523,0.0,0.3094522154597734
-0.14814814814814814,0.0,0.3884016380485826
-0.11111111111111116,0.0,0.444386769458098
-0.07407407407407418,0.0,0.5168381189761607
-0.03703703703703709,0.0,0.6194962250334188
0.0,0.0,0.7059386976311044
0.03703703703703698,0.0,0.7718173667023007
0.07407407407407396,0.0,0.8323887300883086
0.11111111111111116,0.0,0.8844703228620753
0.14814814814814814,0.0,0.9695885927196622
0.18518518518518512,0.0,0.9826868043518471
0.2222222222222221,0.0,0.9964660476514318
0.2592592592592591,0.0,1.0100188098257972
0.2962962962962963,0.0,1.034526456027981
0.33333333333333326,0.0,1.0034888887478985
0.37037037037037024,0.0,1.0212634113472407
0.40740740740740744,0.0,0.9470879047242761
0.4444444444444444,0.0,0.916593336388852
0.4814814814814814,0.0,0.8584648239487659
0.5185185185185184,0.0,0.83766739057218
0.5555555555555554,0.0,0.7490022833075942
0.5925925925925926,0.0,0.6885182828320159
0.6296296296296295,0.0,0.6560802530855221
0.6666666666666665,0.0,0.6001304601068875
0.7037037037037037,0.0,0.5128340609478709
0.7407407407407407,0.0,0.48265350553313024
0.7777777777777777,0.0,0.4185080242849993
0.8148148148148147,0.0,0.3226964814925147
0.8518518518518516,0.0,0.31166550662268677
0.8888888888888888,0.0,0.2797214153893368
0.9259259259259258,0.0,0.21888920546595314
0.9629629629629628,0.0,0.1675749361252131
1.0,0.0,0.14567396224172824
-1.0,0.025925925925925908,-0.1481610036969097
-0.962962962962963,0.025925925925925908,-0.14698675544060447
-0.9259259259259259,0.025925925925925908,-0.1495170191512162
-0.8888888888888888,0.025925925925925908,-0.17607034477626884
-0.8518518518518519,0.025925925925925908,-0.18933184050088464
-0.8148148148148149,0.025925925925925908,-0.17798597593298318
-0.7777777777777778,0.025925925925925908,-0.21751938357482223
-0.7407407407407407,0.025925925925925908,-0.20821933813870044
-0.7037037037037037,0.025925925925925908,-0.25067975139202353
-0.6666666666666667,0.025925925925925908,-0.2460493343919426
-0.6296296296296297,0.025925925925925908,-0.22301329109730045
-0.5925925925925926,0.025925925925925908,-0.2079787902170304
-0.5555555555555556,0.025925925925925908,-0.1985803529696656
-0.5185185185185186,0.025925925925925908,-0.18234322888217544
-0.4814814814814815,0.025925925925925908,-0.1660739306953407
-0.4444444444444444,0.025925925925925908,-0.1253439820632632
-0.40740740740740744,0.025925925925925908,-0.0805509930780386
-0.37037037037037046,0.025925925925925908,-0.04984141995731136
-0.33333333333333337,0.025925925925925908,-0.02064770897213462
-0.2962962962962963,0.025925925925925908,0.057313145688691905
-0.2592592592592593,0.025925925925925908,0.1700691543740608
-0.22222222222222232,0.025925925925925908,0.2146977517102572
-0.18518518518518523,0.025925925925925908,0.29129870661743756
-0.14814814814814814,0.025925925925925908,0.3672735421160812
-0.11111111111111116,0.025925925925925908,0.46715586998369624
-0.07407407407407418,0.025925925925925908,0.5413513730389762
-0.03703703703703709,0.025925925925925908,0.648676247482668
0.0,0.025925925925925908,0.7224487218137284
0.03703703703703698,0.025925925925925908,0.762585853201337
0.07407407407407396,0.025925925925925908,0.849752465250664
0.11111111111111116,0.025925925925925908,0.9194268665215897
0.14814814814814814,0.025925925925925908,0.9632782563053766
0.18518518518518512,0.025925925925925908,1.0096113278248835
0.2222222222222221,0.025925925925925908,1.046536150440636
0.2592592592592591,0.025925925925925908,1.0524907022247325
0.2962962962962963,0.025925925925925908,1.0461515035511186
0.33333333333333326,0.025925925925925908,1.0575304123671974
0.37037037037037024,0.025925925925925908,1.0298560439328126
0.40740740740740744,0.025925925925925908,0.9956120672448565
0.4444444444444444,0.025925925925925908,0.9574395627372689
0.4814814814814814,0.025925925925925908,0.9472538430429203
0.5185185185185184,0.025925925925925908,0.8685690855175939
0.5555555555555554,0.025925925925925908,0.7952228658528148
0.5925925925925926,0.025925925925925908,0.739868255875407
0.6296296296296295,0.025925925925925908,0.6704597347584291
0.6666666666666665,0.025925925925925908,0.6070158853207778
0.7037037037037037,0.025925925925925908,0.5435697442070639
0.7407407407407407,0.025925925925925908,0.4988398890745821
0.7777777777777777,0.025925925925925908,0.4280718321548139
0.8148148148148147,0.025925925925925908,0.3638676084792833
0.8518518518518516,0.025925925925925908,0.3392392112084777
0.8888888888888888,0.025925925925925908,0.2791072965907132
0.9259259259259258,0.025925925925925908,0.2332702920844186
0.9629629629629628,0.025925925925925908,0.1976977154777614
1.0,0.025925925925925908,0.15968450728313105
-1.0,0.05185185185185193,-0.11991535456076946
-0.962962962962963,0.05185185185185193,-0.15562435237859137
-0.9259259259259259,0.05185185185185193,-0.1713983388941547
-0.8888888888888888,0.05185185185185193,-0.16941511771763368
-0.8518518518518519,0.05185185185185193,-0.20718639605877479
-0.8148148148148149,0.05185185185185193,-0.21616843923345241
-0.7777777777777778,0.05185185185185193,-0.2093569864554068
-0.7407407407407407,0.05185185185185193,-0.19215970191754694
-0.7037037037037037,0.05185185185185193,-0.22953920719455925
-0.6666666666666667,0.05185185185185193,-0.22579646679560322
-0.6296296296296297,0.05185185185185193,-0.24777988169097365
-0.5925925925925926,0.05185185185185193,-0.23220933282791875
-0.5555555555555556,0.05185185185185193,-0.18255455454136954
-0.5185185185185186,0.05185185185185193,-0.1929798194496815
-0.4814814814814815,0.05185185185185193,-0.1671196716982674
-0.4444444444444444,0.05185185185185193,-0.14929988566805025
-0.40740740740740744,0.05185185185185193,-0.08613631578370053
-0.37037037037037046,0.05185185185185193,-0.045016758981579114
-0.33333333333333337,0.05185185185185193,0.014651300284560699
-0.2962962962962963,0.05185185185185193,0.07726497149580436
-0.2592592592592593,0.05185185185185193,0.12702981749997944
-0.22222222222222232,0.05185185185185193,0.19691555034722982
-0.18518518518518523,0.05185185185185193,0.285916725104722
-0.14814814814814814,0.05185185185185193,0.3715390177835439
-0.11111111111111116,0.05185185185185193,0.4650646906362724
-0.07407407407407418,0.05185185185185193,0.54072334686132
-0.03703703703703709,0.05185185185185193,0.6042536085727341
0.0,0.05185185185185193,0.7352206947925395
0.03703703703703698,0.05185185185185193,0.7994301942204244
0.07407407407407396,0.05185185185185193,0.8410500506243843
0.11111111111111116,0.05185185185185193,0.9492507794347833
0.14814814814814814,0.05185185185185193,0.9585807372949234
0.18518518518518512,0.05185185185185193,0.9938856054101298
0.2222222222222221,0.05185185185185193,1.0325013160447325
0.2592592592592591,0.05185185185185193,1.0913490446241656
0.2962962962962963,0.05185185185185193,1.0810629025000953
0.33333333333333326,0.05185185185185193,1.0663763885117172
0.37037037037037024,0.05185185185185193,1.0542583143811668
0.40740740740740744,0.05185185185185193,1.0455661001080438
0.4444444444444444,0.05185185185185193,0.9841409110345204
0.4814814814814814,0.05185185185185193,0.9539674917474916
0.5185185185185184,0.05185185185185193,0.8960426502519943
0.5555555555555554,0.05185185185185193,0.8379545474748366
0.5925925925925926,0.05185185185185193,0.787832105360272
0.6296296296296295,0.05185185185185193,0.7122786311303543
0.6666666666666665,0.05185185185185193,0.6545808994713633
0.7037037037037037,0.05185185185185193,0.5817013624774474
0.7407407407407407,0.05185185185185193,0.4993551715697156
0.7777777777777777,0.05185185185185193,0.44982267599516534
0.8148148148148147,0.05185185185185193,0.4071623386248564
0.8518518518518516,0.05185185185185193,0.38525135945426053
0.8888888888888888,0.05185185185185193,0.292795390008242
0.9259259259259258,0.05185185185185193,0.27049039435068767
0.9629629629629628,0.05185185185185193,0.2046072900498046
1.0,0.05185185185185193,0.18815246522911658
-1.0,0.07777777777777783,-0.10262370206672217
-0.962962962962963,0.07777777777777783,-0.1302044736178905
-0.9259259259259259,0.07777777777777783,-0.14392294721489693
-0.8888888888888888,0.07777777777777783,-0.16602187089698933
-0.8518518518518519,0.07777777777777783,-0.16880534338896072
-0.8148148148148149,0.07777777777777783,-0.1806369154106134
-0.7777777777777778,0.07777777777777783,-0.18423153562850578
-0.7407407407407407,0.07777777777777783,-0.20683486928817416
-0.7037037037037037,0.07777777777777783,-0.21918502896495198
-0.6666666666666667,0.07777777777777783,-0.21989345734915358
-0.6296296296296297,0.07777777777777783,-0.21728092989143924
-0.5925925925925926,0.07777777777777783,-0.20265907000563835
-0.5555555555555556,0.07777777777777783,-0.18418894958244675
-0.5185185185185186,0.07777777777777783,-0.1976738312747459
-0.4814814814814815,0.07777777777777783,-0.14640634492535687
-0.4444444444444444,0.07777777777777783,-0.12769901235349193
-0.40740740740740744,0.07777777777777783,-0.10670547129729051
-0.37037037037037046,0.07777777777777783,-0.05714831147583274
-0.33333333333333337,0.07777777777777783,-0.014345336497076158
-0.2962962962962963,0.07777777777777783,0.04294387581512889
-0.2592592592592593,0.07777777777777783,0.12228802017422429
-0.22222222222222232,0.07777777777777783,0.2034608757669804
-0.18518518518518523,0.07777777777777783,0.2730932676421137
-0.14814814814814814,0.07777777777777783,0.36680622747006014
-0.11111111111111116,0.07777777777777783,0.4495812526505218
-0.07407407407407418,0.07777777777777783,0.5342643792885334
-0.03703703703703709,0.07777777777777783,0.6177004409832734
0.0,0.07777777777777783,0.6985434414938161
0.03703703703703698,0.07777777777777783,0.7432335739116219
0.07407407407407396,0.07777777777777783,0.84634209777053
0.11111111111111116,0.07777777777777783,0.8800327432661995
0.14814814814814814,0.07777777777777783,0.9781209516305377
0.18518518518518512,0.07777777777777783,0.9970554865699089
0.2222222222222221,0.07777777777777783,1.0347141732158058
0.2592592592592591,0.07777777777777783,1.0513770097327113
0.2962962962962963,0.07777777777777783,1.0833370684078936
0.33333333333333326,0.07777777777777783,1.0601360661641535
0.37037037037037024,0.07777777777777783,1.0570619635414331
0.40740740740740744,0.07777777777777783,1.0242207264014365
0.4444444444444444,0.07777777777777783,1.0050141163422932
0.4814814814814814,0.07777777777777783,0.9462703639786854
0.5185185185185184,0.07777777777777783,0.9170663363450418
0.5555555555555554,0.07777777777777783,0.8546076463186042
0.5925925925925926,0.07777777777777783,0.7857147117104594
0.6296296296296295,0.07777777777777783,0.7327079747968813
0.6666666666666665,0.07777777777777783,0.6622430238549978
0.7037037037037037,0.07777777777777783,0.5914107907202975
0.7407407407407407,0.07777777777777783,0.5381535788739346
0.7777777777777777,0.07777777777777783,0.4490816720324177
0.8148148148148147,0.07777777777777783,0.42381848361019603
0.8518518518518516,0.07777777777777783,0.37797679304035164
0.8888888888888888,0.07777777777777783,0.3102494620126853
0.9259259259259258,0.07777777777777783,0.27976776755239047
0.9629629629629628,0.07777777777777783,0.247078016044267
1.0,0.07777777777777783,0.18454959135244123
-1.0,0.10370370370370374,-0.08818770597166964
-0.962962962962963,0.10370370370370374,-0.1328273713201811
-0.9259259259259259,0.10370370370370374,-0.126991349388991
-0.8888888888888888,0.10370370370370374,-0.14639161418495206
-0.8518518518518519,0.10370370370370374,-0.14493672056114051
-0.8148148148148149,0.10370370370370374,-0.17799635254152513
-0.7777777777777778,0.10370370370370374,-0.18276162349695446
-0.7407407407407407,0.10370370370370374,-0.17762749743985118
-0.7037037037037037,0.10370370370370374,-0.1768373244438857
-0.6666666666666667,0.10370370370370374,-0.19395383489559356
-0.6296296296296297,0.10370370370370374,-0.18666173355404772
-0.5925925925925926,0.10370370370370374,-0.2144730524591123
-0.5555555555555556,0.10370370370370374,-0.1991178932916182
-0.5185185185185186,0.10370370370370374,-0.17208718190845057
-0.4814814814814815,0.10370370370370374,-0.1446989886125383
-0.4444444444444444,0.10370370370370374,-0.11417368327154143
-0.40740740740740744,0.10370370370370374,-0.06810966886802602
-0.37037037037037046,0.10370370370370374,-0.044364876718245835
-0.33333333333333337,0.10370370370370374,0.012332487319639571
-0.2962962962962963,0.10370370370370374,0.06684910135394428
-0.2592592592592593,0.10370370370370374,0.11089813245577514
-0.22222222222222232,0.10370370370370374,0.1635579306713232
-0.18518518518518523,0.10370370370370374,0.2609466597087094
-0.14814814814814814,0.10370370370370374,0.33675109022624305
-0.11111111111111116,0.10370370370370374,0.43849213605526055
-0.07407407407407418,0.10370370370370374,0.507476779480089
-0.03703703703703709,0.10370370370370374,0.5943794587729236
0.0,0.10370370370370374,0.6580565257503493
0.03703703703703698,0.10370370370370374,0.7319460753589891
0.07407407407407396,0.10370370370370374,0.8167133916878615
0.11111111111111116,0.10370370370370374,0.8931965379741982
0.14814814814814814,0.10370370370370374,0.9111095056840853
0.18518518518518512,0.10370370370370374,0.9722510754438153
0.2222222222222221,0.10370370370370374,0.9926056230815536
0.2592592592592591,0.10370370370370374,1.022015746162784
0.2962962962962963,0.10370370370370374,1.0593818265060635
0.33333333333333326,0.10370370370370374,1.0574091302693454
0.37037037037037024,0.10370370370370374,1.0365571034296597
0.40740740740740744,0.10370370370370374,1.0242214815921775
0.4444444444444444,0.10370370370370374,1.0143717925903564
0.4814814814814814,0.10370370370370374,0.9456220635012006
0.5185185185185184,0.10370370370370374,0.9262606832028356
0.5555555555555554,0.10370370370370374,0.863265298870672
0.5925925925925926,0.10370370370370374,0.7751659315241544
0.6296296296296295,0.10370370370370374,0.761315869207772
0.6666666666666665,0.10370370370370374,0.7159912397418384
0.7037037037037037,0.10370370370370374,0.621788896634435
0.7407407407407407,0.10370370370370374,0.5640822899358532
0.7777777777777777,0.10370370370370374,0.49932870950272074
0.8148148148148147,0.10370370370370374,0.4560802005874181
0.8518518518518516,0.10370370370370374,0.40295785782115495
0.8888888888888888,0.10370370370370374,0.36890776134798575
0.9259259259259258,0.10370370370370374,0.315234650434528
0.9629629629629628,0.10370370370370374,0.26558474661679815
1.0,0.10370370370370374,0.22356247975417745
-1.0,0.12962962962962965,-0.08168968332370155
-0.962962962962963,0.12962962962962965,-0.11227268959934492
-0.9259259259259259,0.12962962962962965,-0.12285192661911484
-0.8888888888888888,0.12962962962962965,-0.12020020510330665
-0.8518518518518519,0.12962962962962965,-0.12876696102647195
-0.8148148148148149,0.12962962962962965,-0.15998186447493454
-0.7777777777777778,0.12962962962962965,-0.16721512791350282
-0.7407407407407407,0.12962962962962965,-0.13498918824031614
-0.7037037037037037,0.12962962962962965,-0.19498247209503128
-0.6666666666666667,0.12962962962962965,-0.17193109731725237
-0.6296296296296297,0.12962962962962965,-0.18108786103893032
-0.5925925925925926,0.12962962962962965,-0.14581272989093885
-0.5555555555555556,0.12962962962962965,-0.16861629349161597
-0.5185185185185186,0.12962962962962965,-0.15596682654243801
-0.4814814814814815,0.12962962962962965,-0.1293022631447301
-0.4444444444444444,0.12962962962962965,-0.11379451070729583
-0.40740740740740744,0.12962962962962965,-0.056092082275382454
-0.37037037037037046,0.12962962962962965,-0.02013159663305383
-0.33333333333333337,0.12962962962962965,0.019777449604611648
-0.2962962962962963,0.12962962962962965,0.07418764618657016
-0.2592592592592593,0.12962962962962965,0.1121646824999833
-0.22222222222222232,0.12962962962962965,0.1788757602824766
-0.18518518518518523,0.12962962962962965,0.26390680000157846
-0.14814814814814814,0.12962962962962965,0.31907746574319285
-0.11111111111111116,0.12962962962962965,0.3953312298122513
-0.07407407407407418,0.12962962962962965,0.4587842296768131
-0.03703703703703709,0.12962962962962965,0.5471540845478194
0.0,0.12962962962962965,0.6228271024863465
0.03703703703703698,0.12962962962962965,0.7006883334821754
0.07407407407407396,0.12962962962962965,0.7700549462074191
0.11111111111111116,0.12962962962962965,0.8214738857408118
0.14814814814814814,0.12962962962962965,0.8932961010822351
0.18518518518518512,0.12962962962962965,0.9304243323513485
0.2222222222222221,0.12962962962962965,0.9713359933187474
0.2592592592592591,0.12962962962962965,0.9925340594501537
0.2962962962962963,0.12962962962962965,0.9996884669538398
0.33333333333333326,0.12962962962962965,1.0160160622090142
0.37037037037037024,0.12962962962962965,1.0052929625601175
0.40740740740740744,0.12962962962962965,0.9876505860923042
0.4444444444444444,0.12962962962962965,0.9602786658741184
0.4814814814814814,0.12962962962962965,0.9007879033715738
0.5185185185185184,0.12962962962962965,0.9194778873951229
0.5555555555555554,0.12962962962962965,0.8607112702349146
0.5925925925925926,0.12962962962962965,0.8242917091401206
0.6296296296296295,0.12962962962962965,0.7507400481394559
0.6666666666666665,0.12962962962962965,0.7062664608832594
0.7037037037037037,0.12962962962962965,0.6352430518371649
0.7407407407407407,0.12962962962962965,0.5625173062408666
0.7777777777777777,0.12962962962962965,0.5488878539292199
0.8148148148148147,0.12962962962962965,0.48753082298834255
0.8518518518518516,0.12962962962962965,0.45044920296340896
0.8888888888888888,0.12962962962962965,0.38950593856077986
0.9259259259259258,0.12962962962962965,0.358213128309037
0.9629629629629628,0.12962962962962965,0.2640946807465478
1.0,0.12962962962962965,0.2819358154561012
-1.0,0.15555555555555556,-0.08645808505726028
-0.962962962962963,0.15555555555555556,-0.08381475830177905
-0.9259259259259259,0.15555555555555556,-0.11734345663103637
-0.8888888888888888,0.15555555555555556,-0.12777127401923097
-0.8518518518518519,0.15555555555555556,-0.0969171976431312
-0.8148148148148149,0.15555555555555556,-0.15779957790246785
-0.7777777777777778,0.15555555555555556,-0.1302294452528897
-0.7407407407407407,0.15555555555555556,-0.13900812278770414
-0.7037037037037037,0.15555555555555556,-0.14269252050299738
-0.6666666666666667,0.15555555555555556,-0.16567370413015264
-0.6296296296296297,0.15555555555555556,-0.14565979784642347
-0.5925925925925926,0.15555555555555556,-0.1599603429777619
-0.5555555555555556,0.15555555555555556,-0.14986716309771492
-0.5185185185185186,0.15555555555555556,-0.13251766019542469
-0.4814814814814815,0.15555555555555556,-0.09227123114042525
-0.4444444444444444,0.15555555555555556,-0.08584128944140557
-0.40740740740740744,0.15555555555555556,-0.055701129556595085
-0.37037037037037046,0.15555555555555556,-0.010262493226178608
-0.33333333333333337,0.15555555555555556,0.03434439095474041
-0.2962962962962963,0.15555555555555556,0.05767317070626586
-0.2592592592592593,0.15555555555555556,0.14567075749831765
-0.22222222222222232,0.15555555555555556,0.18542966375110997
-0.18518518518518523,0.15555555555555556,0.24387903130616922
-0.14814814814814814,0.15555555555555556,0.2844157211004721
-0.11111111111111116,0.15555555555555556,0.37342442532996495
-0.07407407407407418,0.15555555555555556,0.4514523780518369
-0.03703703703703709,0.15555555555555556,0.528867677237623
0.0,0.15555555555555556,0.5930984027474858
0.03703703703703698,0.15555555555555556,0.6515675459765596
0.07407407407407396,0.15555555555555556,0.7166554684200053
0.11111111111111116,0.15555555555555556,0.7599661064448271
0.14814814814814814,0.15555555555555556,0.8143980486491955
0.18518518518518512,0.15555555555555556,0.8828381384253517
0.2222222222222221,0.15555555555555556,0.9023732387003647
0.2592592592592591,0.15555555555555556,0.9406755904642778
0.2962962962962963,0.15555555555555556,0.9572706529998867
0.33333333333333326,0.15555555555555556,0.9791635095836811
0.37037037037037024,0.15555555555555556,0.9440076327856443
0.40740740740740744,0.15555555555555556,0.9432911291590013
0.4444444444444444,0.15555555555555556,0.8967327271316198
0.4814814814814814,0.15555555555555556,0.8888279350634883
0.5185185185185184,0.15555555555555556,0.8600775121872536
0.5555555555555554,0.15555555555555556,0.8498125566829613
0.5925925925925926,0.15555555555555556,0.7864500780263834
0.6296296296296295,0.15555555555555556,0.7260368940708359
0.6666666666666665,0.15555555555555556,0.7128974652872487
0.7037037037037037,0.15555555555555556,0.6723056196456569
0.7407407407407407,0.15555555555555556,0.6037049007334733
0.7777777777777777,0.15555555555555556,0.5453773329977929
0.8148148148148147,0.15555555555555556,0.5175767256638243
0.8518518518518516,0.15555555555555556,0.4293403411680274
0.8888888888888888,0.15555555555555556,0.4080362700502811
0.9259259259259258,0.15555555555555556,0.34363675117393144
0.9629629629629628,0.15555555555555556,0.3459675607541488
1.0,0.15555555555555556,0.30017401822122186
-1.0,0.18148148148148147,-0.05607535820177561
-0.962962962962963,0.18148148148148147,-0.059952040461437164
-0.9259259259259259,0.18148148148148147,-0.09176377910357641
-0.8888888888888888,0.18148148148148147,-0.11199959748007987
-0.8518518518518519,0.18148148148148147,-0.11691434535257236
-0.8148148148148149,0.18148148148148147,-0.0983732802327623
-0.7777777777777778,0.18148148148148147,-0.10589742623372753
-0.7407407407407407,0.18148148148148147,-0.15981123535414118
-0.7037037037037037,0.18148148148148147,-0.09710268815297632
-0.6666666666666667,0.18148148148148147,-0.11132871082547224
-0.6296296296296297,0.18148148148148147,-0.11026112181189991
-0.5925925925925926,0.18148148148148147,-0.11208846440633227
-0.5555555555555556,0.18148148148148147,-0.10877634402895406
-0.5185185185185186,0.18148148148148147,-0.0989618275359899
-0.4814814814814815,0.18148148148148147,-0.08461422851454278
-0.4444444444444444,0.18148148148148147,-0.06646857670661355
-0.40740740740740744,0.18148148148148147,-0.05576975513434203
-0.37037037037037046,0.18148148148148147,-0.0030934263534267872
-0.33333333333333337,0.18148148148148147,0.04346433005082786
-0.2962962962962963,0.18148148148148147,0.0689939455035391
-0.2592592592592593,0.18148148148148147,0.12631963168270796
-0.22222222222222232,0.18148148148148147,0.18162026355118946
-0.18518518518518523,0.18148148148148147,0.23276365662273568
-0.14814814814814814,0.18148148148148147,0.28638229710941515
-0.11111111111111116,0.18148148148148147,0.35693410476911314
-0.07407407407407418,0.18148148148148147,0.4169668024160499
-0.03703703703703709,0.18148148148148147,0.46264098559912203
0.0,0.18148148148148147,0.566155153453964
0.03703703703703698,0.18148148148148147,0.6511441999360819
0.07407407407407396,0.18148148148148147,0.6703744051223907
0.11111111111111116,0.18148148148148147,0.7319365123178304
0.14814814814814814,0.18148148148148147,0.7488390498380998
0.18518518518518512,0.18148148148148147,0.8031383436196924
0.2222222222222221,0.18148148148148147,0.8379398316862147
0.2592592592592591,0.18148148148148147,0.8758282157323876
0.2962962962962963,0.18148148148148147,0.8717192986317764
0.33333333333333326,0.18148148148148147,0.8948844446252969
0.37037037037037024,0.18148148148148147,0.8823780955612478
0.40740740740740744,0.18148148148148147,0.8911718856186597
0.4444444444444444,0.18148148148148147,0.8568495565626797
0.4814814814814814,0.18148148148148147,0.8302063462195435
0.5185185185185184,0.18148148148148147,0.806438609133381
0.5555555555555554,0.18148148148148147,0.7693158066594203
0.5925925925925926,0.18148148148148147,0.7404816345022488
0.6296296296296295,0.18148148148148147,0.6924267410240263
0.6666666666666665,0.18148148148148147,0.6612399006191313
0.7037037037037037,0.18148148148148147,0.6159053637620454
0.7407407407407407,0.18148148148148147,0.5749232147595807
0.7777777777777777,0.18148148148148147,0.5275283849774064
0.8148148148148147,0.18148148148148147,0.49168987785283547
0.8518518518518516,0.18148148148148147,0.47091326819864354
0.8888888888888888,0.18148148148148147,0.4278015280186918
0.9259259259259258,0.18148148148148147,0.38008652805178483
0.9629629629629628,0.18148148148148147,0.3623539201436443
1.0,0.18148148148148147,0.319582725272006
-1.0,0.20740740740740737,-0.08323009226660945
-0.962962962962963,0.20740740740740737,-0.08249181538088561
-0.9259259259259259,0.20740740740740737,-0.0964431620566205
-0.8888888888888888,0.20740740740740737,-0.10288388785327564
-0.8518518518518519,0.20740740740740737,-0.07058199708879327
-0.8148148148148149,0.20740740740740737,-0.10256313091684552
-0.7777777777777778,0.20740740740740737,-0.11114380957245536
-0.7407407407407407,0.20740740740740737,-0.08515056395929799
-0.7037037037037037,0.20740740740740737,-0.12367841852041335
-0.6666666666666667,0.20740740740740737,-0.1170651562769754
-0.6296296296296297,0.20740740740740737,-0.0967680685523388
-0.5925925925925926,0.20740740740740737,-0.09786389602512743
-0.5555555555555556,0.20740740740740737,-0.08663480323310016
-0.5185185185185186,0.20740740740740737,-0.06676132524550026
-0.4814814814814815,0.20740740740740737,-0.08508186269186221
-0.4444444444444444,0.20740740740740737,-0.06245052262861642
-0.40740740740740744,0.20740740740740737,-0.007484859886151324
-0.37037037037037046,0.20740740740740737,0.012955937840760327
-0.33333333333333337,0.20740740740740737,0.04344951328713013
-0.2962962962962963,0.20740740740740737,0.08176131249553073
-0.2592592592592593,0.20740740740740737,0.1325211997783306
-0.22222222222222232,0.20740740740740737,0.18687290611855203
-0.18518518518518523,0.20740740740740737,0.20886735926417854
-0.14814814814814814,0.20740740740740737,0.285672389981242
-0.11111111111111116,0.20740740740740737,0.36842826490897607
-0.07407407407407418,0.20740740740740737,0.3888147574764695
-0.03703703703703709,0.20740740740740737,0.4618592125461118
0.0,0.20740740740740737,0.5417011049735476
0.03703703703703698,0.20740740740740737,0.5580520217890382
0.07407407407407396,0.20740740740740737,0.61241188064652
0.11111111111111116,0.20740740740740737,0.6367237554665202
0.14814814814814814,0.20740740740740737,0.6972865078360428
0.18518518518518512,0.20740740740740737,0.7285247849191735
0.2222222222222221,0.20740740740740737,0.7787741884140941
0.2592592592592591,0.20740740740740737,0.81068532741415
0.2962962962962963,0.20740740740740737,0.8079539749955682
0.33333333333333326,0.20740740740740737,0.8183832652772233
0.37037037037037024,0.20740740740740737,0.8000904491176736
0.40740740740740744,0.20740740740740737,0.8365764664379456
0.4444444444444444,0.20740740740740737,0.8034864200429808
0.4814814814814814,0.20740740740740737,0.7867043028074914
0.5185185185185184,0.20740740740740737,0.7881053586676552
0.5555555555555554,0.20740740740740737,0.7237217520139285
0.5925925925925926,0.20740740740740737,0.6931538752829509
0.6296296296296295,0.20740740740740737,0.6548862070752564
0.6666666666666665,0.20740740740740737,0.6005626354316401
0.7037037037037037,0.20740740740740737,0.612561855179637
0.7407407407407407,0.20740740740740737,0.5515140404987967
0.7777777777777777,0.20740740740740737,0.5037511926231091
0.8148148148148147,0.20740740740740737,0.4699199312660065
0.8518518518518516,0.20740740740740737,0.45946996492678127
0.8888888888888888,0.20740740740740737,0.43973286111215815
0.9259259259259258,0.20740740740740737,0.39192968709624376
0.9629629629629628,0.20740740740740737,0.34472618006933825
1.0,0.20740740740740737,0.316149357418691
-1.0,0.2333333333333334,-0.0409451161645869
-0.962962962962963,0.2333333333333334,-0.036327526368932064
-0.9259259259259259,0.2333333333333334,-0.061759917764214085
-0.8888888888888888,0.2333333333333334,-0.10107001411963445
-0.8518518518518519,0.2333333333333334,-0.06348263309268593
-0.8148148148148149,0.2333333333333334,-0.09514163759376511
-0.7777777777777778,0.2333333333333334,-0.0770112828193612
-0.7407407407407407,0.2333333333333334,-0.07926691045262788
-0.7037037037037037,0.2333333333333334,-0.07862636325724941
-0.6666666666666667,0.2333333333333334,-0.101224627956531
-0.6296296296296297,0.2333333333333334,-0.09726535623546263
-0.5925925925925926,0.2333333333333334,-0.07645432796140025
-0.5555555555555556,0.2333333333333334,-0.060623114868449374
-0.5185185185185186,0.2333333333333334,-0.06298822716054249
-0.4814814814814815,0.2333333333333334,-0.056150704525439576
-0.4444444444444444,0.2333333333333334,-0.04742798101101288
-0.40740740740740744,0.2333333333333334,-0.03794011832040853
-0.37037037037037046,0.2333333333333334,0.021103949509249986
-0.33333333333333337,0.2333333333333334,0.04053874000561436
-0.2962962962962963,0.2333333333333334,0.050632007553550004
-0.2592592592592593,0.2333333333333334,0.14728913304651753
-0.22222222222222232,0.2333333333333334,0.18669429877855398
-0.18518518518518523,0.2333333333333334,0.23638834976712117
-0.14814814814814814,0.2333333333333334,0.2600334996557282
-0.11111111111111116,0.2333333333333334,0.32229795652285514
-0.07407407407407418,0.2333333333333334,0.3478739531180077
-0.03703703703703709,0.2333333333333334,0.41953019909459693
0.0,0.2333333333333334,0.470363124797774
0.03703703703703698,0.2333333333333334,0.5294551638758996
0.07407407407407396,0.2333333333333334,0.546097645595693
0.11111111111111116,0.2333333333333334,0.6164679564547939
0.14814814814814814,0.2333333333333334,0.6598021866598949
0.18518518518518512,0.2333333333333334,0.688325921008961
0.2222222222222221,0.2333333333333334,0.7090317682259685
0.2592592592592591,0.2333333333333334,0.7341136308533881
0.2962962962962963,0.2333333333333334,0.7375049104047056
0.33333333333333326,0.2333333333333334,0.7256503560197072
0.37037037037037024,0.2333333333333334,0.7123130685155148
0.40740740740740744,0.2333333333333334,0.7035423679433362
0.4444444444444444,0.2333333333333334,0.710165421382722
0.4814814814814814,0.2333333333333334,0.6828007047003302
0.5185185185185184,0.2333333333333334,0.6734497173995977
0.5555555555555554,0.2333333333333334,0.6529845024808556
0.5925925925925926,0.2333333333333334,0.612551547985451
0.6296296296296295,0.2333333333333334,0.6143244032496066
0.6666666666666665,0.2333333333333334,0.5481685108507915
0.7037037037037037,0.2333333333333334,0.5263017426164204
0.7407407407407407,0.2333333333333334,0.5172977872665272
0.7777777777777777,0.2333333333333334,0.4824082625954518
0.8148148148148147,0.2333333333333334,0.4340978387271814
0.8518518518518516,0.2333333333333334,0.43515530916403644
0.8888888888888888,0.2333333333333334,0.3852838932436519
0.9259259259259258,0.2333333333333334,0.3903811524666567
0.9629629629629628,0.2333333333333334,0.34350280478467177
1.0,0.2333333333333334,0.31758636332634066
-1.0,0.2592592592592593,-0.05429316570290897
-0.962962962962963,0.2592592592592593,-0.04654922976126888
-0.9259259259259259,0.2592592592592593,-0.0473441704709075
-0.8888888888888888,0.2592592592592593,-0.07191001483503806
-0.8518518518518519,0.2592592592592593,-0.0717785022129331
-0.8148148148148149,0.2592592592592593,-0.06807980859713136
-0.7777777777777778,0.2592592592592593,-0.06607845310335603
-0.7407407407407407,0.2592592592592593,-0.08327449469996856
-0.7037037037037037,0.2592592592592593,-0.06571525916652105
-0.6666666666666667,0.2592592592592593,-0.07178580468104964
-0.6296296296296297,0.2592592592592593,-0.08302552843379121
-0.5925925925925926,0.2592592592592593,-0.05845715638310794
-0.5555555555555556,0.2592592592592593,-0.05987164336462565
-0.5185185185185186,0.2592592592592593,-0.015210878056918287
-0.4814814814814815,0.2592592592592593,-0.012884412653603752
-0.4444444444444444,0.2592592592592593,-0.0008674286098702272
-0.40740740740740744,0.2592592592592593,0.011768002902061911
-0.37037037037037046,0.2592592592592593,0.042414036600958716
-0.33333333333333337,0.2592592592592593,0.07155741710666504
-0.2962962962962963,0.2592592592592593,0.07644320826522785
-0.2592592592592593,0.2592592592592593,0.14291227667681228
-0.22222222222222232,0.2592592592592593,0.15011296436028274
-0.18518518518518523,0.2592592592592593,0.19421524557342545
-0.14814814814814814,0.2592592592592593,0.24141749182544553
-0.11111111111111116,0.2592592592592593,0.3003548444003992
-0.07407407407407418,0.2592592592592593,0.3525303951005729
-0.03703703703703709,0.2592592592592593,0.4047795161907681
0.0,0.2592592592592593,0.41579138372067403
0.03703703703703698,0.2592592592592593,0.47086157992979094
0.07407407407407396,0.2592592592592593,0.5048541642530521
0.11111111111111116,0.2592592592592593,0.5579085538214212
0.14814814814814814,0.2592592592592593,0.5793964233420524
0.18518518518518512,0.2592592592592593,0.6551377136612085
0.2222222222222221,0.2592592592592593,0.6510382935986126
0.2592592592592591,0.2592592592592593,0.6502975371419017
0.2962962962962963,0.2592592592592593,0.6280287018919513
0.33333333333333326,0.2592592592592593,0.6598617505022972
0.37037037037037024,0.2592592592592593,0.6475735931438877
0.40740740740740744,0.2592592592592593,0.6541421565912106
0.4444444444444444,0.2592592592592593,0.631819443518103
0.4814814814814814,0.2592592592592593,0.6184274085180171
0.5185185185185184,0.2592592592592593,0.5716591300282462
0.5555555555555554,0.2592592592592593,0.5739686165475738
0.5925925925925926,0.2592592592592593,0.5772555567623419
0.6296296296296295,0.2592592592592593,0.5355814455083838
0.6666666666666665,0.2592592592592593,0.519760674459216
0.7037037037037037,0.2592592592592593,0.49070305171058026
0.7407407407407407,0.2592592592592593,0.45539405340797057
0.7777777777777777,0.2592592592592593,0.4637659886927057
0.8148148148148147,0.2592592592592593,0.4018823940439774
0.8518518518518516,0.2592592592592593,0.41806803349180405
0.8888888888888888,0.2592592592592593,0.38136985848529553
0.9259259259259258,0.2592592592592593,0.3637106666141565
0.9629629629629628,0.2592592592592593,0.3323126806288408
1.0,0.2592592592592593,0.3527304653474537
-1.0,0.2851851851851852,-0.04205489111587862
-0.962962962962963,0.2851851851851852,-0.04196220055169064
-0.9259259259259259,0.2851851851851852,-0.039381949312289166
-0.8888888888888888,0.2851851851851852,-0.021478531830508265
-0.8518518518518519,0.2851851851851852,-0.05531645581881448
-0.8148148148148149,0.2851851851851852,-0.08141719606551326
-0.7777777777777778,0.2851851851851852,-0.08278447252706977
-0.7407407407407407,0.2851851851851852,-0.07439570085393386
-0.7037037037037037,0.2851851851851852,-0.05989559674374608
-0.6666666666666667,0.2851851851851852,-0.06802438724293386
-0.6296296296296297,0.2851851851851852,-0.06746371150090327
-0.5925925925925926,0.2851851851851852,-0.03177586489473387
-0.5555555555555556,0.2851851851851852,-0.007711382409977589
-0.5185185185185186,0.2851851851851852,-0.016870142870126406
-0.4814814814814815,0.2851851851851852,-0.009547659013308635
-0.4444444444444444,0.2851851851851852,-0.01026242236358605
-0.40740740740740744,0.2851851851851852,0.023459167832383557
-0.37037037037037046,0.2851851851851852,0.050996267391729654
-0.33333333333333337,0.2851851851851852,0.06603528011629808
-0.2962962962962963,0.2851851851851852,0.09863744761000279
-0.2592592592592593,0.2851851851851852,0.11705797908821258
-0.22222222222222232,0.2851851851851852,0.17633942511955028
-0.18518518518518523,0.2851851851851852,0.1854083086156869
-0.14814814814814814,0.2851851851851852,0.26537637899618444
-0.11111111111111116,0.2851851851851852,0.2822720957745323
-0.07407407407407418,0.2851851851851852,0.30908820497506223
-0.03703703703703709,0.2851851851851852,0.3713384971883196
0.0,0.2851851851851852,0.39311005702375335
0.03703703703703698,0.2851851851851852,0.42639405809259384
0.07407407407407396,0.2851851851851852,0.4835328182423887
0.11111111111111116,0.2851851851851852,0.5189066282512905
0.14814814814814814,0.2851851851851852,0.504399076153004
0.18518518518518512,0.2851851851851852,0.5463717245367249
0.2222222222222221,0.2851851851851852,0.5989851641126513
0.2592592592592591,0.2851851851851852,0.571305408947041
0.2962962962962963,0.2851851851851852,0.5761358355252758
0.33333333333333326,0.2851851851851852,0.5727719021070211
0.37037037037037024,0.2851851851851852,0.5423404683908813
0.40740740740740744,0.2851851851851852,0.5805927772088947
0.4444444444444444,0.2851851851851852,0.5587555041269678
0.4814814814814814,0.2851851851851852,0.5529177208907468
0.5185185185185184,0.2851851851851852,0.5550406238995825
0.5555555555555554,0.2851851851851852,0.5259235052984534
0.5925925925925926,0.2851851851851852,0.5035221129490204
0.6296296296296295,0.2851851851851852,0.4427124180484584
0.6666666666666665,0.2851851851851852,0.4111825466328455
0.7037037037037037,0.2851851851851852,0.44137305186060166
0.7407407407407407,0.2851851851851852,0.41306584191420365
0.7777777777777777,0.2851851851851852,0.4021552203626672
0.8148148148148147,0.2851851851851852,0.38274010801792147
0.8518518518518516,0.2851851851851852,0.3738735519437065
0.8888888888888888,0.2851851851851852,0.36674672819090126
0.9259259259259258,0.2851851851851852,0.3547772270981163
0.9629629629629628,0.2851851851851852,0.31961170157057384
1.0,0.2851851851851852,0.3306543476613822
-1.0,0.3111111111111111,-0.04403027080087736
-0.962962962962963,0.3111111111111111,-0.031140899751575607
-0.9259259259259259,0.3111111111111111,-0.05272148171569102
-0.8888888888888888,0.3111111111111111,-0.02315112744992654
-0.8518518518518519,0.3111111111111111,-0.037095528530731905
-0.8148148148148149,0.3111111111111111,-0.04802854088920134
-0.7777777777777778,0.3111111111111111,-0.05215975551286391
-0.7407407407407407,0.3111111111111111,-0.04144641526450627
-0.7037037037037037,0.3111111111111111,-0.01958364303063987
-0.6666666666666667,0.3111111111111111,-0.016818633801398343
-0.6296296296296297,0.3111111111111111,-0.06652608499318784
-0.5925925925925926,0.3111111111111111,-0.030397214498688072
-0.5555555555555556,0.3111111111111111,-0.008726238870627033
-0.5185185185185186,0.3111111111111111,-0.0009795153925023937
-0.4814814814814815,0.3111111111111111,0.008121057311873644
-0.4444444444444444,0.3111111111111111,-0.008823717791068
-0.40740740740740744,0.3111111111111111,0.023775568136274454
-0.37037037037037046,0.3111111111111111,0.07049059280804716
-0.33333333333333337,0.3111111111111111,0.06837681089097336
-0.2962962962962963,0.3111111111111111,0.08673435511063879
-0.2592592592592593,0.3111111111111111,0.10900122487074704
-0.22222222222222232,0.3111111111111111,0.17131912292425333
-0.18518518518518523,0.3111111111111111,0.21724891874564728
-0.14814814814814814,0.3111111111111111,0.23972627795045168
-0.11111111111111116,0.3111111111111111,0.25632013191848335
-0.07407407407407418,0.3111111111111111,0.31967148668277007
-0.03703703703703709,0.3111111111111111,0.32657619289711215
0.0,0.3111111111111111,0.3636738422527307
0.03703703703703698,0.3111111111111111,0.4177663146220414
0.07407407407407396,0.3111111111111111,0.44548267446686585
0.11111111111111116,0.3111111111111111,0.47035788201824513
0.14814814814814814,0.3111111111111111,0.49167416878494274
0.18518518518518512,0.3111111111111111,0.4930019017917151
0.2222222222222221,0.3111111111111111,0.513316874422256
0.2592592592592591,0.3111111111111111,0.5222658922715878
0.2962962962962963,0.3111111111111111,0.514555215643566
0.33333333333333326,0.3111111111111111,0.5165204778908593
0.37037037037037024,0.3111111111111111,0.5316993701934671
0.40740740740740744,0.3111111111111111,0.5116317345005665
0.4444444444444444,0.3111111111111111,0.4820460019297973
0.4814814814814814,0.3111111111111111,0.4727066615578992
0.5185185185185184,0.3111111111111111,0.449300748994971
0.5555555555555554,0.3111111111111111,0.4253714619752451
0.5925925925925926,0.3111111111111111,0.43318505451291833
0.6296296296296295,0.3111111111111111,0.41293979858853797
0.6666666666666665,0.3111111111111111,0.38653953517030326
0.7037037037037037,0.3111111111111111,0.3458112682958212
0.7407407407407407,0.3111111111111111,0.3456986746514015
0.7777777777777777,0.3111111111111111,0.3096519911253368
0.8148148148148147,0.3111111111111111,0.32517591293092823
0.8518518518518516,0.3111111111111111,0.307853083232131
0.8888888888888888,0.3111111111111111,0.3049682205504503
0.9259259259259258,0.3111111111111111,0.27784040162978196
0.9629629629629628,0.3111111111111111,0.31568990269414615
1.0,0.3111111111111111,0.2973144672465221
-1.0,0.337037037037037,0.0006309178441083196
-0.962962962962963,0.337037037037037,-0.0324116953642496
-0.9259259259259259,0.337037037037037,-0.03112195319024949
-0.8888888888888888,0.337037037037037,-0.0061980865126707654
-0.8518518518518519,0.337037037037037,-0.014377504656708645
-0.8148148148148149,0.337037037037037,-0.03709413601817215
-0.7777777777777778,0.337037037037037,-0.03757577805890607
-0.7407407407407407,0.337037037037037,-0.04588520137361659
-0.7037037037037037,0.337037037037037,-0.026555508523507618
-0.6666666666666667,0.337037037037037,-0.04586711311741178
-0.6296296296296297,0.337037037037037,-0.011611664165683239
-0.5925925925925926,0.337037037037037,-0.01925606720717554
-0.5555555555555556,0.337037037037037,-0.011178087575768434
-0.5185185185185186,0.337037037037037,-0.013698179260432965
-0.4814814814814815,0.337037037037037,0.02203997005738264
-0.4444444444444444,0.337037037037037,0.03364664235676519
-0.40740740740740744,0.337037037037037,0.02688783059021928
-0.37037037037037046,0.337037037037037,0.03283709547698481
-0.33333333333333337,0.337037037037037,0.09576212123264416
-0.2962962962962963,0.337037037037037,0.07050702139630205
-0.2592592592592593,0.337037037037037,0.12968136297856142
-0.22222222222222232,0.337037037037037,0.1186806793975977
-0.18518518518518523,0.337037037037037,0.2111484518475962
-0.14814814814814814,0.337037037037037,0.218652224319206
-0.11111111111111116,0.337037037037037,0.22471605164789327
-0.07407407407407418,0.337037037037037,0.26589803284129787
-0.03703703703703709,0.337037037037037,0.3091651930357174
0.0,0.337037037037037,0.2914377711271338
0.03703703703703698,0.337037037037037,0.3295420118748462
0.07407407407407396,0.337037037037037,0.39031208834033077
0.11111111111111116,0.337037037037037,0.4031550320478276
0.14814814814814814,0.337037037037037,0.43074939695039477
0.18518518518518512,0.337037037037037,0.4420656142165868
0.2222222222222221,0.337037037037037,0.448616077498109
0.2592592592592591,0.337037037037037,0.47237693292680166
0.2962962962962963,0.337037037037037,0.47845083704764824
0.33333333333333326,0.337037037037037,0.4489295605392613
0.37037037037037024,0.337037037037037,0.46756362148083497
0.40740740740740744,0.337037037037037,0.4393340513599707
0.4444444444444444,0.337037037037037,0.4215826548213308
0.4814814814814814,0.337037037037037,0.42092461511942403
0.5185185185185184,0.337037037037037,0.3861725275568284
0.5555555555555554,0.337037037037037,0.38417829280003424
0.5925925925925926,0.337037037037037,0.3428138463345915
0.6296296296296295,0.337037037037037,0.35298884572823597
0.6666666666666665,0.337037037037037,0.3305174314478208
0.7037037037037037,0.337037037037037,0.3218170494154217
0.7407407407407407,0.337037037037037,0.2958021335251277
0.7777777777777777,0.337037037037037,0.26585040839561797
0.8148148148148147,0.337037037037037,0.2726731325746103
0.8518518518518516,0.337037037037037,0.2768105797841385
0.8888888888888888,0.337037037037037,0.26073528028797943
0.9259259259259258,0.337037037037037,0.2704498209159277
0.9629629629629628,0.337037037037037,0.2302473399530235
1.0,0.337037037037037,0.24032905224294793
-1.0,0.36296296296296293,-0.012623695477216573
-0.962962962962963,0.36296296296296293,-0.021571620338966556
-0.9259259259259259,0.36296296296296293,-0.005621379540683081
-0.8888888888888888,0.36296296296296293,-0.033838243668394455
-0.8518518518518519,0.36296296296296293,-0.02719364681283914
-0.8148148148148149,0.36296296296296293,-0.04180127398449944
-0.7777777777777778,0.36296296296296293,-0.021762964835860734
-0.7407407407407407,0.36296296296296293,-0.024912176048612455
-0.7037037037037037,0.36296296296296293,-0.04566432196553809
-0.6666666666666667,0.36296296296296293,-0.02353451060114176
-0.6296296296296297,0.36296296296296293,-0.0015065956531037338
-0.5925925925925926,0.36296296296296293,-0.008464296189293796
-0.5555555555555556,0.36296296296296293,-0.004320843716106132
-0.5185185185185186,0.36296296296296293,0.033447069628546246
-0.4814814814814815,0.36296296296296293,-0.005759865881772614
-0.4444444444444444,0.36296296296296293,0.021596858474586037
-0.40740740740740744,0.36296296296296293,0.013430394599890767
-0.37037037037037046,0.36296296296296293,0.05121671077810989
-0.33333333333333337,0.36296296296296293,0.04741054241067823
-0.2962962962962963,0.36296296296296293,0.09236869013655233
-0.2592592592592593,0.36296296296296293,0.13388142473562759
-0.22222222222222232,0.36296296296296293,0.14160748840053292
-0.18518518518518523,0.36296296296296293,0.17461952898972788
-0.14814814814814814,0.36296296296296293,0.17252692381215198
-0.11111111111111116,0.36296296296296293,0.20191393220506582
-0.07407407407407418,0.36296296296296293,0.24063471700687472
-0.03703703703703709,0.36296296296296293,0.26712431828868666
0.0,0.36296296296296293,0.3402570530679269
0.03703703703703698,0.36296296296296293,0.3138975168867102
0.07407407407407396,0.36296296296296293,0.33628219529054043
0.11111111111111116,0.36296296296296293,0.35485792853754394
0.14814814814814814,0.36296296296296293,0.3705153673293772
0.18518518518518512,0.36296296296296293,0.3964033051843119
0.2222222222222221,0.36296296296296293,0.3916722043175365
0.2592592592592591,0.36296296296296293,0.3940416154679041
0.2962962962962963,0.36296296296296293,0.4055011423909794
0.33333333333333326,0.36296296296296293,0.4161764325198836
0.37037037037037024,0.36296296296296293,0.38107788757899586
0.40740740740740744,0.36296296296296293,0.3868407281320799
0.4444444444444444,0.36296296296296293,0.3859822417854842
0.4814814814814814,0.36296296296296293,0.3981524605458394
0.5185185185185184,0.36296296296296293,0.3373176600384365
0.5555555555555554,0.36296296296296293,0.3331669070090251
0.5925925925925926,0.36296296296296293,0.3220619064439751
0.6296296296296295,0.36296296296296293,0.3041242789199827
0.6666666666666665,0.36296296296296293,0.2936874145485118
0.7037037037037037,0.36296296296296293,0.249380207675962
0.7407407407407407,0.36296296296296293,0.21725440391236286
0.7777777777777777,0.36296296296296293,0.23643537485661117
0.8148148148148147,0.36296296296296293,0.22899072205680857
0.8518518518518516,0.36296296296296293,0.2009352393355208
0.8888888888888888,0.36296296296296293,0.21413089837715532
0.9259259259259258,0.36296296296296293,0.19077946956307126
0.9629629629629628,0.36296296296296293,0.197557786382357
1.0,0.36296296296296293,0.1842496111869976
-1.0,0.38888888888888884,-0.02729076490079904
-0.962962962962963,0.38888888888888884,-0.008986241008415278
-0.9259259259259259,0.38888888888888884,-0.01986180545700097
-0.8888888888888888,0.38888888888888884,-0.010576076732095792
-0.8518518518518519,0.38888888888888884,-0.014217437817066789
-0.8148148148148149,0.38888888888888884,-0.007970370564484394
-0.7777777777777778,0.38888888888888884,-0.031586056337817345
-0.7407407407407407,0.38888888888888884,-0.022815053459746472
-0.7037037037037037,0.38888888888888884,-0.0028988592139533673
-0.6666666666666667,0.38888888888888884,-0.0027953818011249264
-0.6296296296296297,0.38888888888888884,-0.025332696361079814
-0.5925925925925926,0.38888888888888884,-0.03617538388194991
-0.5555555555555556,0.38888888888888884,0.0032884105472204216
-0.5185185185185186,0.38888888888888884,0.008933310279381127
-0.4814814814814815,0.38888888888888884,0.01693098243552949
-0.4444444444444444,0.38888888888888884,-0.0028601996929914462
-0.40740740740740744,0.38888888888888884,0.035091951838218345
-0.37037037037037046,0.38888888888888884,0.06233290582421634
-0.33333333333333337,0.38888888888888884,0.06538868567553151
-0.2962962962962963,0.38888888888888884,0.0765824477935177
-0.2592592592592593,0.38888888888888884,0.11062239988029005
-0.22222222222222232,0.38888888888888884,0.10824959300516687
-0.18518518518518523,0.38888888888888884,0.1761386822222297
-0.14814814814814814,0.38888888888888884,0.176492685441715
-0.11111111111111116,0.38888888888888884,0.175437907836314
-0.07407407407407418,0.38888888888888884,0.25896160649908495
-0.03703703703703709,0.38888888888888884,0.24879988348518864
0.0,0.38888888888888884,0.25025299595643913
0.03703703703703698,0.38888888888888884,0.28994566064593225
0.07407407407407396,0.38888888888888884,0.3012335984499384
0.11111111111111116,0.38888888888888884,0.3227273979313097
0.14814814814814814,0.38888888888888884,0.3352965941226833
0.18518518518518512,0.38888888888888884,0.3363987905067757
0.2222222222222221,0.38888888888888884,0.3611557467857816
0.2592592592592591,0.38888888888888884,0.351529220649189
0.2962962962962963,0.38888888888888884,0.35596459046117435
0.33333333333333326,0.38888888888888884,0.33321130306966684
0.37037037037037024,0.38888888888888884,0.3526841517364723
0.40740740740740744,0.38888888888888884,0.32809752925801433
0.4444444444444444,0.38888888888888884,0.3252190919467838
0.4814814814814814,0.38888888888888884,0.32313361209787866
0.5185185185185184,0.38888888888888884,0.29276643757454
0.5555555555555554,0.38888888888888884,0.28293728496347437
0.5925925925925926,0.38888888888888884,0.26415590760753777
0.6296296296296295,0.38888888888888884,0.24803799658765371
0.6666666666666665,0.38888888888888884,0.2238871813982587
0.7037037037037037,0.38888888888888884,0.23384187160666456
0.7407407407407407,0.38888888888888884,0.19594622249256496
0.7777777777777777,0.38888888888888884,0.18375939822489662
0.8148148148148147,0.38888888888888884,0.17200279773324623
0.8518518518518516,0.38888888888888884,0.17247483303046787
0.8888888888888888,0.38888888888888884,0.18731862583676587
0.9259259259259258,0.38888888888888884,0.17358835513800247
0.9629629629629628,0.38888888888888884,0.17852804735309466
1.0,0.38888888888888884,0.15046234446102125
-1.0,0.41481481481481475,-0.05000298835532823
-0.962962962962963,0.41481481481481475,-0.0021301981922370247
-0.9259259259259259,0.41481481481481475,-0.01752767507634292
-0.8888888888888888,0.41481481481481475,-0.0003373580076612981
-0.8518518518518519,0.41481481481481475,0.011805858607536267
-0.8148148148148149,0.41481481481481475,-0.0006696035416505052
-0.7777777777777778,0.41481481481481475,-0.02306633883299289
-0.7407407407407407,0.41481481481481475,-0.008755899516522558
-0.7037037037037037,0.41481481481481475,-0.01891858335909291
-0.6666666666666667,0.41481481481481475,0.014476579464449189
-0.6296296296296297,0.41481481481481475,0.006353852749473156
-0.5925925925925926,0.41481481481481475,-0.005103896836258569
-0.5555555555555556,0.41481481481481475,0.0016433428931890515
-0.5185185185185186,0.41481481481481475,0.005312287010561352
-0.4814814814814815,0.41481481481481475,0.04215872561094043
-0.4444444444444444,0.41481481481481475,0.002916680950944814
-0.40740740740740744,0.41481481481481475,0.039212281674748016
-0.37037037037037046,0.41481481481481475,0.037887728300057454
-0.33333333333333337,0.41481481481481475,0.0747746142138209
-0.2962962962962963,0.41481481481481475,0.09646734837861068
-0.2592592592592593,0.41481481481481475,0.08641957682608022
-0.22222222222222232,0.41481481481481475,0.09671807670919623
-0.18518518518518523,0.41481481481481475,0.12286825787621251
-0.14814814814814814,0.41481481481481475,0.16560031341937487
-0.11111111111111116,0.41481481481481475,0.15019556348056431
-0.07407407407407418,0.41481481481481475,0.19808745925406207
-0.03703703703703709,0.41481481481481475,0.23133861504474634
0.0,0.41481481481481475,0.2298948440415914
0.03703703703703698,0.41481481481481475,0.2531985153245978
0.07407407407407396,0.41481481481481475,0.2574024315294445
0.11111111111111116,0.41481481481481475,0.2781312545936189
0.14814814814814814,0.41481481481481475,0.27904759267220736
0.18518518518518512,0.41481481481481475,0.3008116833851003
0.2222222222222221,0.41481481481481475,0.2942954734083252
0.2592592592592591,0.41481481481481475,0.3062615331288595
0.2962962962962963,0.41481481481481475,0.3391319924314912
0.33333333333333326,0.41481481481481475,0.30845330514025543
0.37037037037037024,0.41481481481481475,0.30622748421750257
0.40740740740740744,0.41481481481481475,0.2928737111563043
0.4444444444444444,0.41481481481481475,0.2765307386224198
0.4814814814814814,0.41481481481481475,0.2549339748000372
0.5185185185185184,0.41481481481481475,0.25282412760647305
0.5555555555555554,0.41481481481481475,0.22868391277585923
0.5925925925925926,0.41481481481481475,0.23192943635094398
0.6296296296296295,0.41481481481481475,0.2051446284411164
0.6666666666666665,0.41481481481481475,0.17176345972180607
0.7037037037037037,0.41481481481481475,0.1793991096297969
0.7407407407407407,0.41481481481481475,0.1582949330382801
0.7777777777777777,0.41481481481481475,0.14114374185732034
0.8148148148148147,0.41481481481481475,0.14355555350850074
0.8518518518518516,0.41481481481481475,0.13680955908048842
0.8888888888888888,0.41481481481481475,0.12277297096280597
0.9259259259259258,0.41481481481481475,0.13801916576831236
0.9629629629629628,0.41481481481481475,0.15451905529303828
1.0,0.41481481481481475,0.1419593079007829
-1.0,0.44074074074074066,-0.003919677808847425
-0.962962962962963,0.44074074074074066,-0.017539098519014994
-0.9259259259259259,0.44074074074074066,-0.018283402902417468
-0.8888888888888888,0.44074074074074066,-0.02983636970846164
-0.8518518518518519,0.44074074074074066,-0.018204147299882095
-0.8148148148148149,0.44074074074074066,-0.018726515312510718
-0.7777777777777778,0.44074074074074066,-0.013466527537732606
-0.7407407407407407,0.44074074074074066,-0.005619317827127823
-0.7037037037037037,0.44074074074074066,-0.007423235839870502
-0.6666666666666667,0.44074074074074066,0.018821403021628033
-0.6296296296296297,0.44074074074074066,0.0029089807102131385
-0.5925925925925926,0.44074074074074066,0.03384947518893198
-0.5555555555555556,0.44074074074074066,-0.002701021537882882
-0.5185185185185186,0.44074074074074066,-0.003975473536056264
-0.4814814814814815,0.44074074074074066,0.015405348457043425
-0.4444444444444444,0.44074074074074066,0.039922410705061445
-0.40740740740740744,0.44074074074074066,0.03903688413919508
-0.37037037037037046,0.44074074074074066,0.03851364091766318
-0.33333333333333337,0.44074074074074066,0.05026797573490256
-0.2962962962962963,0.44074074074074066,0.07466822412453127
-0.2592592592592593,0.44074074074074066,0.10684312891108519
-0.22222222222222232,0.44074074074074066,0.10737111308160192
-0.18518518518518523,0.44074074074074066,0.1236810441635836
-0.14814814814814814,0.44074074074074066,0.13628295556475722
-0.11111111111111116,0.44074074074074066,0.1505932579516756
-0.07407407407407418,0.44074074074074066,0.17822235047920415
-0.03703703703703709,0.44074074074074066,0.1935198138718828
0.0,0.44074074074074066,0.2147256308574592
0.03703703703703698,0.44074074074074066,0.22084266356901555
0.07407407407407396,0.44074074074074066,0.24265211764832967
0.11111111111111116,0.44074074074074066,0.24452510597620752
0.14814814814814814,0.44074074074074066,0.2516642917620503
0.18518518518518512,0.44074074074074066,0.2929650224083854
0.2222222222222221,0.44074074074074066,0.2810014437879708
0.2592592592592591,0.44074074074074066,0.2781836575166515
0.2962962962962963,0.44074074074074066,0.28159291395620206
0.33333333333333326,0.44074074074074066,0.26625696416325395
0.37037037037037024,0.44074074074074066,0.2799533981299336
0.40740740740740744,0.44074074074074066,0.27853311732975305
0.4444444444444444,0.44074074074074066,0.24152932288393808
0.4814814814814814,0.44074074074074066,0.25396881914191227
0.5185185185185184,0.44074074074074066,0.24361051121270524
0.5555555555555554,0.44074074074074066,0.20916167471364822
0.5925925925925926,0.44074074074074066,0.17178308808285817
0.6296296296296295,0.44074074074074066,0.18044284397022475
0.6666666666666665,0.44074074074074066,0.14642933385844917
0.7037037037037037,0.44074074074074066,0.16323484288014842
0.7407407407407407,0.44074074074074066,0.12721823072890048
0.7777777777777777,0.44074074074074066,0.13085195736404864
0.8148148148148147,0.44074074074074066,0.12367865148457574
0.8518518518518516,0.44074074074074066,0.10413940766556434
0.8888888888888888,0.44074074074074066,0.08510177067955356
0.9259259259259258,0.44074074074074066,0.1170906665559552
0.9629629629629628,0.44074074074074066,0.08768500544688407
1.0,0.44074074074074066,0.08347252311509774
-1.0,0.4666666666666668,-0.0011147171299144545
-0.962962962962963,0.4666666666666668,-0.005599719576234069
-0.9259259259259259,0.4666666666666668,-0.022603020889022926
-0.8888888888888888,0.4666666666666668,-0.010530344784339122
-0.8518518518518519,0.4666666666666668,-0.0035650294745415752
-0.8148148148148149,0.4666666666666668,-0.0059762867656148405
-0.7777777777777778,0.4666666666666668,0.0037003536283186783
-0.7407407407407407,0.4666666666666668,-0.011571250222500513
-0.7037037037037037,0.4666666666666668,0.006557574628170202
-0.6666666666666667,0.4666666666666668,0.022670984265861695
-0.6296296296296297,0.4666666666666668,0.021765071564868517
-0.5925925925925926,0.4666666666666668,-0.0001799439220957575
-0.5555555555555556,0.4666666666666668,0.0192114821631549
-0.5185185185185186,0.4666666666666668,0.019673296977785977
-0.4814814814814815,0.4666666666666668,-8.088634080103199e-05
-0.4444444444444444,0.4666666666666668,0.016189461986965706
-0.40740740740740744,0.4666666666666668,0.035254802169158
-0.37037037037037046,0.4666666666666668,0.05715458809900483
-0.33333333333333337,0.4666666666666668,0.04795943359645925
-0.2962962962962963,0.4666666666666668,0.06322651200790536
-0.2592592592592593,0.4666666666666668,0.0489140837287077
-0.22222222222222232,0.4666666666666668,0.0913918655048952
-0.18518518518518523,0.4666666666666668,0.09566091643448357
-0.14814814814814814,0.4666666666666668,0.11988806016637736
-0.11111111111111116,0.4666666666666668,0.13490089835174146
-0.07407407407407418,0.4666666666666668,0.13896268334829248
-0.03703703703703709,0.4666666666666668,0.19603664684987593
0.0,0.4666666666666668,0.16762421026655241
0.03703703703703698,0.4666666666666668,0.2228084566853407
0.07407407407407396,0.4666666666666668,0.2087645370573474
0.11111111111111116,0.4666666666666668,0.1888073981578773
0.14814814814814814,0.4666666666666668,0.22128064442368725
0.18518518518518512,0.4666666666666668,0.22334209010033232
0.2222222222222221,0.4666666666666668,0.2269078403207363
0.2592592592592591,0.4666666666666668,0.2194785001934397
0.2962962962962963,0.4666666666666668,0.2549572031479015
0.33333333333333326,0.4666666666666668,0.20591656229544233
0.37037037037037024,0.4666666666666668,0.2044920532906599
0.40740740740740744,0.4666666666666668,0.20521665932530486
0.4444444444444444,0.4666666666666668,0.2316109497415345
0.4814814814814814,0.4666666666666668,0.20316363934865947
0.5185185185185184,0.4666666666666668,0.17387459796249066
0.5555555555555554,0.4666666666666668,0.15456905877682958
0.5925925925925926,0.4666666666666668,0.18551337666820658
0.6296296296296295,0.4666666666666668,0.15741853245634138
0.6666666666666665,0.4666666666666668,0.12564058695538188
0.7037037037037037,0.4666666666666668,0.1279976095837785
0.7407407407407407,0.4666666666666668,0.1287106167658308
0.7777777777777777,0.4666666666666668,0.06703314638840789
0.8148148148148147,0.4666666666666668,0.08246131186184766
0.8518518518518516,0.4666666666666668,0.07747127067172534
0.8888888888888888,0.4666666666666668,0.08413832031558331
0.9259259259259258,0.4666666666666668,0.06036368825398891
0.9629629629629628,0.4666666666666668,0.07792722473555629
1.0,0.4666666666666668,0.059236834125704685
-1.0,0.4925925925925927,0.003204905569047114
-0.962962962962963,0.4925925925925927,-0.029631959469063125
-0.9259259259259259,0.4925925925925927,0.028143002448172486
-0.8888888888888888,0.4925925925925927,-0.016107964130136487
-0.8518518518518519,0.4925925925925927,-0.026488666298028044
-0.8148148148148149,0.4925925925925927,-0.03464077505147258
-0.7777777777777778,0.4925925925925927,-0.0011601382038734236
-0.7407407407407407,0.4925925925925927,0.0020452103097001457
-0.7037037037037037,0.4925925925925927,-0.00431765066224526
-0.6666666666666667,0.4925925925925927,-0.0266163636984915
-0.6296296296296297,0.4925925925925927,0.0011273547831066827
-0.5925925925925926,0.4925925925925927,0.029244854867167644
-0.5555555555555556,0.4925925925925927,-0.02373034426822839
-0.5185185185185186,0.4925925925925927,0.006808620772638195
-0.4814814814814815,0.4925925925925927,0.01612333280189957
-0.4444444444444444,0.4925925925925927,0.04887543307664777
-0.40740740740740744,0.4925925925925927,0.014276298991480682
-0.37037037037037046,0.4925925925925927,0.05574098888667649
-0.33333333333333337,0.4925925925925927,0.06732078749108444
-0.2962962962962963,0.4925925925925927,0.05578984882507291
-0.2592592592592593,0.4925925925925927,0.06906050504243842
-0.22222222222222232,0.4925925925925927,0.10000487888905757
-0.18518518518518523,0.4925925925925927,0.07350766682827994
-0.14814814814814814,0.4925925925925927,0.10080636929167086
-0.11111111111111116,0.4925925925925927,0.12398460556164174
-0.07407407407407418,0.4925925925925927,0.11139981935358517
-0.03703703703703709,0.4925925925925927,0.14628994917581073
0.0,0.4925925925925927,0.14775865459729967
0.03703703703703698,0.4925925925925927,0.1703028360606917
0.07407407407407396,0.4925925925925927,0.17062055590403147
0.11111111111111116,0.4925925925925927,0.17914366315349237
0.14814814814814814,0.4925925925925927,0.21455974494788543
0.18518518518518512,0.4925925925925927,0.1857766335431363
0.2222222222222221,0.4925925925925927,0.18914154280394654
0.2592592592592591,0.4925925925925927,0.21071382125374913
0.2962962962962963,0.4925925925925927,0.19526449913993596
0.33333333333333326,0.4925925925925927,0.18940402027306052
0.37037037037037024,0.4925925925925927,0.21947874847036186
0.40740740740740744,0.4925925925925927,0.18599756593002406
0.4444444444444444,0.4925925925925927,0.17039352353346324
0.4814814814814814,0.4925925925925927,0.1557589430196068
0.5185185185185184,0.4925925925925927,0.1473596720511394
0.5555555555555554,0.4925925925925927,0.1417156366479084
0.5925925925925926,0.4925925925925927,0.14184462480557825
0.6296296296296295,0.4925925925925927,0.14743358919853086
0.6666666666666665,0.4925925925925927,0.11536413745296026
0.7037037037037037,0.4925925925925927,0.09560917440546833
0.7407407407407407,0.4925925925925927,0.07684413825603253
0.7777777777777777,0.4925925925925927,0.08413944990069806
0.8148148148148147,0.4925925925925927,0.07243781239227258
0.8518518518518516,0.4925925925925927,0.08156786022683213
0.8888888888888888,0.4925925925925927,0.06362455576453309
0.9259259259259258,0.4925925925925927,0.06615300211488717
0.9629629629629628,0.4925925925925927,0.062104256448072916
1.0,0.4925925925925927,0.06196193527065148
-1.0,0.5185185185185186,0.004142847910991471
-0.962962962962963,0.5185185185185186,0.02759596131508886
-0.9259259259259259,0.5185185185185186,-0.011771845654799018
-0.8888888888888888,0.5185185185185186,0.008627054308520553
-0.8518518518518519,0.5185185185185186,0.0010350718245787888
-0.8148148148148149,0.5185185185185186,-0.009555068952056798
-0.7777777777777778,0.5185185185185186,-0.004695204369508143
-0.7407407407407407,0.5185185185185186,0.015721698695222903
-0.7037037037037037,0.5185185185185186,-0.012664982936526696
-0.6666666666666667,0.5185185185185186,-0.01159028836153769
-0.6296296296296297,0.5185185185185186,-0.0023232546749308424
-0.5925925925925926,0.5185185185185186,0.0023521964881491665
-0.5555555555555556,0.5185185185185186,-0.0075530868250126195
-0.5185185185185186,0.5185185185185186,0.025859443191397217
-0.4814814814814815,0.5185185185185186,0.01569851404401522
-0.4444444444444444,0.5185185185185186,0.005239866896446083
-0.40740740740740744,0.5185185185185186,0.026544077745114053
-0.37037037037037046,0.5185185185185186,0.05497699476047582
-0.33333333333333337,0.5185185185185186,0.05657875977110155
-0.2962962962962963,0.5185185185185186,0.05501520972986284
-0.2592592592592593,0.5185185185185186,0.06505173356480527
-0.22222222222222232,0.5185185185185186,0.08718642035781012
-0.18518518518518523,0.5185185185185186,0.05750923230368267
-0.14814814814814814,0.5185185185185186,0.11406004529600894
-0.11111111111111116,0.5185185185185186,0.08720330940835695
-0.07407407407407418,0.5185185185185186,0.11435455989498759
-0.03703703703703709,0.5185185185185186,0.11617481622183541
0.0,0.5185185185185186,0.1460593246041175
0.03703703703703698,0.5185185185185186,0.13926823843237865
0.07407407407407396,0.5185185185185186,0.14902304869972577
0.11111111111111116,0.5185185185185186,0.16166691544029504
0.14814814814814814,0.5185185185185186,0.15729854846858118
0.18518518518518512,0.5185185185185186,0.16421943316744106
0.2222222222222221,0.5185185185185186,0.16269767875455768
0.2592592592592591,0.5185185185185186,0.17543035959480377
0.2962962962962963,0.5185185185185186,0.17353416863312446
0.33333333333333326,0.5185185185185186,0.15370517929298372
0.37037037037037024,0.5185185185185186,0.16346068760129454
0.40740740740740744,0.5185185185185186,0.19629011631890075
0.4444444444444444,0.5185185185185186,0.15985847124059685
0.4814814814814814,0.5185185185185186,0.1383061955942149
0.5185185185185184,0.5185185185185186,0.12551389008481667
0.5555555555555554,0.5185185185185186,0.12419744742851463
0.5925925925925926,0.5185185185185186,0.12685708910452456
0.6296296296296295,0.5185185185185186,0.07420656938481346
0.6666666666666665,0.5185185185185186,0.09610563005222739
0.7037037037037037,0.5185185185185186,0.08249460934571956
0.7407407407407407,0.5185185185185186,0.09663849609320922
0.7777777777777777,0.5185185185185186,0.06863499671942759
0.8148148148148147,0.5185185185185186,0.0772948877150439
0.8518518518518516,0.5185185185185186,0.032873421824185595
0.8888888888888888,0.5185185185185186,0.03730479649303066
0.9259259259259258,0.5185185185185186,0.05673273440030875
0.9629629629629628,0.5185185185185186,0.03360773339577112
1.0,0.5185185185185186,0.0454309326344509
-1.0,0.5444444444444445,0.004864426048618359
-0.962962962962963,0.5444444444444445,-0.011066076591826918
-0.9259259259259259,0.5444444444444445,-0.004027566604277672
-0.8888888888888888,0.5444444444444445,0.011185255838121503
-0.8518518518518519,0.5444444444444445,0.0032217991326975804
-0.8148148148148149,0.5444444444444445,-0.015240764004019684
-0.7777777777777778,0.5444444444444445,-0.008641937526535555
-0.7407407407407407,0.5444444444444445,-0.006377915054756363
-0.7037037037037037,0.5444444444444445,-0.0012508972944585291
-0.6666666666666667,0.5444444444444445,0.014667064045141722
-0.6296296296296297,0.5444444444444445,-0.01638656208064162
-0.5925925925925926,0.5444444444444445,-0.002040555104175454
-0.5555555555555556,0.5444444444444445,0.01955294559767245
-0.5185185185185186,0.5444444444444445,0.00730925562071166
-0.4814814814814815,0.5444444444444445,0.011953834471237788
-0.4444444444444444,0.5444444444444445,0.005457368319090336
-0.40740740740740744,0.5444444444444445,0.006833434203201181
-0.37037037037037046,0.5444444444444445,0.04585296559241317
-0.33333333333333337,0.5444444444444445,0.04483625700566549
-0.2962962962962963,0.5444444444444445,0.0447009486190108
-0.2592592592592593,0.5444444444444445,0.04742171512575891
-0.22222222222222232,0.5444444444444445,0.052501460258761075
-0.18518518518518523,0.5444444444444445,0.07736301239961439
-0.14814814814814814,0.5444444444444445,0.07054468722530874
-0.11111111111111116,0.5444444444444445,0.08125356318551329
-0.07407407407407418,0.5444444444444445,0.06579314798504088
-0.03703703703703709,0.5444444444444445,0.10372111978607222
0.0,0.5444444444444445,0.0958061335959489
0.03703703703703698,0.5444444444444445,0.12135361629060015
0.07407407407407396,0.5444444444444445,0.11512903770413609
0.11111111111111116,0.5444444444444445,0.1279131284643387
0.14814814814814814,0.5444444444444445,0.1520560249575871
0.18518518518518512,0.5444444444444445,0.12209324277391408
0.2222222222222221,0.5444444444444445,0.1350774614089503
0.2592592592592591,0.5444444444444445,0.11963909758732041
0.2962962962962963,0.5444444444444445,0.13785662690871023
0.33333333333333326,0.5444444444444445,0.13728980548703193
0.37037037037037024,0.5444444444444445,0.12002228865383921
0.40740740740740744,0.5444444444444445,0.11769835485636454
0.4444444444444444,0.5444444444444445,0.14921215120743442
0.4814814814814814,0.5444444444444445,0.11079338553152862
0.5185185185185184,0.5444444444444445,0.11668641827833187
0.5555555555555554,0.5444444444444445,0.11072838906915917
0.5925925925925926,0.5444444444444445,0.10494815609326223
0.6296296296296295,0.5444444444444445,0.08192176995268084
0.6666666666666665,0.5444444444444445,0.0627949490445377
0.7037037037037037,0.5444444444444445,0.08557626206849833
0.7407407407407407,0.5444444444444445,0.08239500667374652
0.7777777777777777,0.5444444444444445,0.04547354135568449
0.8148148148148147,0.5444444444444445,0.06689409077213773
0.8518518518518516,0.5444444444444445,0.041959314670421674
0.8888888888888888,0.5444444444444445,0.06248243763625856
0.9259259259259258,0.5444444444444445,0.053730044959356106
0.9629629629629628,0.5444444444444445,0.016535589120493882
1.0,0.5444444444444445,0.04454984394680417
-1.0,0.5703703703703704,3.6656415620688835e-05
-0.962962962962963,0.5703703703703704,-0.020998750027055178
-0.9259259259259259,0.5703703703703704,0.0067882046538196815
-0.8888888888888888,0.5703703703703704,-0.006282397012118456
-0.8518518518518519,0.5703703703703704,-0.017101108045629657
-0.8148148148148149,0.5703703703703704,0.013987975347772585
-0.7777777777777778,0.5703703703703704,0.009242775355959177
-0.7407407407407407,0.5703703703703704,-0.006828677316863531
-0.7037037037037037,0.5703703703703704,0.00623385335420512
-0.6666666666666667,0.5703703703703704,-0.01504658367064192
-0.6296296296296297,0.5703703703703704,0.010683305957906713
-0.5925925925925926,0.5703703703703704,-0.01397262419251663
-0.5555555555555556,0.5703703703703704,-0.0019166338873345184
-0.5185185185185186,0.5703703703703704,0.0037418465166996345
-0.4814814814814815,0.5703703703703704,0.024301457349939052
-0.4444444444444444,0.5703703703703704,0.03813161549625187
-0.40740740740740744,0.5703703703703704,0.0048997609574916706
-0.37037037037037046,0.5703703703703704,0.03837205854939697
-0.33333333333333337,0.5703703703703704,0.037131433600314886
-0.2962962962962963,0.5703703703703704,0.05715546618004555
-0.2592592592592593,0.5703703703703704,0.050116641090444815
-0.22222222222222232,0.5703703703703704,0.03661632226572536
-0.18518518518518523,0.5703703703703704,0.05456355621403226
-0.14814814814814814,0.5703703703703704,0.039802867250149095
-0.11111111111111116,0.5703703703703704,0.08248678158803273
-0.07407407407407418,0.5703703703703704,0.09077135574668799
-0.03703703703703709,0.5703703703703704,0.09978628194743448
0.0,0.5703703703703704,0.09500441875667845
0.03703703703703698,0.5703703703703704,0.10205880090313299
0.07407407407407396,0.5703703703703704,0.08800328769503414
0.11111111111111116,0.5703703703703704,0.11192064628585496
0.14814814814814814,0.5703703703703704,0.09869661291704504
0.18518518518518512,0.5703703703703704,0.12293650461339606
0.2222222222222221,0.5703703703703704,0.11817992652831426
0.2592592592592591,0.5703703703703704,0.12113983385820197
0.2962962962962963,0.5703703703703704,0.08710332921118817
0.33333333333333326,0.5703703703703704,0.11647154527813866
0.37037037037037024,0.5703703703703704,0.09018284375602395
0.40740740740740744,0.5703703703703704,0.12026165119439552
0.4444444444444444,0.5703703703703704,0.10316979980873861
0.4814814814814814,0.5703703703703704,0.08908057361541576
0.5185185185185184,0.5703703703703704,0.09310307177962898
0.5555555555555554,0.5703703703703704,0.08604758180541287
0.5925925925925926,0.5703703703703704,0.07680228287869856
0.6296296296296295,0.5703703703703704,0.05311269132726587
0.6666666666666665,0.5703703703703704,0.05740713976453478
0.7037037037037037,0.5703703703703704,0.03757172469422859
0.7407407407407407,0.5703703703703704,0.03898204287728242
0.7777777777777777,0.5703703703703704,0.024399319293004783
0.8148148148148147,0.5703703703703704,0.05367688716779953
0.8518518518518516,0.5703703703703704,0.05157927518831652
0.8888888888888888,0.5703703703703704,0.04150360082084987
0.9259259259259258,0.5703703703703704,0.022932164274118462
0.9629629629629628,0.5703703703703704,0.017142946430745726
1.0,0.5703703703703704,0.024118725586355708
-1.0,0.5962962962962963,0.013595354589615177
-0.962962962962963,0.5962962962962963,-0.00018339815851353355
-0.9259259259259259,0.5962962962962963,-0.01283977486901962
-0.8888888888888888,0.5962962962962963,-0.025688884683959943
-0.8518518518518519,0.5962962962962963,0.01128632026796106
-0.8148148148148149,0.5962962962962963,0.0127531564955655
-0.7777777777777778,0.5962962962962963,0.0005392820247479159
-0.7407407407407407,0.5962962962962963,-0.013168953913915383
-0.7037037037037037,0.5962962962962963,0.025801525933835914
-0.6666666666666667,0.5962962962962963,0.019420579752395386
-0.6296296296296297,0.5962962962962963,0.022518874190382107
-0.5925925925925926,0.5962962962962963,0.023326440960739638
-0.5555555555555556,0.5962962962962963,0.011497047480894609
-0.5185185185185186,0.5962962962962963,-0.004955752411433362
-0.4814814814814815,0.5962962962962963,0.00497675761117435
-0.4444444444444444,0.5962962962962963,0.015756730259627264
-0.40740740740740744,0.5962962962962963,0.03280856400310457
-0.37037037037037046,0.5962962962962963,0.016081395946800553
-0.33333333333333337,0.5962962962962963,0.040425957981862264
-0.2962962962962963,0.5962962962962963,0.022767627534498194
-0.2592592592592593,0.5962962962962963,0.04434062172810159
-0.22222222222222232,0.5962962962962963,0.04555203068466837
-0.18518518518518523,0.5962962962962963,0.060303110364625226
-0.14814814814814814,0.5962962962962963,0.02876077938245344
-0.11111111111111116,0.5962962962962963,0.05374609014436302
-0.07407407407407418,0.5962962962962963,0.05502952123021147
-0.03703703703703709,0.5962962962962963,0.057832840163402344
0.0,0.5962962962962963,0.10461046875636043
0.03703703703703698,0.5962962962962963,0.08297537671761218
0.07407407407407396,0.5962962962962963,0.0995436005904194
0.11111111111111116,0.5962962962962963,0.07024616697322857
0.14814814814814814,0.5962962962962963,0.08338765334780329
0.18518518518518512,0.5962962962962963,0.08962932821598761
0.2222222222222221,0.5962962962962963,0.09856960888783806
0.2592592592592591,0.5962962962962963,0.10209366807816493
0.2962962962962963,0.5962962962962963,0.11707036586866149
0.33333333333333326,0.5962962962962963,0.08738460471082557
0.37037037037037024,0.5962962962962963,0.10529090091996687
0.40740740740740744,0.5962962962962963,0.09182528578211745
0.4444444444444444,0.5962962962962963,0.09042591178892025
0.4814814814814814,0.5962962962962963,0.0826582201585178
0.5185185185185184,0.5962962962962963,0.06723589039996582
0.5555555555555554,0.5962962962962963,0.08734736066002532
0.5925925925925926,0.5962962962962963,0.04926293005711877
0.6296296296296295,0.5962962962962963,0.0619342066490515
0.6666666666666665,0.5962962962962963,0.037506391508409107
0.7037037037037037,0.5962962962962963,0.06045870392811057
0.7407407407407407,0.5962962962962963,0.034234668389345094
0.7777777777777777,0.5962962962962963,0.013609798413500244
0.8148148148148147,0.5962962962962963,0.032586654116341075
0.8518518518518516,0.5962962962962963,0.005804298539137123
0.8888888888888888,0.5962962962962963,0.02740180047012218
0.9259259259259258,0.5962962962962963,0.026706806681898843
0.9629629629629628,0.5962962962962963,0.0162641460868994
1.0,0.5962962962962963,-0.006864758957709601
-1.0,0.6222222222222222,0.02046914648787023
-0.962962962962963,0.6222222222222222,-0.029405697343276953
-0.9259259259259259,0.6222222222222222,-0.009832880913714922
-0.8888888888888888,0.6222222222222222,-0.024550128089201453
-0.8518518518518519,0.6222222222222222,-0.009376664803472197
-0.8148148148148149,0.6222222222222222,-0.0009609840277537251
-0.7777777777777778,0.6222222222222222,0.014134736614160865
-0.7407407407407407,0.6222222222222222,-0.001109862127536959
-0.7037037037037037,0.6222222222222222,0.0005559186886855673
-0.6666666666666667,0.6222222222222222,0.006656526456278825
-0.6296296296296297,0.6222222222222222,0.03233535731807193
-0.5925925925925926,0.6222222222222222,0.001266540744249664
-0.5555555555555556,0.6222222222222222,-0.014382312105235766
-0.5185185185185186,0.6222222222222222,0.00977137445182013
-0.4814814814814815,0.6222222222222222,0.010102549905236782
-0.4444444444444444,0.6222222222222222,0.024765448010603017
-0.40740740740740744,0.6222222222222222,0.01293194454443767
-0.37037037037037046,0.6222222222222222,0.005920409752692932
-0.33333333333333337,0.6222222222222222,0.0423654458439123
-0.2962962962962963,0.6222222222222222,0.017472488216420824
-0.2592592592592593,0.6222222222222222,-0.004323208732293221
-0.22222222222222232,0.6222222222222222,0.03231928981650636
-0.18518518518518523,0.6222222222222222,0.04003591358411355
-0.14814814814814814,0.6222222222222222,0.04791291071952875
-0.11111111111111116,0.6222222222222222,0.05619131599110887
-0.07407407407407418,0.6222222222222222,0.050723246459107425
-0.03703703703703709,0.6222222222222222,0.051280175814132425
0.0,0.6222222222222222,0.07795068814075451
0.03703703703703698,0.6222222222222222,0.03178076494383697
0.07407407407407396,0.6222222222222222,0.08079497287944916
0.11111111111111116,0.6222222222222222,0.08748620463451402
0.14814814814814814,0.6222222222222222,0.07341597919523597
0.18518518518518512,0.6222222222222222,0.07923506557627426
0.2222222222222221,0.6222222222222222,0.0678195213547172
0.2592592592592591,0.6222222222222222,0.10068556616403271
0.2962962962962963,0.6222222222222222,0.07548586518689046
0.33333333333333326,0.6222222222222222,0.06802611512709159
0.37037037037037024,0.6222222222222222,0.07440999133586593
0.40740740740740744,0.6222222222222222,0.05063145373773541
0.4444444444444444,0.6222222222222222,0.08584527060562691
0.4814814814814814,0.6222222222222222,0.08716660395347428
0.5185185185185184,0.6222222222222222,0.061318977024385296
0.5555555555555554,0.6222222222222222,0.04230808258114485
0.5925925925925926,0.6222222222222222,0.05737110927101621
0.6296296296296295,0.6222222222222222,0.04473563803301385
0.6666666666666665,0.6222222222222222,0.07494260048013232
0.7037037037037037,0.6222222222222222,0.04185086211948076
0.7407407407407407,0.6222222222222222,0.045379221430741294
0.7777777777777777,0.6222222222222222,0.016569093403902876
0.8148148148148147,0.6222222222222222,0.02928135220467415
0.8518518518518516,0.6222222222222222,0.029789642538735353
0.8888888888888888,0.6222222222222222,0.02039285570676792
0.9259259259259258,0.6222222222222222,0.03561252079338147
0.9629629629629628,0.6222222222222222,0.012008057262330481
1.0,0.6222222222222222,-0.0017995586129609473
-1.0,0.6481481481481481,-0.014367023558668516
-0.962962962962963,0.6481481481481481,0.005045455418503338
-0.9259259259259259,0.6481481481481481,0.002516671293800274
-0.8888888888888888,0.6481481481481481,0.01319741267161936
-0.8518518518518519,0.6481481481481481,0.0004813656641818
-0.8148148148148149,0.6481481481481481,-0.0010416416533545131
-0.7777777777777778,0.6481481481481481,0.0033928991894391393
-0.7407407407407407,0.6481481481481481,0.010857918715512562
-0.7037037037037037,0.6481481481481481,0.011407832753360521
-0.6666666666666667,0.6481481481481481,-0.004573780511873465
-0.6296296296296297,0.6481481481481481,0.012471255439662963
-0.5925925925925926,0.6481481481481481,0.0051474890310615395
-0.5555555555555556,0.6481481481481481,-0.00234178268312139
-0.5185185185185186,0.6481481481481481,0.004536199440192553
-0.4814814814814815,0.6481481481481481,-0.0006468824691877057
-0.4444444444444444,0.6481481481481481,0.01424925468148001
-0.40740740740740744,0.6481481481481481,0.018576172288631124
-0.37037037037037046,0.6481481481481481,0.0279448294632434
-0.33333333333333337,0.6481481481481481,0.023305194427006987
-0.2962962962962963,0.6481481481481481,0.012560239264032734
-0.2592592592592593,0.6481481481481481,0.0442768283059347
-0.22222222222222232,0.6481481481481481,0.0371132220458987
-0.18518518518518523,0.6481481481481481,0.03981121381078555
-0.14814814814814814,0.6481481481481481,0.026996307792449412
-0.11111111111111116,0.6481481481481481,0.036813392051503614
-0.07407407407407418,0.6481481481481481,0.04231897692211412
-0.03703703703703709,0.6481481481481481,0.033305939520902654
0.0,0.6481481481481481,0.028141212550411174
0.03703703703703698,0.6481481481481481,0.05419441098133919
0.07407407407407396,0.6481481481481481,0.053148283078478555
0.11111111111111116,0.6481481481481481,0.02662159476242181
0.14814814814814814,0.6481481481481481,0.06237204849831988
0.18518518518518512,0.6481481481481481,0.0876784144922345
0.2222222222222221,0.6481481481481481,0.06992271846315133
0.2592592592592591,0.6481481481481481,0.06789263753923595
0.2962962962962963,0.6481481481481481,0.06755269176813743
0.33333333333333326,0.6481481481481481,0.07618800616789949
0.37037037037037024,0.6481481481481481,0.06352397003834613
0.40740740740740744,0.6481481481481481,0.07049117473550015
0.4444444444444444,0.6481481481481481,0.06242028862638294
0.4814814814814814,0.6481481481481481,0.056719559608346584
0.5185185185185184,0.6481481481481481,0.058042537462724864
0.5555555555555554,0.6481481481481481,0.03325191709900859
0.5925925925925926,0.6481481481481481,0.01920294337898376
0.6296296296296295,0.6481481481481481,0.0346246070356245
0.6666666666666665,0.6481481481481481,0.03520889307570553
0.7037037037037037,0.6481481481481481,0.025295168436777732
0.7407407407407407,0.6481481481481481,0.02685696139939603
0.7777777777777777,0.6481481481481481,0.030545193613762588
0.8148148148148147,0.6481481481481481,0.03199899559958777
0.8518518518518516,0.6481481481481481,0.026782216092288733
0.8888888888888888,0.6481481481481481,0.005737037569184806
0.9259259259259258,0.6481481481481481,0.00920392773683214
0.9629629629629628,0.6481481481481481,0.03219380480743694
1.0,0.6481481481481481,-0.012246012853838837
-1.0,0.674074074074074,-0.001446608266705783
-0.962962962962963,0.674074074074074,0.02333771395234175
-0.9259259259259259,0.674074074074074,0.009706357686104922
-0.8888888888888888,0.674074074074074,0.003003129418517463
-0.8518518518518519,0.674074074074074,0.005836930795234718
-0.8148148148148149,0.674074074074074,-0.020899889583601887
-0.7777777777777778,0.674074074074074,-0.035962290276633085
-0.7407407407407407,0.674074074074074,0.009896071205868629
-0.7037037037037037,0.674074074074074,-0.008949718794023592
-0.6666666666666667,0.674074074074074,-0.0224188400213107
-0.6296296296296297,0.674074074074074,-0.019047007610365322
-0.5925925925925926,0.674074074074074,0.002546431930964125
-0.5555555555555556,0.674074074074074,0.002568566265835146
-0.5185185185185186,0.674074074074074,-0.004820767955659085
-0.4814814814814815,0.674074074074074,0.021427145017325944
-0.4444444444444444,0.674074074074074,0.02241183730020595
-0.40740740740740744,0.674074074074074,0.031955036583911
-0.37037037037037046,0.674074074074074,0.026075137012567945
-0.33333333333333337,0.674074074074074,0.026858592409357243
-0.2962962962962963,0.674074074074074,0.03960620825401337
-0.2592592592592593,0.674074074074074,0.0034108335603743115
-0.22222222222222232,0.674074074074074,0.016167700370075748
-0.18518518518518523,0.674074074074074,0.03352924045809123
-0.14814814814814814,0.674074074074074,0.018321350708329836
-0.11111111111111116,0.674074074074074,0.0329548862434971
-0.07407407407407418,0.674074074074074,0.033981440150534066
-0.03703703703703709,0.674074074074074,0.043656198185382605
0.0,0.674074074074074,0.023863007612808643
0.03703703703703698,0.674074074074074,0.039718779176315215
0.07407407407407396,0.674074074074074,0.05234954449693932
0.11111111111111116,0.674074074074074,0.031194445726927776
0.14814814814814814,0.674074074074074,0.04829667940828634
0.18518518518518512,0.674074074074074,0.03376422723230671
0.2222222222222221,0.674074074074074,0.06953832951235295
0.2592592592592591,0.674074074074074,0.047030745986240734
0.2962962962962963,0.674074074074074,0.07263095054092322
0.33333333333333326,0.674074074074074,0.04627375370975301
0.37037037037037024,0.674074074074074,0.058785880710979815
0.40740740740740744,0.674074074074074,0.040805704305566695
0.4444444444444444,0.674074074074074,0.04158875357067121
0.4814814814814814,0.674074074074074,0.013728137292460876
0.5185185185185184,0.674074074074074,0.06146580218179232
0.5555555555555554,0.674074074074074,0.04116746884711491
0.5925925925925926,0.674074074074074,0.022165264322487572
0.6296296296296295,0.674074074074074,0.004876251239177065
0.6666666666666665,0.674074074074074,0.015764513038746195
0.7037037037037037,0.674074074074074,0.029238531842219324
0.7407407407407407,0.674074074074074,0.014558259066025493
0.7777777777777777,0.674074074074074,-0.0172495006099196
0.8148148148148147,0.674074074074074,0.010234313405809256
0.8518518518518516,0.674074074074074,0.011301135597106514
0.8888888888888888,0.674074074074074,0.023892719625234704
0.9259259259259258,0.674074074074074,0.014869322930639188
0.9629629629629628,0.674074074074074,0.010278090082217905
1.0,0.674074074074074,0.015674144758119835
-1.0,0.7,-0.0045998516235209695
-0.962962962962963,0.7,0.013616192933804613
-0.9259259259259259,0.7,0.011574552704782363
-0.8888888888888888,0.7,-0.03201383250660993
-0.8518518518518519,0.7,-0.011595603934414887
-0.8148148148148149,0.7,0.025665258432113508
-0.7777777777777778,0.7,-0.012081720275770376
-0.7407407407407407,0.7,-0.01740163133392788
-0.7037037037037037,0.7,0.006398636752331681
-0.6666666666666667,0.7,0.0009324552406534649
-0.6296296296296297,0.7,-0.008433034350777587
-0.5925925925925926,0.7,0.03258937910347831
-0.5555555555555556,0.7,-0.017517579151296425
-0.5185185185185186,0.7,-0.002429775946399049
-0.4814814814814815,0.7,0.016028550355218957
-0.4444444444444444,0.7,0.008922643722555308
-0.40740740740740744,0.7,0.008084835004024103
-0.37037037037037046,0.7,0.019266519541864577
-0.33333333333333337,0.7,0.0048351721100638205
-0.2962962962962963,0.7,0.026805115633517257
-0.2592592592592593,0.7,0.010827789468206273
-0.22222222222222232,0.7,0.021820253934751913
-0.18518518518518523,0.7,0.036182874248512825
-0.14814814814814814,0.7,0.01589315760679443
-0.11111111111111116,0.7,0.04581357381125176
-0.07407407407407418,0.7,0.03457935789748695
-0.03703703703703709,0.7,0.050044869734253414
0.0,0.7,0.025140337069913143
0.03703703703703698,0.7,0.029652736517935655
0.07407407407407396,0.7,0.008703099537196706
0.11111111111111116,0.7,0.03562331990305331
0.14814814814814814,0.7,0.03725297614671867
0.18518518518518512,0.7,0.03375580491045495
0.2222222222222221,0.7,0.04216080981712764
0.2592592592592591,0.7,0.062419999253501224
0.2962962962962963,0.7,0.05044062212476404
0.33333333333333326,0.7,0.041986034605918245
0.37037037037037024,0.7,0.02767909011861857
0.40740740740740744,0.7,0.007742179542363253
0.4444444444444444,0.7,0.05783106007405468
0.4814814814814814,0.7,-0.01686096557047178
0.5185185185185184,0.7,0.04339738372886329
0.5555555555555554,0.7,0.04699121880669043
0.5925925925925926,0.7,0.008699837247620953
0.6296296296296295,0.7,0.009172986334106906
0.6666666666666665,0.7,0.004300225481814725
0.7037037037037037,0.7,-0.0031679725310962033
0.7407407407407407,0.7,0.019877576555533044
0.7777777777777777,0.7,0.013217001431397176
0.8148148148148147,0.7,0.012594112483667633
0.8518518518518516,0.7,0.013139219363596279
0.8888888888888888,0.7,0.01365984046672267
0.9259259259259258,0.7,0.012757709008296383
0.9629629629629628,0.7,0.017863600366511988
1.0,0.7,0.0015225753034934526
